address,chain,token,designation,attribution,source_note,first_recorded
0x0931ca4d13bb4ba75d9b7132ab690265d749a5e7,ethereum,USDC,sanctions_listed,Sanctioned - OFAC,Sanctioned - OFAC,2024-09-27
0x1999ef52700c34de7ec2b68a28aafb37db0c5ade,ethereum,USDC,sanctions_listed,Sanctioned - OFAC,Sanctioned - OFAC,2024-12-05
0x1b8579cf6ab12ea6b74ac5fa41f3829a3cb61e6e,ethereum,USDC,sanctions_listed,Sanctioned - OFAC,Sanctioned - OFAC,2026-08-24
0x1cab8177ace78b1b6b1c393371f4f2dcae40cbeb,ethereum,USDC,sanctions_listed,Sanctioned - OFAC,Sanctioned - OFAC,2026-08-24
0x252a8bd2319d8a555b872990601221b3a2053bce,ethereum,USDC,sanctions_listed,Sanctioned - OFAC,Sanctioned - OFAC,2026-08-24
0x4060cbf80734193f521a3cc6fd4e985df2825279,ethereum,USDC,sanctions_listed,Sanctioned - OFAC,Sanctioned - OFAC,2026-08-24
0x4f47bc496083c727c5fbe3ce9cdf2b0f6496270c,ethereum,USDC,sanctions_listed,Sanctioned - OFAC,Sanctioned - OFAC,2026-03-12
0x532b77b33a040587e9fd1800088225f99b8b0e8a,ethereum,USDC,sanctions_listed,Sanctioned - OFAC,Sanctioned - OFAC,2025-09-16
0x56de1527136f76a809e5b14ded6103eecd072ba7,ethereum,USDC,sanctions_listed,Sanctioned - OFAC,Sanctioned - OFAC,2026-08-24
0x6b0736fed0634e15e19cc57fba19cd179c13abca,ethereum,USDC,sanctions_listed,Sanctioned - OFAC,Sanctioned - OFAC,2026-08-24
0x6fac4d18c912343bf86fa7049364dd4e424ab9c0,ethereum,USDC,sanctions_listed,Sanctioned - OFAC,Sanctioned - OFAC,2026-08-24
0x7f03679b56d8772530efa516b58bb83d4829e881,ethereum,USDC,sanctions_listed,Sanctioned - OFAC,Sanctioned - OFAC,2026-08-24
0x8694ed130432be2cd3efff2e4d9dc52351dc7423,ethereum,USDC,sanctions_listed,Sanctioned - OFAC,Sanctioned - OFAC,2026-08-24
0x8ac5381fcd9e7395d14e02986c344aada84b4bc6,ethereum,USDC,sanctions_listed,Sanctioned - OFAC,Sanctioned - OFAC,2026-08-24
0x9697749a9e8d6c119d8eeb0d6268a1b99c40684c,ethereum,USDC,sanctions_listed,Sanctioned - OFAC,Sanctioned - OFAC,2026-09-09
0x9dd7fa4b4950154f7e75bdd8a77266b99b94ec08,ethereum,USDC,sanctions_listed,Sanctioned - OFAC,Sanctioned - OFAC,2026-08-24
0xa40cfbfc8534ffc84e20a7d8bbc3729b26a35f6f,ethereum,USDC,sanctions_listed,Sanctioned - OFAC,Sanctioned - OFAC,2026-08-24
0xb5a69da691670f62510793f79a9b36c7db1a7b7c,ethereum,USDC,sanctions_listed,Sanctioned - OFAC,Sanctioned - OFAC,2026-09-09
0xbd3276f265b83b5e828c05f46cde9d10a1521a24,ethereum,USDC,sanctions_listed,Sanctioned - OFAC,Sanctioned - OFAC,2026-08-24
0xd81414abc631c6cadae1c6198b0c2b15a9b4fde5,ethereum,USDC,sanctions_listed,Sanctioned - OFAC,Sanctioned - OFAC,2026-08-24
0xdb2720ebad55399117ddb4c4a4afd9a4ccada8fe,ethereum,USDC,sanctions_listed,Sanctioned - OFAC,Sanctioned - OFAC,2025-09-16
0xe3d35f68383732649669aa990832e017340dbca5,ethereum,USDC,sanctions_listed,Sanctioned - OFAC,Sanctioned - OFAC,2025-09-16
0xeb507efa9ee692a4c774ad1de9f3cb26fc459da3,ethereum,USDC,sanctions_listed,Sanctioned - OFAC,Sanctioned - OFAC,2026-08-24
0xef85a6fafa5942a964dc618e94e230881d29ce2a,ethereum,USDC,sanctions_listed,Sanctioned - OFAC,Sanctioned - OFAC,2026-08-24
0xf1c4c44d2dcbcfa704349e3b57628dbd8404e597,ethereum,USDC,sanctions_listed,Sanctioned - OFAC,Sanctioned - OFAC,2026-08-24
0xf3701f445b6bdafedbca97d1e477357839e4120d,ethereum,USDC,sanctions_listed,Sanctioned - OFAC,Sanctioned - OFAC,2024-02-21
0xf45ecc3a59c7911181c659ce9115854c6175be91,ethereum,USDC,sanctions_listed,Sanctioned - OFAC,Sanctioned - OFAC,2026-08-24
0x0330070fd38ec3bb94f58fa55d40368271e9e54a,ethereum,USDT,sanctions_listed,Sanctioned - OFAC,Sanctioned - OFAC,2026-03-12
0x038989cbb1710c72b9920dc4fa529158f463e72c,ethereum,USDT,sanctions_listed,Sanctioned - OFAC,Sanctioned - OFAC,2026-05-20
0x04dba1194ee10112fe6c3207c0687def0e78bacf,ethereum,USDT,sanctions_listed,Sanctioned - OFAC,Sanctioned - OFAC,2023-12-09
0x08723392ed15743cc38513c4925f5e6be5c17243,ethereum,USDT,sanctions_listed,Sanctioned - OFAC,Sanctioned - OFAC,2023-12-09
0x08b2efdcdb8822efe5ad0eae55517cf5dc544251,ethereum,USDT,sanctions_listed,Sanctioned - OFAC,Sanctioned - OFAC,2023-12-09
0x098b716b8aaf21512996dc57eb0615e2383e2f96,ethereum,USDT,sanctions_listed,Sanctioned - OFAC,Sanctioned - OFAC,2023-12-09
0x0ee5067b06776a89ccc7dc8ee369984ad7db5e06,ethereum,USDT,sanctions_listed,Sanctioned - OFAC,Sanctioned - OFAC,2023-12-09
0x12de548f79a50d2bd05481c8515c1ef5183666a9,ethereum,USDT,sanctions_listed,Sanctioned - OFAC,Sanctioned - OFAC,2025-08-14
0x14779cec0b117d5194c750c55ea1f42086631964,ethereum,USDT,sanctions_listed,Sanctioned - OFAC,Sanctioned - OFAC,2026-05-20
0x1967d8af5bd86a497fb3dd7899a020e47560daaf,ethereum,USDT,sanctions_listed,Sanctioned - OFAC,Sanctioned - OFAC,2023-12-09
0x19aa5fe80d33a56d56c78e82ea5e50e5d80b4dff,ethereum,USDT,sanctions_listed,Sanctioned - OFAC,Sanctioned - OFAC,2023-12-09
0x19f8f2b0915daa12a3f5c9cf01df9e24d53794f7,ethereum,USDT,sanctions_listed,Sanctioned - OFAC,Sanctioned - OFAC,2024-05-02
0x1d19b52b54e7ef5ea1a4b40b616165e798eac9f8,ethereum,USDT,sanctions_listed,Sanctioned - OFAC,Sanctioned - OFAC,2026-07-13
0x1da5821544e25c636c1417ba96ade4cf6d2f9b5a,ethereum,USDT,sanctions_listed,Sanctioned - OFAC,Sanctioned - OFAC,2023-12-09
0x2711d73d559f62f4f855ee21f38378f528e07985,ethereum,USDT,sanctions_listed,Sanctioned - OFAC,Sanctioned - OFAC,2026-07-13
0x2c7dcd774b33e10367f7d6385479e04f97d179dc,ethereum,USDT,sanctions_listed,Sanctioned - OFAC,Sanctioned - OFAC,2026-07-13
0x2f389ce8bd8ff92de3402ffce4691d17fc4f6535,ethereum,USDT,sanctions_listed,Sanctioned - OFAC,Sanctioned - OFAC,2023-12-09
0x308ed4b7b49797e1a98d3818bff6fe5385410370,ethereum,USDT,sanctions_listed,Sanctioned - OFAC,Sanctioned - OFAC,2023-12-09
0x32da24ca413f3e7b53145d4737e172c3bdf81e3e,ethereum,USDT,sanctions_listed,Sanctioned - OFAC,Sanctioned - OFAC,2026-05-20
0x35fb6f6db4fb05e6a4ce86f2c93691425626d4b1,ethereum,USDT,sanctions_listed,Sanctioned - OFAC,Sanctioned - OFAC,2023-12-09
0x38735f03b30fbc022ddd06abed01f0ca823c6a94,ethereum,USDT,sanctions_listed,Sanctioned - OFAC,Sanctioned - OFAC,2023-12-09
0x39d908dac893cbcb53cc86e0ecc369aa4def1a29,ethereum,USDT,sanctions_listed,Sanctioned - OFAC,Sanctioned - OFAC,2023-12-09
0x3ad9db589d201a710ed237c829c7860ba86510fc,ethereum,USDT,sanctions_listed,Sanctioned - OFAC,Sanctioned - OFAC,2023-12-09
0x3cbded43efdaf0fc77b9c55f6fc9988fcc9b757d,ethereum,USDT,sanctions_listed,Sanctioned - OFAC,Sanctioned - OFAC,2023-12-09
0x3cffd56b47b7b41c56258d9c7731abadc360e073,ethereum,USDT,sanctions_listed,Sanctioned - OFAC,Sanctioned - OFAC,2023-12-09
0x3e37627deaa754090fbfbb8bd226c1ce66d255e9,ethereum,USDT,sanctions_listed,Sanctioned - OFAC,Sanctioned - OFAC,2023-12-09
0x43fa21d92141ba9db43052492e0deee5aa5f0a93,ethereum,USDT,sanctions_listed,Sanctioned - OFAC,Sanctioned - OFAC,2023-12-09
0x48549a34ae37b12f6a30566245176994e17c6b4a,ethereum,USDT,sanctions_listed,Sanctioned - OFAC,Sanctioned - OFAC,2023-12-09
0x4f428c11dc82388fa5136d636e613ad923eb700b,ethereum,USDT,sanctions_listed,Sanctioned - OFAC,Sanctioned - OFAC,2026-05-20
0x502371699497d08d5339c870851898d6d72521dd,ethereum,USDT,sanctions_listed,Sanctioned - OFAC,Sanctioned - OFAC,2023-12-09
0x530a64c0ce595026a4a556b703644228179e2d57,ethereum,USDT,sanctions_listed,Sanctioned - OFAC,Sanctioned - OFAC,2023-12-09
0x53b6936513e738f44fb50d2b9476730c0ab3bfc1,ethereum,USDT,sanctions_listed,Sanctioned - OFAC,Sanctioned - OFAC,2023-12-09
0x5512d943ed1f7c8a43f3435c85f7ab68b30121b0,ethereum,USDT,sanctions_listed,Sanctioned - OFAC,Sanctioned - OFAC,2023-12-09
0x57ec89a0c056163a0314e413320f9b3abe761259,ethereum,USDT,sanctions_listed,Sanctioned - OFAC,Sanctioned - OFAC,2025-08-14
0x5a14e72060c11313e38738009254a90968f58f51,ethereum,USDT,sanctions_listed,Sanctioned - OFAC,Sanctioned - OFAC,2023-12-09
0x5a7a51bfb49f190e5a6060a5bc6052ac14a3b59f,ethereum,USDT,sanctions_listed,Sanctioned - OFAC,Sanctioned - OFAC,2023-12-09
0x5d5b5dafecbf31bdb08bfd3edad4f2694372d0ef,ethereum,USDT,sanctions_listed,Sanctioned - OFAC,Sanctioned - OFAC,2025-11-19
0x5f48c2a71b2cc96e3f0ccae4e39318ff0dc375b2,ethereum,USDT,sanctions_listed,Sanctioned - OFAC,Sanctioned - OFAC,2023-12-09
0x67d40ee1a85bf4a4bb7ffae16de985e8427b6b45,ethereum,USDT,sanctions_listed,Sanctioned - OFAC,Sanctioned - OFAC,2023-12-09
0x6b69e2a7545c166417a80c61a77562052bffa9c5,ethereum,USDT,sanctions_listed,Sanctioned - OFAC,Sanctioned - OFAC,2026-08-07
0x6be0ae71e6c41f2f9d0d1a3b8d0f75e6f6a0b46e,ethereum,USDT,sanctions_listed,Sanctioned - OFAC,Sanctioned - OFAC,2023-12-09
0x6f1ca141a28907f78ebaa64fb83a9088b02a8352,ethereum,USDT,sanctions_listed,Sanctioned - OFAC,Sanctioned - OFAC,2023-12-09
0x72a5843cc08275c8171e582972aa4fda8c397b2a,ethereum,USDT,sanctions_listed,Sanctioned - OFAC,Sanctioned - OFAC,2023-12-09
0x747afb5c7a7fc34b547cd0fdebf9b91759c5a52b,ethereum,USDT,sanctions_listed,Sanctioned - OFAC,Sanctioned - OFAC,2026-03-12
0x76ea76ca4eb727f18956ab93445a94c5280412b9,ethereum,USDT,sanctions_listed,Sanctioned - OFAC,Sanctioned - OFAC,2026-03-12
0x797d7ae72ebddcdea2a346c1834e04d1f8df102b,ethereum,USDT,sanctions_listed,Sanctioned - OFAC,Sanctioned - OFAC,2023-12-09
0x7ced75026204ac29c34bea98905d4c949f27361e,ethereum,USDT,sanctions_listed,Sanctioned - OFAC,Sanctioned - OFAC,2025-08-14
0x7db418b5d567a4e0e8c59ad71be1fce48f3e6107,ethereum,USDT,sanctions_listed,Sanctioned - OFAC,Sanctioned - OFAC,2023-12-09
0x7eab248c014d1043e54e96ac4f31ec7d9a97ffd3,ethereum,USDT,sanctions_listed,Sanctioned - NBCTF,Sanctioned - NBCTF,2026-05-06
0x7f19720a857f834887fc9a7bc0a0fbe7fc7f8102,ethereum,USDT,sanctions_listed,Sanctioned - OFAC,Sanctioned - OFAC,2023-12-09
0x7f367cc41522ce07553e823bf3be79a889debe1b,ethereum,USDT,sanctions_listed,Sanctioned - OFAC,Sanctioned - OFAC,2023-12-09
0x7ff9cfad3877f21d41da833e2f775db0569ee3d9,ethereum,USDT,sanctions_listed,Sanctioned - OFAC,Sanctioned - OFAC,2023-12-09
0x83e5bc4ffa856bb84bb88581f5dd62a433a25e0d,ethereum,USDT,sanctions_listed,Sanctioned - OFAC,Sanctioned - OFAC,2023-12-09
0x8576acc5c05d6ce88f4e49bf65bdf0c62f91353c,ethereum,USDT,sanctions_listed,Sanctioned - OFAC,Sanctioned - OFAC,2023-12-09
0x8d79c73daae8630c88de372ba8f57592fa987607,ethereum,USDT,sanctions_listed,Sanctioned - OFAC,Sanctioned - OFAC,2026-08-07
0x8dce2aac0de82bdcaf6b4373b79f94331b8e4995,ethereum,USDT,sanctions_listed,Sanctioned - OFAC,Sanctioned - OFAC,2025-08-14
0x901bb9583b24d97e995513c6778dc6888ab6870e,ethereum,USDT,sanctions_listed,Sanctioned - OFAC,Sanctioned - OFAC,2023-12-09
0x931546d9e66836abf687d2bc64b30407bac8c568,ethereum,USDT,sanctions_listed,Sanctioned - OFAC,Sanctioned - OFAC,2023-12-09
0x95584c303fcd48af5c6b9873015f2ad0ca84eae3,ethereum,USDT,sanctions_listed,Sanctioned - OFAC,Sanctioned - OFAC,2026-03-12
0x961c5be54a2ffc17cf4cb021d863c42dacd47fc1,ethereum,USDT,sanctions_listed,Sanctioned - OFAC,Sanctioned - OFAC,2023-12-09
0x97b1043abd9e6fc31681635166d430a458d14f9c,ethereum,USDT,sanctions_listed,Sanctioned - OFAC,Sanctioned - OFAC,2023-12-09
0x983a81ca6fb1e441266d2fbcb7d8e530ac2e05a2,ethereum,USDT,sanctions_listed,Sanctioned - OFAC,Sanctioned - OFAC,2023-12-09
0x9be599d7867f5e1a2d7ec6db9710df2b98a15573,ethereum,USDT,sanctions_listed,Sanctioned - OFAC,Sanctioned - OFAC,2026-03-12
0x9c2bc757b66f24d60f016b6237f8cdd414a879fa,ethereum,USDT,sanctions_listed,Sanctioned - OFAC,Sanctioned - OFAC,2023-12-09
0x9f4cda013e354b8fc285bf4b9a60460cee7f7ea9,ethereum,USDT,sanctions_listed,Sanctioned - OFAC,Sanctioned - OFAC,2023-12-09
0xa0e1c89ef1a489c9c7de96311ed5ce5d32c20e4b,ethereum,USDT,sanctions_listed,Sanctioned - OFAC,Sanctioned - OFAC,2023-12-09
0xa7e5d5a720f06526557c513402f2e6b5fa20b008,ethereum,USDT,sanctions_listed,Sanctioned - OFAC,Sanctioned - OFAC,2023-12-09
0xac4cc4b68ea24bbfaac8fd127b67ed445accce22,ethereum,USDT,sanctions_listed,Sanctioned - OFAC,Sanctioned - OFAC,2026-05-20
0xb338962b92cd818d6aef0a32a9ecd01212a71f33,ethereum,USDT,sanctions_listed,Sanctioned - OFAC,Sanctioned - OFAC,2025-08-14
0xb637f84b66876ebf609c2a4208905f9ddac9d075,ethereum,USDT,sanctions_listed,Sanctioned - OFAC,Sanctioned - OFAC,2026-03-12
0xb6f5ec1a0a9cd1526536d3f0426c429529471f40,ethereum,USDT,sanctions_listed,Sanctioned - OFAC,Sanctioned - OFAC,2023-12-09
0xbb69e01921b17cd22080968bcc96ba6115da6062,ethereum,USDT,sanctions_listed,Sanctioned - OFAC,Sanctioned - OFAC,2026-08-07
0xc077bbfcf9b5b9eec0dd105e15b65ebc2a030600,ethereum,USDT,sanctions_listed,Sanctioned - NBCTF,Sanctioned - NBCTF,2026-05-06
0xc0d227bd0580bad9435ca0b884ebee7ff8da71c9,ethereum,USDT,sanctions_listed,Sanctioned - NBCTF,Sanctioned - NBCTF,2026-05-06
0xc103b7dc095c904b92081eef0c1640081ec01c10,ethereum,USDT,sanctions_listed,Sanctioned - OFAC,Sanctioned - OFAC,2025-11-19
0xc2a3829f459b3edd87791c74cd45402ba0a20be3,ethereum,USDT,sanctions_listed,Sanctioned - OFAC,Sanctioned - OFAC,2023-12-09
0xc3b194e0a4bfff0e986594d7768f58746e52eb53,ethereum,USDT,sanctions_listed,Sanctioned - NBCTF,Sanctioned - NBCTF,2026-05-06
0xc455f7fd3e0e12afd51fba5c106909934d8a0e4a,ethereum,USDT,sanctions_listed,Sanctioned - OFAC,Sanctioned - OFAC,2023-12-09
0xc8fe1c81e927540fcc99ebb3c880a840082293da,ethereum,USDT,sanctions_listed,Sanctioned - NBCTF,Sanctioned - NBCTF,2026-05-06
0xcb74874f1e06fcf80a306e06e5379a44b488ba2d,ethereum,USDT,sanctions_listed,Sanctioned - OFAC,Sanctioned - OFAC,2026-03-12
0xd04e33461fea8302c5e1e13895b60cee8aefda7f,ethereum,USDT,sanctions_listed,Sanctioned - OFAC,Sanctioned - OFAC,2026-03-12
0xd0975b32cea532eadddfc9c60481976e39db3472,ethereum,USDT,sanctions_listed,Sanctioned - OFAC,Sanctioned - OFAC,2023-12-09
0xd5ed34b52ac4ab84d8fa8a231a3218bbf01ed510,ethereum,USDT,sanctions_listed,Sanctioned - OFAC,Sanctioned - OFAC,2025-05-29
0xd8500c631dc32fa18645b7436344a99e4825e10e,ethereum,USDT,sanctions_listed,Sanctioned - OFAC,Sanctioned - OFAC,2025-08-14
0xd882cfc20f52f2599d84b8e8d58c7fb62cfe344b,ethereum,USDT,sanctions_listed,Sanctioned - OFAC,Sanctioned - OFAC,2023-12-09
0xdcbeffbecce100cce9e4b153c4e15cb885643193,ethereum,USDT,sanctions_listed,Sanctioned - OFAC,Sanctioned - OFAC,2023-12-09
0xe05f529f5284d75624eba386cb716928c3b54a2a,ethereum,USDT,sanctions_listed,Sanctioned - OFAC,Sanctioned - OFAC,2026-08-07
0xe1d865c3d669dcc8c57c8d023140cb204e672ee4,ethereum,USDT,sanctions_listed,Sanctioned - OFAC,Sanctioned - OFAC,2024-05-29
0xe1e4c5e5ed8f03ae61b581e2def126025f2b9401,ethereum,USDT,sanctions_listed,Sanctioned - OFAC,Sanctioned - OFAC,2025-11-19
0xe3740c1b2fcda407027e2c80906306604e5260e7,ethereum,USDT,sanctions_listed,Sanctioned - NBCTF,Sanctioned - NBCTF,2025-06-30
0xe7aa314c77f4233c18c6cc84384a9247c0cf367b,ethereum,USDT,sanctions_listed,Sanctioned - OFAC,Sanctioned - OFAC,2023-12-09
0xed6e0a7e4ac94d976eebfb82ccf777a3c6bad921,ethereum,USDT,sanctions_listed,Sanctioned - OFAC,Sanctioned - OFAC,2023-12-09
0xefe301d259f525ca1ba74a7977b80d5b060b3cca,ethereum,USDT,sanctions_listed,Sanctioned - OFAC,Sanctioned - OFAC,2023-12-09
0xf2235d55b2950a0b1317469d72d07ae65b2e27cb,ethereum,USDT,sanctions_listed,Sanctioned - OFAC,Sanctioned - OFAC,2026-05-20
0xf4377eda661e04b6dda78969796ed31658d602d4,ethereum,USDT,sanctions_listed,Sanctioned - OFAC,Sanctioned - OFAC,2025-08-14
0xf7b31119c2682c88d88d455dbb9d5932c65cf1be,ethereum,USDT,sanctions_listed,Sanctioned - OFAC,Sanctioned - OFAC,2023-12-09
0xfac583c0cf07ea434052c49115a4682172ab6b4f,ethereum,USDT,sanctions_listed,Sanctioned - OFAC,Sanctioned - OFAC,2023-12-09
0xfb3eff152ea55d1bfa04dbdd509a80fd7b72cdeb,ethereum,USDT,sanctions_listed,Sanctioned - OFAC,Sanctioned - OFAC,2026-03-12
0xfda1ec4a6178d4916b001a065422d31ebe5f62ff,ethereum,USDT,sanctions_listed,Sanctioned - OFAC,Sanctioned - OFAC,2026-03-12
0xfec8a60023265364d066a1212fde3930f6ae8da7,ethereum,USDT,sanctions_listed,Sanctioned - OFAC,Sanctioned - OFAC,2023-12-09
0x0078ef2d7baf87bf6c4ca49b19efd1e05f57ac30,ethereum,USDC,issuer_freeze,,,2025-02-24
0x00be5e0c85be35948d97ad37f62d108243f89ae0,ethereum,USDC,issuer_freeze,,,2025-11-04
0x00bf03f87539214307207c61b7f729ddc22977b8,ethereum,USDC,issuer_freeze,,,2025-11-04
0x00d7e7409bfe09a736d3e993de9b87d0baa314d5,ethereum,USDC,issuer_freeze,,,2024-05-11
0x00e0c79525c9f846ee27f8ecf3dcfebb3a335dc7,ethereum,USDC,issuer_freeze,,,2026-07-01
0x01ab57e94386817f1d3d3549c2e3ad5d2622de2b,ethereum,USDC,issuer_freeze,,,2026-07-01
0x027f1571aca57354223276722dc7b572a5b05cd8,ethereum,USDC,issuer_freeze,,,2023-07-07
0x02c7861d81d95827a0453ce0de50794102dc6365,ethereum,USDC,issuer_freeze,,,2025-03-27
0x03e1dfd01a7b29858b894842028fbeb9e7ebd45d,ethereum,USDC,issuer_freeze,,,2025-10-24
0x04c3944f8fecc630e82910d5c4a2d00a795fa596,ethereum,USDC,issuer_freeze,,,2026-09-09
0x0529ebc9ff01a4d390f91687d7c7406bf0dab24e,ethereum,USDC,issuer_freeze,,,2026-01-30
0x062907a2dc226af2b1155b61a2d82cdb2b8ef86e,ethereum,USDC,issuer_freeze,,,2025-09-20
0x0655b7211f302b42a7bfa16a6c45284ab82fd85b,ethereum,USDC,issuer_freeze,,,2025-08-14
0x06caa9a5fd7e3dc3b3157973455cbe9b9c2b14d2,ethereum,USDC,issuer_freeze,,,2022-07-12
0x06e1bfeb241c85c6fb015ccee4d6cc88b42d8650,ethereum,USDC,issuer_freeze,,,2026-08-24
0x072cc4898cabe51a937f2bf4265c69c4203c0d8c,ethereum,USDC,issuer_freeze,,,2025-04-24
0x073fb97a1b7da715a5ccd00a257c7e1cbae6e309,ethereum,USDC,issuer_freeze,,,2026-04-11
0x07d28de0bbd45f2ef8f89621f9f504ed72f34d92,ethereum,USDC,issuer_freeze,,,2026-07-01
0x088aaa322d955816d8a00b3ad58139543556cb61,ethereum,USDC,issuer_freeze,,,2023-05-01
0x08a05b6634012ac46646bb1f04a7f52ed8bfe762,ethereum,USDC,issuer_freeze,,,2026-09-09
0x091a964948da0f8f638c8b688e391e5a3df1a43e,ethereum,USDC,issuer_freeze,,,2025-11-19
0x099f6083cf8bd3af686ffb7153589e0b11b70a8a,ethereum,USDC,issuer_freeze,,,2026-03-17
0x0a232683648f83e48af7c5b91ca6c580cd060c79,ethereum,USDC,issuer_freeze,,,2026-04-11
0x0a9f2460bd9357ebc0e24654b83d43d701560500,ethereum,USDC,issuer_freeze,,,2026-07-01
0x0abf039dff7ff57d7a290362b64ffcd82009e8a9,ethereum,USDC,issuer_freeze,,,2024-05-25
0x0b1da2038535de65831e81f6fdc40f40b222e2b1,ethereum,USDC,issuer_freeze,,,2026-07-01
0x0b7dd7d52fbb0f862ff81498f423f34904178088,ethereum,USDC,issuer_freeze,,,2024-10-08
0x0b844cb8f826a9fb44918be44b1abe01c3ddc16b,ethereum,USDC,issuer_freeze,,,2026-04-11
0x0be213a5cfd544feacbd4b9831e46d01c24f889a,ethereum,USDC,issuer_freeze,,,2025-11-22
0x0d1891dd69efe614918e989b5ebd68d6e5f18ff5,ethereum,USDC,issuer_freeze,,,2025-11-04
0x0e6b8e34dc115a2848f585851af23d99d09b8463,ethereum,USDC,issuer_freeze,,,2024-05-29
0x0ede564e315f8e1803161a22e8404c624c35b1fb,ethereum,USDC,issuer_freeze,,,2026-09-09
0x0ede87dc2bf535ebc2682340dfc33cc50363bc2b,ethereum,USDC,issuer_freeze,,,2026-07-01
0x0f6ae73e9ced1a3fb5ff30a8ff702687a731769b,ethereum,USDC,issuer_freeze,,,2026-09-09
0x10df38a923a660965d098f24a618b0d1b5d99cba,ethereum,USDC,issuer_freeze,,,2025-11-04
0x10e9f6063cecd1d1d475e943e1952abedd58f275,ethereum,USDC,issuer_freeze,,,2026-04-11
0x110cb5c5089fc35ba0deb718a291dd64f6d1bec8,ethereum,USDC,issuer_freeze,,,2026-06-22
0x114074ff655d0643a4ff70411ffca618cb7edca1,ethereum,USDC,issuer_freeze,,,2025-11-04
0x117bb0cfee7ce8f842967537fbcd92fc504d68ab,ethereum,USDC,issuer_freeze,,,2025-11-04
0x11fe0fd1a9fb17746eb9877a396ddf1b3a632838,ethereum,USDC,issuer_freeze,,,2025-11-19
0x12c353bb5dad2083d93b11b2deba72c01200d63e,ethereum,USDC,issuer_freeze,,,2026-04-03
0x12ed7f6ed0491678764c2b222a58452926e44db6,ethereum,USDC,issuer_freeze,,,2024-09-14
0x12f59283c23ff1b2ad7a8730b6cf41df25435570,ethereum,USDC,issuer_freeze,,,2026-07-01
0x13b44e416e0f66359502e843af2e1191f1260daf,ethereum,USDC,issuer_freeze,,,2026-05-15
0x15a68a9ffa2a94bdad8468d93af4db24251af772,ethereum,USDC,issuer_freeze,,,2025-11-04
0x15f9c7149dae4d04e66e031f4cab8cb358a86909,ethereum,USDC,issuer_freeze,,,2026-05-01
0x16f068ea913a912c62114a873b678b1aa9236585,ethereum,USDC,issuer_freeze,,,2025-04-02
0x171f95410bc65dfc8549c287cd475dc8b82df192,ethereum,USDC,issuer_freeze,,,2025-11-04
0x17b65262f73d2a8668dededc6a40274c3e0ea058,ethereum,USDC,issuer_freeze,,,2025-08-14
0x17fff4f3364fa6dfa25cf37bebbff62bc47232f7,ethereum,USDC,issuer_freeze,,,2025-11-04
0x180242dc6b95c786c2d9c397532c679a956a1d12,ethereum,USDC,issuer_freeze,,,2026-01-30
0x186e6139cd55902faa3d70b4cd866e7237d2f6ed,ethereum,USDC,issuer_freeze,,,2026-07-10
0x18855af93d521cf39fa8a1342a06562661725420,ethereum,USDC,issuer_freeze,,,2026-07-01
0x18db649c1400f3dfbbf71b8b99419edcb12a0947,ethereum,USDC,issuer_freeze,,,2026-07-01
0x18e2fa20b3893de47066f5c39ed88397e05cf537,ethereum,USDC,issuer_freeze,,,2026-03-27
0x18f703184349667cdae85a07e7f2efac36052b89,ethereum,USDC,issuer_freeze,,,2025-08-14
0x1ac8d4e4d1418a66f5891de2519693c797a2683b,ethereum,USDC,issuer_freeze,,,2026-05-26
0x1b78a412cc1078fd5719a3379085647ca4ba0e5f,ethereum,USDC,issuer_freeze,,,2026-07-01
0x1ba3af670b221a8c89c7b822424e642348544094,ethereum,USDC,issuer_freeze,,,2025-02-08
0x1c165affe280c786303cce84f1eda9957de87779,ethereum,USDC,issuer_freeze,,,2026-07-01
0x1e6983848eca149f9fc68b0a1616a1c4f62945aa,ethereum,USDC,issuer_freeze,,,2026-07-01
0x1ea6c03601ba054441709a4a345addc05937fd9c,ethereum,USDC,issuer_freeze,,,2023-11-15
0x1f09cb39c7949f1a18fcea1a3c584f718ef81933,ethereum,USDC,issuer_freeze,,,2026-09-09
0x1f6aa4cd73fe9faf58727800b075d43caa106d46,ethereum,USDC,issuer_freeze,,,2026-07-01
0x1f954c350eed5c27569cde6dee83aebb007b346e,ethereum,USDC,issuer_freeze,,,2026-04-11
0x2020b536fd363c82fc3f6ab26aeea94b4ffa1404,ethereum,USDC,issuer_freeze,,,2025-11-19
0x203b0053ccb42ca09357dde941d251d888ec1044,ethereum,USDC,issuer_freeze,,,2026-07-01
0x2066f9c78e3fe8c3a76ab8e4056e22ccd280340e,ethereum,USDC,issuer_freeze,,,2025-11-21
0x2136ed3902c1d7217d9b19cf313bbb035ed9bfd7,ethereum,USDC,issuer_freeze,,,2026-01-30
0x2277d63319a5d529c0ffecf1d4d93343713d9802,ethereum,USDC,issuer_freeze,,,2026-07-01
0x2408302c960af24d6df5dee325b59ac59b2e55ce,ethereum,USDC,issuer_freeze,,,2026-06-22
0x240fd853e1509a975bd95348d49c923fb0b5d43c,ethereum,USDC,issuer_freeze,,,2025-09-24
0x2547ad3f4b0d37881101885addd1cedf753af9aa,ethereum,USDC,issuer_freeze,,,2025-11-04
0x2551ce7f5cc1e2c92247729adf1a858c92739f5d,ethereum,USDC,issuer_freeze,,,2026-04-23
0x25697a529646d0427e3341303564a9fc280168cf,ethereum,USDC,issuer_freeze,,,2025-08-14
0x25b903719548e94cb58907a0db4461ffd61deeb6,ethereum,USDC,issuer_freeze,,,2023-11-15
0x2606d9411d6a4cab5b9e0bbd3cdef05f3f35854e,ethereum,USDC,issuer_freeze,,,2026-07-01
0x26e0d078aac76c9ba2b348825b413744a82a2cfd,ethereum,USDC,issuer_freeze,,,2023-08-25
0x282ae5965fe400f3cb929182e0963f3794df01fc,ethereum,USDC,issuer_freeze,,,2024-12-05
0x283fcf7f260da7c3c9aad91beab58882990a66eb,ethereum,USDC,issuer_freeze,,,2026-03-12
0x28facff64babe25658bb4635af41aaa019f9deee,ethereum,USDC,issuer_freeze,,,2026-07-01
0x2907a4de925af9434bcf176957dcbfeac49afc46,ethereum,USDC,issuer_freeze,,,2026-07-01
0x290b6ebbdca04ee984fb8617e1b92deea23052e3,ethereum,USDC,issuer_freeze,,,2024-09-14
0x2a4c4406a0495116aa880c57486cb876658d8aa1,ethereum,USDC,issuer_freeze,,,2025-04-02
0x2a4ff8bc97d3faef20ca9aa3c8dac93450695434,ethereum,USDC,issuer_freeze,,,2025-10-14
0x2b872fc6d0614e39150d078db0e2ff56650f2b4b,ethereum,USDC,issuer_freeze,,,2025-04-02
0x2cbd0ba5b15bde90d5252d8ac1ed2aa121d2d62a,ethereum,USDC,issuer_freeze,,,2025-11-04
0x2d0d0dcf83adde53fcde96af5fbcd1367944a2d8,ethereum,USDC,issuer_freeze,,,2026-07-01
0x2d66370666d7b9315e6e7fdb47f41ad722279833,ethereum,USDC,issuer_freeze,,,2022-07-12
0x2dbdaed0c4344b884f69857cab554c8de83fa4c6,ethereum,USDC,issuer_freeze,,,2025-06-12
0x2e13ea767da12f504ceaaaebe5950488498dc2d2,ethereum,USDC,issuer_freeze,,,2023-10-04
0x2e2983271415c0aa7950277186f10c0676f5cac2,ethereum,USDC,issuer_freeze,,,2026-07-01
0x2eb686610c46545a118f5b8228cf1e46df242352,ethereum,USDC,issuer_freeze,,,2026-09-09
0x2ec48bde7ab622863824b1408d6bb68e188f9db2,ethereum,USDC,issuer_freeze,,,2026-04-11
0x2ec6c5fe3d7acd8e2e6185c17d9acb136e66f3e0,ethereum,USDC,issuer_freeze,,,2026-03-12
0x2f04f39923a77430eca036e14ce44dbd11175747,ethereum,USDC,issuer_freeze,,,2024-03-21
0x2fbe2388dca7d240ebc72617fb2dd5890fea4dd2,ethereum,USDC,issuer_freeze,,,2026-07-01
0x3301843d4d8c3314706a6526940bc2a38ed29475,ethereum,USDC,issuer_freeze,,,2025-08-14
0x34aa48e296273872649ef8d3782813fe9a77dc72,ethereum,USDC,issuer_freeze,,,2023-11-15
0x35da52d4c30534a9cf44161b34317afea62128d2,ethereum,USDC,issuer_freeze,,,2026-08-24
0x35ecfdb165bbc06d2cc19af466465c7ac9c3f7eb,ethereum,USDC,issuer_freeze,,,2026-07-01
0x364f80ca7898dc578399d2c28b1436a357841118,ethereum,USDC,issuer_freeze,,,2026-04-15
0x36f2d3871edd59d5c06db8f0b12be928d5922a70,ethereum,USDC,issuer_freeze,,,2024-09-14
0x375c16ddeb488944ab8f470fe89d29ce1c6575ac,ethereum,USDC,issuer_freeze,,,2026-06-10
0x37857e63456d07f110a845ee701058f68f85c1e1,ethereum,USDC,issuer_freeze,,,2025-02-28
0x37cefc817a4582773b26835910127ba24f284bb4,ethereum,USDC,issuer_freeze,,,2025-11-04
0x3a0245de38273e7852dce97de3bae18c0010013e,ethereum,USDC,issuer_freeze,,,2024-12-20
0x3ac79da68cc906240f4c62d7b2bfe64fb992e22c,ethereum,USDC,issuer_freeze,,,2023-11-15
0x3ceab17d3fb1ee10e8424ca2b649c54a0643ed88,ethereum,USDC,issuer_freeze,,,2023-11-15
0x3d7cfda9254a05d3eeae06ab2a7c46b8e950d744,ethereum,USDC,issuer_freeze,,,2023-08-25
0x3e0c892556da529a0c03a28f763964bdf25ca88c,ethereum,USDC,issuer_freeze,,,2025-11-04
0x3e140e2db21d0aec7fde9f0e134c02c5321f0cd3,ethereum,USDC,issuer_freeze,,,2026-07-09
0x3e14d41891a30ac7473556d7c3256a5ddf9ef1aa,ethereum,USDC,issuer_freeze,,,2024-05-02
0x3ec58d2b0bce77282f2e415ac6596dc3f626f436,ethereum,USDC,issuer_freeze,,,2026-07-01
0x3f77a61034da59ffa924c20ee68f868956bca3e6,ethereum,USDC,issuer_freeze,,,2025-12-02
0x3ffb0d9687327b3a2c6e701068dbfd09b46313f7,ethereum,USDC,issuer_freeze,,,2025-08-20
0x40813812bb5a22be798d7f4cf227a584f4f87bc9,ethereum,USDC,issuer_freeze,,,2025-11-04
0x408b130d722c730045b4305f369e6ff629b1c8fa,ethereum,USDC,issuer_freeze,,,2025-07-09
0x409c4a8ec8eebf4132e33122164d57c5b7039e59,ethereum,USDC,issuer_freeze,,,2024-04-04
0x412e673fb7cce4e031b9a02277b1aeb599f62bc1,ethereum,USDC,issuer_freeze,,,2025-11-04
0x418949a4a7da9e07192909722072dded8f670d58,ethereum,USDC,issuer_freeze,,,2025-08-14
0x42b756987dee8a21508c4e470bfefb5e36a5e4e4,ethereum,USDC,issuer_freeze,,,2023-02-25
0x44888f0a128a21872c38aa44bede1e31137ba85f,ethereum,USDC,issuer_freeze,,,2025-11-04
0x4576847b1cf999843ba6620815e65a9c5e8a4021,ethereum,USDC,issuer_freeze,,,2024-03-27
0x45afe4b7e98b6ef450e7b5f53bc1763f3be83e69,ethereum,USDC,issuer_freeze,,,2025-11-04
0x45fc0d462a6473905024a10f756feadf8e6c2d08,ethereum,USDC,issuer_freeze,,,2025-11-04
0x461270bd08dfa98edec980345fd56d578a2d8f49,ethereum,USDC,issuer_freeze,,,2021-12-04
0x46ccbcaf10b406a85a412ab713ad451caef9a950,ethereum,USDC,issuer_freeze,,,2025-11-04
0x4755da10f30da425a1b5f12166bec82600c48c79,ethereum,USDC,issuer_freeze,,,2025-04-02
0x47df0606a84a52763887d7aa280cc4f068326b16,ethereum,USDC,issuer_freeze,,,2026-03-12
0x489a8756c18c0b8b24ec2a2b9ff3d4d447f79bec,ethereum,USDC,issuer_freeze,,,2022-10-07
0x48e5cb660dd19aea9d1b87a2859570192d40af10,ethereum,USDC,issuer_freeze,,,2026-09-09
0x48e6f245d6c8accb3a0b47b750455ab78d1b113d,ethereum,USDC,issuer_freeze,,,2026-03-27
0x48ea81d8db01cc3f551be8ecc8627b5a803eb075,ethereum,USDC,issuer_freeze,,,2025-08-14
0x491e68c8464e39723c304aef5cea9543f37ee607,ethereum,USDC,issuer_freeze,,,2025-11-04
0x4b1d7ad9f0cbff66d194ba1e9f0da31635f23f0e,ethereum,USDC,issuer_freeze,,,2025-11-04
0x4bae1c4b2167fe4ebcd6d7baac1138d943a2609f,ethereum,USDC,issuer_freeze,,,2026-01-30
0x4c03d82270c117644a8001671c52111bdb15ee6d,ethereum,USDC,issuer_freeze,,,2026-09-09
0x4cafc3c640f7b06f51623a7225c3ca35c53be36a,ethereum,USDC,issuer_freeze,,,2024-10-05
0x4ea7eefc2dcb250c1f069ecaf1e2ae3488059ac2,ethereum,USDC,issuer_freeze,,,2024-03-27
0x4f7d86931540a497ecac58c4b5320eca93df26b6,ethereum,USDC,issuer_freeze,,,2026-07-23
0x4fa8b02fd04a8ed74b2c77d7efdfffbcc884e3f2,ethereum,USDC,issuer_freeze,,,2025-11-04
0x500aa554ed27a6c94fe0d5eb5df3482b528a5efe,ethereum,USDC,issuer_freeze,,,2025-10-14
0x500e9b90b1310b8dcf3f82e03344e0da79694857,ethereum,USDC,issuer_freeze,,,2024-09-13
0x5042cca9d00c44733ebaf550851b9a65cc98d58f,ethereum,USDC,issuer_freeze,,,2025-11-04
0x5051da1c714dbf1183ca015edcd82836d9dbb9af,ethereum,USDC,issuer_freeze,,,2026-07-24
0x5095cbfc0ff59e63745ea01f5a722f9d7564b4f6,ethereum,USDC,issuer_freeze,,,2023-11-15
0x5263b1aa550f70bd9753ec558c631eaadd2ae98c,ethereum,USDC,issuer_freeze,,,2025-11-04
0x545fd777d462df0acc99a188f2532a962e00df74,ethereum,USDC,issuer_freeze,,,2026-07-01
0x54b475ef92f861975945954bfa1080dda9cd346e,ethereum,USDC,issuer_freeze,,,2024-12-20
0x55011219931443eede49ee3efa42b2264226fe98,ethereum,USDC,issuer_freeze,,,2026-09-09
0x552acf535b735662959563d36d80405e7ae745ef,ethereum,USDC,issuer_freeze,,,2026-05-26
0x55ef531216bd8077fb1acb8e61be532214b33b76,ethereum,USDC,issuer_freeze,,,2025-11-04
0x591c430024fce05a9d657d1fa3eba15109e48600,ethereum,USDC,issuer_freeze,,,2026-09-09
0x596ac03ba123b802325bf62ceff98e5608ac48e9,ethereum,USDC,issuer_freeze,,,2025-11-04
0x59a16c427f3a3584ae9fab84f47a3a9518c04272,ethereum,USDC,issuer_freeze,,,2025-04-11
0x5a1ca8328b9da53c6c11c8745ea8da29a9cd36c1,ethereum,USDC,issuer_freeze,,,2025-11-04
0x5a356f037e05f3a26199b147865d91f85bc6d589,ethereum,USDC,issuer_freeze,,,2026-08-24
0x5b05ac96e74161c8edffb7e6368df33b4167583a,ethereum,USDC,issuer_freeze,,,2026-07-01
0x5b93aadbd3e507bf2e3a68e8cd760c82fba541f1,ethereum,USDC,issuer_freeze,,,2023-11-15
0x5cd0d96ec259d84b3f792390783247372b4c7cee,ethereum,USDC,issuer_freeze,,,2026-03-11
0x5d36df85b8b7d306c9e49f03c5f34f80f8eade44,ethereum,USDC,issuer_freeze,,,2026-07-10
0x5ea884caf25a9d2b9fb1033cdd5300bd40c5d223,ethereum,USDC,issuer_freeze,,,2023-11-15
0x6042c2f32769454c5ff226fdae52b81e49cd922f,ethereum,USDC,issuer_freeze,,,2025-08-14
0x61427bf615ef615cae4314ca4fe16d5142217443,ethereum,USDC,issuer_freeze,,,2026-05-26
0x618ddf95d334685aea70608fa0888b0bc2d3809f,ethereum,USDC,issuer_freeze,,,2026-04-11
0x62215c796d9cf4ced759ff06cbb8e712dd15eef6,ethereum,USDC,issuer_freeze,,,2024-05-26
0x6315bdc714ebb7a08e5ec10f351b6ca61d052bee,ethereum,USDC,issuer_freeze,,,2026-03-12
0x6396745d7a9236229d17684d826bf2792ed7d457,ethereum,USDC,issuer_freeze,,,2026-09-09
0x6440312463c98262b0768ac4f8e7232fb58caced,ethereum,USDC,issuer_freeze,,,2026-07-01
0x6572760df65696a671eb17575b995daca056237d,ethereum,USDC,issuer_freeze,,,2023-02-25
0x6627b98c99e996caa10d0708fa79bdedd21a93d5,ethereum,USDC,issuer_freeze,,,2025-10-21
0x66395ac274efad06bcfa78c882c9c4988833823b,ethereum,USDC,issuer_freeze,,,2025-11-24
0x67ab9ee65660fa10967722a7552e5e96e8192776,ethereum,USDC,issuer_freeze,,,2026-09-09
0x68b66ce34da6bf45110e0064f232acbd8e7a5531,ethereum,USDC,issuer_freeze,,,2023-11-15
0x6a1544f72a2a275715e8d5924e6d8a017f0e41ed,ethereum,USDC,issuer_freeze,,,2024-04-29
0x6d3ca488b86fcc12f8ce08857ef1bb8b473a9d81,ethereum,USDC,issuer_freeze,,,2026-05-20
0x6e02b63fe60caa0372d96e687c045677053c7d7e,ethereum,USDC,issuer_freeze,,,2026-08-18
0x6e2bf91ff62095e759301a1e46df3278f7d6bf07,ethereum,USDC,issuer_freeze,,,2025-08-14
0x6ec7b2d81d27dfc97b08f59cdc4f16df0ebe877a,ethereum,USDC,issuer_freeze,,,2025-03-13
0x6ee2a4ab3befdcfcd8c0844e853491f08971d899,ethereum,USDC,issuer_freeze,,,2026-07-01
0x701f00ebbcd4c09d6a7a9f89023cbf400c318504,ethereum,USDC,issuer_freeze,,,2026-07-01
0x70306d1e8a01da8e5f18aaeb4ef1c525cabe83dc,ethereum,USDC,issuer_freeze,,,2026-03-27
0x7077f6f05c0c435bde0d145613425fc17ce10a5a,ethereum,USDC,issuer_freeze,,,2026-07-01
0x70f6d315a46bb7179a45e68d223a70f647ce493d,ethereum,USDC,issuer_freeze,,,2024-03-08
0x712779ce813e780c08ad89f83153f2a503bf3b8f,ethereum,USDC,issuer_freeze,,,2026-09-09
0x71d2e218a56a1c0c12e1ff4b4c2731a1c3a4f4ce,ethereum,USDC,issuer_freeze,,,2024-08-24
0x721537670ae01aa0d60585457b7534025b0041ac,ethereum,USDC,issuer_freeze,,,2024-12-20
0x72a2fc69c5a3025d9d79bb01335860aaf2a4a948,ethereum,USDC,issuer_freeze,,,2025-11-04
0x74dacbaaa824555af9a84d54f6f0fbf5fe225268,ethereum,USDC,issuer_freeze,,,2025-07-31
0x754252e95d2167dce45e032cddfe6b02e0649a35,ethereum,USDC,issuer_freeze,,,2026-07-10
0x754edac1af5363fd84c6f0ccda2896a7a4f8fee9,ethereum,USDC,issuer_freeze,,,2026-05-11
0x75fd59164d2af087af5a90f7e1b7c3d05de93dee,ethereum,USDC,issuer_freeze,,,2026-07-01
0x783a4cc2478f1b44f37052bac72abaa3fc6f992a,ethereum,USDC,issuer_freeze,,,2026-01-30
0x7a01e8268bbb7b5b7403b673aa0b9d7b36f651aa,ethereum,USDC,issuer_freeze,,,2025-04-02
0x7aa0cffa2ac86a7ea54c0c63866d98071c79f44e,ethereum,USDC,issuer_freeze,,,2026-09-09
0x7b214d3b8ce325c73cde66803f296252dbc7a33a,ethereum,USDC,issuer_freeze,,,2025-12-19
0x7b7f0d8f53e16faee4cf90aedf50c7073f17beff,ethereum,USDC,issuer_freeze,,,2025-11-04
0x7be6fe8c528273a3a072a538e12c08500bf4d328,ethereum,USDC,issuer_freeze,,,2024-03-21
0x7c710d6b106b451d84e29d5172400847133d4e69,ethereum,USDC,issuer_freeze,,,2026-03-27
0x7ca6c4d4fc24417c79c91b4ddbf222cb6bac4c14,ethereum,USDC,issuer_freeze,,,2024-04-05
0x7d01ef362822856c1e1d094f6a4b0c1b08256a85,ethereum,USDC,issuer_freeze,,,2026-06-11
0x7d7c4dddf9188d0c170d438d08eb94370c588630,ethereum,USDC,issuer_freeze,,,2023-11-15
0x7de5ab1914e241177344936dc33b4a8157c98248,ethereum,USDC,issuer_freeze,,,2023-10-04
0x7f2863dc306fe5be920d311f5eeef842bae16ce8,ethereum,USDC,issuer_freeze,,,2023-02-03
0x7f2cc1fe8a4173c56d0ee9f156922921c12be259,ethereum,USDC,issuer_freeze,,,2024-10-05
0x7fea703f97cdf8d607513231f8f3310e56096863,ethereum,USDC,issuer_freeze,,,2026-09-09
0x802f0bf20331540aa880b3dec2e4aa3ab59b969e,ethereum,USDC,issuer_freeze,,,2025-06-01
0x80865644f47925223c7e12014e9b11f0f05212bc,ethereum,USDC,issuer_freeze,,,2025-11-04
0x80d658d0d767de04a4379fee4a2fdf10d9bfbf03,ethereum,USDC,issuer_freeze,,,2025-11-04
0x815f335f976301f496167bfef237f0622f92ac38,ethereum,USDC,issuer_freeze,,,2022-09-30
0x81c483bf9bcdc0a31864ae7c1762425b67c2c467,ethereum,USDC,issuer_freeze,,,2026-07-01
0x81c4d8816b29147c542dde87485608204690acf2,ethereum,USDC,issuer_freeze,,,2022-09-30
0x81d0eac7c2e42b221bd2e5bd5f9ddc0dcc9f6f30,ethereum,USDC,issuer_freeze,,,2026-07-01
0x8244dc80a19fc68e4f26d2f41992409d2a0bb2bb,ethereum,USDC,issuer_freeze,,,2025-03-26
0x82df92ebaa039dd6c9e0689390d7298a5ca1f59c,ethereum,USDC,issuer_freeze,,,2025-08-14
0x8660f3ab5285f9e497ffbf2997285c24466aa2a1,ethereum,USDC,issuer_freeze,,,2025-08-14
0x8766fe4aa2208afd9a5b050acfcdbb4ad4d3d8ee,ethereum,USDC,issuer_freeze,,,2026-07-10
0x878ebd5e809aca3dc01856d5fa924a405e34dad6,ethereum,USDC,issuer_freeze,,,2026-07-01
0x87c899a8b71d8ca1b629aa6bb26a2ff0d6c7b2fb,ethereum,USDC,issuer_freeze,,,2024-10-08
0x88ef69134150f35b1e91fa2d8bfbb44ba2c51e62,ethereum,USDC,issuer_freeze,,,2026-03-12
0x89012a55cd6b88e407c9d4ae9b3425f55924919b,ethereum,USDC,issuer_freeze,,,2025-06-20
0x8960c337bb1bc8618e8c022277ca0d34d26ce06c,ethereum,USDC,issuer_freeze,,,2026-07-01
0x8a0a9106cd583c9cab28dca615f2dfc75eccc5ae,ethereum,USDC,issuer_freeze,,,2024-05-25
0x8a33c4dccc7e840e536c1abc9af4612f876f54de,ethereum,USDC,issuer_freeze,,,2025-08-14
0x8a8a2436fc920e6c73c3a9e9a00b8d937812ee0d,ethereum,USDC,issuer_freeze,,,2023-05-01
0x8be1904f7e8d196ef670835e2893be5f75c1e63e,ethereum,USDC,issuer_freeze,,,2026-04-24
0x8c5a5d9b5bd20cea93295e0f12909d6ebf2f1989,ethereum,USDC,issuer_freeze,,,2026-07-01
0x8c5f37d4db13967643e33d5404f66f86569221ca,ethereum,USDC,issuer_freeze,,,2025-05-29
0x8d55c4306745f05a31af596c6bfa19374073e797,ethereum,USDC,issuer_freeze,,,2026-03-12
0x8d7e10e5fa9ce28f5a7f49760b59f5ad992bddce,ethereum,USDC,issuer_freeze,,,2026-07-01
0x8dd586d12164a98e319607295935ee968919608e,ethereum,USDC,issuer_freeze,,,2026-01-30
0x8e2fce87ecd6e648a4ec8c99a161f66ea32df18c,ethereum,USDC,issuer_freeze,,,2025-08-07
0x8f75976e97f76823e75d47597eed0c3554360344,ethereum,USDC,issuer_freeze,,,2026-08-24
0x9078b13962fbc7d93f624ab9395d60ff332a9af9,ethereum,USDC,issuer_freeze,,,2023-11-15
0x9145fc390e71e3b56da4bfe51460cbdbb1a8a3f9,ethereum,USDC,issuer_freeze,,,2026-03-12
0x917ed0b811f4aafab02ec61128b2d964e2f87d8f,ethereum,USDC,issuer_freeze,,,2025-11-05
0x919d585e07ab0926832753eb43fd6fb2b8488051,ethereum,USDC,issuer_freeze,,,2025-11-04
0x920b6ce057056ba751a482410604b0d534b57afe,ethereum,USDC,issuer_freeze,,,2025-07-31
0x9227c54226014afcb588dc49818e28a3a2367557,ethereum,USDC,issuer_freeze,,,2025-11-19
0x9253f800c8a03b9184ceb9280361e5055893192c,ethereum,USDC,issuer_freeze,,,2023-02-25
0x932dbae7c0493923c2643efc52b9faadfc3109a6,ethereum,USDC,issuer_freeze,,,2025-11-04
0x95a603c86ec4a585e4359d1f07e6949567491fc9,ethereum,USDC,issuer_freeze,,,2025-11-04
0x95bcc8bbd8f91b255baf9ecf54f15e74b9959af2,ethereum,USDC,issuer_freeze,,,2026-07-01
0x967f32c544b6547f366123927d6dc0a3c6dcdfb9,ethereum,USDC,issuer_freeze,,,2026-08-07
0x97248ad2ee8453b901c646bddc256e4dca165452,ethereum,USDC,issuer_freeze,,,2026-07-01
0x9789e42918dec6442a155fd2ba064d05d6db0ed2,ethereum,USDC,issuer_freeze,,,2026-07-01
0x97a582fff8b54e501f584dcd828fd1200f6f9e6b,ethereum,USDC,issuer_freeze,,,2025-11-04
0x994aa9e584fdbe4df7934db56941fc19e70bb336,ethereum,USDC,issuer_freeze,,,2026-07-01
0x995135faa6fec4a2901503d731ba8abf2fcd0a28,ethereum,USDC,issuer_freeze,,,2025-10-10
0x9ab7a3e606677ddf6f3538dd4472ec770c282b3e,ethereum,USDC,issuer_freeze,,,2025-09-16
0x9acfa7136bd9ee19fc2c4517e2033705262f938c,ethereum,USDC,issuer_freeze,,,2025-04-02
0x9b2a4fd4373ec0e5218395eb8f7116600c43a494,ethereum,USDC,issuer_freeze,,,2025-10-10
0x9b571ef4731f0c8539a629cc4c44fa4fd280c10d,ethereum,USDC,issuer_freeze,,,2026-07-01
0x9c138832c04c581427fbac8245432009704484b3,ethereum,USDC,issuer_freeze,,,2026-07-10
0x9c220048401fa6819e59a15e67d96ceffb9043ac,ethereum,USDC,issuer_freeze,,,2023-08-25
0x9d6350f74c811ca9e9c9adc35227a1193d5984b0,ethereum,USDC,issuer_freeze,,,2025-11-04
0x9def24cc410924a617cfdc2b70a1854f2edbd17b,ethereum,USDC,issuer_freeze,,,2025-12-23
0x9ff43bd969e8dbc383d1aca50584c14266f3d876,ethereum,USDC,issuer_freeze,,,2022-07-12
0xa05b377f4ae52727a59bcb7a82d6a20356f6b0b4,ethereum,USDC,issuer_freeze,,,2026-07-01
0xa251a3f2395bb53711095d2fc2890ae16a4d4387,ethereum,USDC,issuer_freeze,,,2026-04-15
0xa3afa16728fc3a16072a7a00ec4508fafe02a34a,ethereum,USDC,issuer_freeze,,,2025-11-04
0xa4e740b001ea51cd90988b19cfb9da7a52e91c47,ethereum,USDC,issuer_freeze,,,2025-11-04
0xa570df663c1b522f3dacd6f96320e65f8206ed0d,ethereum,USDC,issuer_freeze,,,2026-07-01
0xa6358db3812ce9a11eb8aa2f954e36711ed015f6,ethereum,USDC,issuer_freeze,,,2026-07-01
0xa6cc8ab881debc3c9e8adb32549d0cbe614168c5,ethereum,USDC,issuer_freeze,,,2023-10-04
0xa772bdd20209202600860720fd2f235dc92bfc3b,ethereum,USDC,issuer_freeze,,,2025-10-29
0xa86cb571904577001427711f3e03133b5279090f,ethereum,USDC,issuer_freeze,,,2025-06-01
0xaa05f7c7eb9af63d6cc03c36c4f4ef6c37431ee0,ethereum,USDC,issuer_freeze,,,2020-06-16
0xaa678643e6c27b8508d91bf152b581b94b8c6cbf,ethereum,USDC,issuer_freeze,,,2026-07-01
0xab4302cfcf1c2337c1b59af1d23bd97189fe962c,ethereum,USDC,issuer_freeze,,,2025-09-16
0xad0fd006d311c33da60c180603316a813a3f68d4,ethereum,USDC,issuer_freeze,,,2025-11-04
0xaf5bbb89f8fdf594cd73cb4f5508439a8356aef1,ethereum,USDC,issuer_freeze,,,2025-07-18
0xb1fcda2d2dd445eeeb09c1d03b73519a1956f311,ethereum,USDC,issuer_freeze,,,2025-06-25
0xb5484440a0c14326fa4acfb25f2cae7a39c0e75b,ethereum,USDC,issuer_freeze,,,2024-05-25
0xb654159bc14f208000ec9e0ad287b321c7a3bf5c,ethereum,USDC,issuer_freeze,,,2026-07-01
0xb65e9d4fb5e89c18b8fe77cc47f28b6c2c7b4aac,ethereum,USDC,issuer_freeze,,,2024-05-04
0xb99e0f3b342fe502f376b72ae9782a6b89afb39b,ethereum,USDC,issuer_freeze,,,2024-09-06
0xba475bb43ee21013fd14c85e2c74b24bcf5a54c1,ethereum,USDC,issuer_freeze,,,2025-09-16
0xbab2b54a76af17a75886762c6f23c88da6c824d8,ethereum,USDC,issuer_freeze,,,2026-03-26
0xbc498da9268eb52a26ba49319ddcdedccb005d11,ethereum,USDC,issuer_freeze,,,2024-11-25
0xbc92595dd3e8f5092471c99b9084a72d333c7d07,ethereum,USDC,issuer_freeze,,,2024-12-20
0xbe5e683633ddd17d8a89b4e10860a0e426c5ed24,ethereum,USDC,issuer_freeze,,,2023-10-04
0xbf4f36efa3ac655a1d86f6c32b648a90271443f4,ethereum,USDC,issuer_freeze,,,2023-01-19
0xbf92b14aa9fd088182178e2ebf208da946521ee5,ethereum,USDC,issuer_freeze,,,2026-01-30
0xbfd88175e4ae6f7f2ee4b01bf96cf48d2bcb4196,ethereum,USDC,issuer_freeze,,,2022-07-12
0xbff703730a21167e430ff151128592a98786b9b4,ethereum,USDC,issuer_freeze,,,2024-09-27
0xc014eb917fb0689844b31347c7556c18a319bbbf,ethereum,USDC,issuer_freeze,,,2025-11-04
0xc05612c9f78a909886320628f3ee59dc7baffdfd,ethereum,USDC,issuer_freeze,,,2026-09-09
0xc06198bd95b602889e5a770c80643b5b292526c3,ethereum,USDC,issuer_freeze,,,2026-09-09
0xc19a1636cf379ce180a61946a990d743bd2ee3d1,ethereum,USDC,issuer_freeze,,,2025-11-04
0xc24ec5a84cae3d3418b34a1e30b3372c4b25bd0f,ethereum,USDC,issuer_freeze,,,2024-03-27
0xc275eb6d33797bc2e3dccd3c30afb042b1069bb6,ethereum,USDC,issuer_freeze,,,2026-09-09
0xc29c4df7111a39030a037a3abc8dc68c8d1d8ceb,ethereum,USDC,issuer_freeze,,,2026-04-24
0xc2d06dae23a6f772d0b49d5b4dccb501fc3862f4,ethereum,USDC,issuer_freeze,,,2026-09-09
0xc34586a57d59fbd08865298203cf28cd10ad9708,ethereum,USDC,issuer_freeze,,,2023-05-01
0xc35033e93c38f5434de52d0d5f8f92f8a679cf1f,ethereum,USDC,issuer_freeze,,,2026-09-09
0xc4232d1bb5276a312b19414e11e2fc1e02a56463,ethereum,USDC,issuer_freeze,,,2026-09-09
0xc4244fe10b9365766efa5a4f0baa124a750c8b4f,ethereum,USDC,issuer_freeze,,,2026-07-01
0xc4b13cf26d06bd15db5b8efe9553710b9aae8acd,ethereum,USDC,issuer_freeze,,,2026-07-01
0xc5aa13f464851d92fd59f1ef6a1c719e5e6d2d4a,ethereum,USDC,issuer_freeze,,,2025-11-04
0xc633553c1f32e9a84ba54134a9352ec567f668c6,ethereum,USDC,issuer_freeze,,,2026-05-01
0xc685132e908cce284c063415ea353af5f555c6c6,ethereum,USDC,issuer_freeze,,,2025-07-01
0xc73da1e718a4fbd1ce023d412ab34433922fba58,ethereum,USDC,issuer_freeze,,,2026-07-01
0xc79fa8c6ba8defef8d811de003d15219cb1564fd,ethereum,USDC,issuer_freeze,,,2025-10-29
0xc868071a9602dd0c8e8f277432c742fdac78442b,ethereum,USDC,issuer_freeze,,,2026-07-01
0xc8bdd5c269e8c105ad29d78894875068c60269f6,ethereum,USDC,issuer_freeze,,,2026-04-11
0xc95b0eaad3ed1c1505fc9b1a50c160afe3594036,ethereum,USDC,issuer_freeze,,,2025-11-04
0xcaa7a770c783eca417da2fc978b0202bbd0bf6aa,ethereum,USDC,issuer_freeze,,,2025-02-08
0xcb59151c8d160e68d7ba2051b78a75c44ada0eb5,ethereum,USDC,issuer_freeze,,,2024-10-01
0xcc9468dc0070ada8e12feeffaf2a1edab5aff12c,ethereum,USDC,issuer_freeze,,,2026-04-11
0xcce63fd31e9053c110c74cebc37c8e358a6aa5bd,ethereum,USDC,issuer_freeze,,,2022-04-23
0xce5d11cc48eb1671a6e36829575578d2d4cca48f,ethereum,USDC,issuer_freeze,,,2023-11-15
0xce9f3bc87000393f625088ed40280a74682396cf,ethereum,USDC,issuer_freeze,,,2026-07-01
0xcfbb0c9a2a99777b46211b380869f82cf20a635e,ethereum,USDC,issuer_freeze,,,2026-07-13
0xcfdffd028a987448a4ee4c4994a9e2dc3c7dc15f,ethereum,USDC,issuer_freeze,,,2024-05-11
0xd160ab0327b307a7b23436242198dc02f850cb7c,ethereum,USDC,issuer_freeze,,,2025-01-02
0xd19df746fd2a145588b3a22672bacfd2e5454f61,ethereum,USDC,issuer_freeze,,,2024-12-20
0xd1b4671abd7c3db9f5d99b98918ebf8cbd41ea33,ethereum,USDC,issuer_freeze,,,2026-07-01
0xd1d1443c710b2f295f72ef3bc8be04a28be3e0db,ethereum,USDC,issuer_freeze,,,2026-07-01
0xd25d375e18d2a2bfe8555b70279ec2dc931d397e,ethereum,USDC,issuer_freeze,,,2025-07-31
0xd3301fc40c118a14ba8c15370e6dd3746656d287,ethereum,USDC,issuer_freeze,,,2025-11-04
0xd463e1aeff100780d6f653b2e6234d1beae1e562,ethereum,USDC,issuer_freeze,,,2026-05-01
0xd492e57806c0abd3f0932205c5bb3086aae49778,ethereum,USDC,issuer_freeze,,,2023-11-15
0xd4e976441a1cad72ee5cbd2fd1b677fe7ce8afdf,ethereum,USDC,issuer_freeze,,,2025-11-19
0xd5f053ab62b8b75cccdec2967206b8a86906c437,ethereum,USDC,issuer_freeze,,,2026-02-11
0xd5f14e80acaf51d5970eba2851685b32f5a97e00,ethereum,USDC,issuer_freeze,,,2026-07-01
0xd67bb799b7d2dded7dd85802c5a6affec1108b94,ethereum,USDC,issuer_freeze,,,2026-07-01
0xd6d47fcea370d6fbd78de05e458bcc5d2d38c390,ethereum,USDC,issuer_freeze,,,2023-11-15
0xd6ff9ba2aa8a3afd1e3d4a133449b9142ce52df5,ethereum,USDC,issuer_freeze,,,2026-05-26
0xd71c94052989e209ba713deb66e0a8f72b913b70,ethereum,USDC,issuer_freeze,,,2023-08-01
0xd7648fffa48e06b0107435a966f3f1e9dbe10b7d,ethereum,USDC,issuer_freeze,,,2024-04-04
0xd838b11133085016bc31ca78571067b0d77dc290,ethereum,USDC,issuer_freeze,,,2026-07-23
0xd93a9c5c4d399dc5f67b67cdb30d16a7bb574915,ethereum,USDC,issuer_freeze,,,2022-08-12
0xd9471e6c644756e845e4a10260362ab9a3a9845a,ethereum,USDC,issuer_freeze,,,2025-04-02
0xda2e12e94060720581994eec870f83d9c7200c2c,ethereum,USDC,issuer_freeze,,,2025-03-01
0xda916a1c12989829fb02a0241a7e70b5a1a4e905,ethereum,USDC,issuer_freeze,,,2026-07-01
0xda9809eaca62c7d52978045007f26817c425875f,ethereum,USDC,issuer_freeze,,,2025-11-04
0xdb7ae6b7a2153fe0062be5d1d90a8be5ec8aaa50,ethereum,USDC,issuer_freeze,,,2025-11-04
0xdbb512422e1efec898ff5ec00739b3ff8bc7caef,ethereum,USDC,issuer_freeze,,,2025-04-26
0xdc0629676cf1b08b859fbd1782b52fa269b36b22,ethereum,USDC,issuer_freeze,,,2025-11-26
0xdc2ec40485f23d6268fe9f4fde8c390051f4766a,ethereum,USDC,issuer_freeze,,,2025-11-04
0xdca63d36e326fdcde1c6403ff3edf5d8ba7699ad,ethereum,USDC,issuer_freeze,,,2026-09-09
0xdd6184d750a5610e1094cc5b02a8ec1c7dc14be2,ethereum,USDC,issuer_freeze,,,2026-07-01
0xdd8cf42ff365caebbed4f48190ca79286b0e66c7,ethereum,USDC,issuer_freeze,,,2026-07-01
0xdda5554510366179ddb442b8a82bc737c3ac77c5,ethereum,USDC,issuer_freeze,,,2024-03-27
0xddc63d69ed992e2617d54950a8cea70e2127c412,ethereum,USDC,issuer_freeze,,,2026-07-01
0xde787f609e75513a86d53b2a15011db78fb5f2bc,ethereum,USDC,issuer_freeze,,,2025-04-24
0xde8d23aa01e47069f494b14d008b7cb606a51add,ethereum,USDC,issuer_freeze,,,2025-08-06
0xe007afe5a5abfdf4efbbae239f42819b97e95e5d,ethereum,USDC,issuer_freeze,,,2026-09-09
0xe1724299cc4da9776a2c04723d9fd3d7c4afa27e,ethereum,USDC,issuer_freeze,,,2025-07-03
0xe2b0c8cd5516cf733013712408add325081225ca,ethereum,USDC,issuer_freeze,,,2026-07-01
0xe38c9bfc757d6c1607126a63e7e98a21032c47a6,ethereum,USDC,issuer_freeze,,,2026-04-11
0xe39d2aa8983d125beae388ab72415bc5d2b5616d,ethereum,USDC,issuer_freeze,,,2026-07-10
0xe61c235a51cf48a554c60005d936d424d0d76397,ethereum,USDC,issuer_freeze,,,2025-11-04
0xe646c85afde30e55d7196612efd37e5b058e9717,ethereum,USDC,issuer_freeze,,,2026-07-01
0xe6d328eb45bd03b2cbb801a0c4a93c993f735b76,ethereum,USDC,issuer_freeze,,,2025-06-13
0xe6e1d9098b08fff5f8b3e27a02d4dca8ffcdf0a9,ethereum,USDC,issuer_freeze,,,2026-07-01
0xe7800b61479695ec74e4b219f409f67bd1055a27,ethereum,USDC,issuer_freeze,,,2022-09-15
0xe7d7945b4e93e11adb9738021e965a921a2e16a2,ethereum,USDC,issuer_freeze,,,2026-07-10
0xe883711e2fcf199727a9dabfe48b7d90ef9aa6af,ethereum,USDC,issuer_freeze,,,2025-04-26
0xe942adb085bdc3cd49ad2ddaea53934f12a7e0a5,ethereum,USDC,issuer_freeze,,,2025-04-02
0xe96e4483bc3f3abfea3213cd8a094ce5b26b117c,ethereum,USDC,issuer_freeze,,,2025-11-04
0xe997bfc0f7a6fd834176b0c92eb845b6696b8d09,ethereum,USDC,issuer_freeze,,,2023-11-15
0xe9d12c5d6954487fba2ce36a0b0ab5c8515dbb98,ethereum,USDC,issuer_freeze,,,2026-09-09
0xe9d67c08eb4607f55375c42032f2e9e0979b0da0,ethereum,USDC,issuer_freeze,,,2025-10-10
0xea97a63fa822c3e892e041eccc2d0e2482ad0d65,ethereum,USDC,issuer_freeze,,,2025-02-28
0xeaac716a919f3a032a7e5f4d803c799569c32bd4,ethereum,USDC,issuer_freeze,,,2026-08-07
0xeb3e25b6ae72732655319a0ad5a6b8af100b2ed1,ethereum,USDC,issuer_freeze,,,2026-08-24
0xec3145c5f138baf26722f1f909f6189ce81680fb,ethereum,USDC,issuer_freeze,,,2026-04-15
0xed5324b5482a3eef2eb4263d1c386d86bfda5d4b,ethereum,USDC,issuer_freeze,,,2025-11-04
0xee61f0eeee09eed3583baab61fa2e64b96207478,ethereum,USDC,issuer_freeze,,,2026-03-12
0xeecfb175eec3172aad557332aaaa3fb9b06da48f,ethereum,USDC,issuer_freeze,,,2026-04-11
0xefeef8e968a0db92781ac7b3b7c821909ef10c88,ethereum,USDC,issuer_freeze,,,2023-07-07
0xf064109090e30203afffe233c9acefdbeee78099,ethereum,USDC,issuer_freeze,,,2026-09-09
0xf3f338ec1c5e17ab45377e78308ace9a6338242c,ethereum,USDC,issuer_freeze,,,2025-11-04
0xf405df57cc3a2df4dd262b6494d76e346ca778f1,ethereum,USDC,issuer_freeze,,,2025-09-16
0xf44edc33a3c96e7e74ce9284a04db0d8af7eca4c,ethereum,USDC,issuer_freeze,,,2023-11-15
0xf4a8a04536d7590d62eb6d20a97db05b9e641a32,ethereum,USDC,issuer_freeze,,,2025-09-27
0xf512078e07f61a2e28081c8ea86c6056788d18b4,ethereum,USDC,issuer_freeze,,,2025-11-04
0xf6527069fd7e3bdc80c8f92a8d1eadc7d433ea29,ethereum,USDC,issuer_freeze,,,2024-05-25
0xf76788730307c465012bda3fa2280dde823054b4,ethereum,USDC,issuer_freeze,,,2026-04-11
0xf8a9ab377ce63592583767b34602e130e38ebdca,ethereum,USDC,issuer_freeze,,,2023-02-03
0xf8bc582628cd0c721b554161a1cb59ea003742c0,ethereum,USDC,issuer_freeze,,,2026-03-12
0xf9d66d6842ae81cfb1b04f651a19798cdf1ee3a3,ethereum,USDC,issuer_freeze,,,2026-09-09
0xfc3def4dc3bac88f7e80d53c2499a02d65ae7e66,ethereum,USDC,issuer_freeze,,,2025-11-04
0xfc672c73ca5c7234edc82552e4a0c8fc247d32ac,ethereum,USDC,issuer_freeze,,,2023-05-22
0xfd34841893a1dc5c6af5b5e65818d82e219c1275,ethereum,USDC,issuer_freeze,,,2026-09-09
0xfe88af78cfc99bea57f2fb708489cfc0f0b7f704,ethereum,USDC,issuer_freeze,,,2026-03-12
0x0000000000000000000000000000000000000001,ethereum,USDT,issuer_freeze,,,2020-05-06
0x0000000000000000000000000000000000000018,ethereum,USDT,issuer_freeze,,,2018-12-28
0x0000000000000000000000000000000000000019,ethereum,USDT,issuer_freeze,,,2018-12-28
0x000000000000000000000000000000000000001a,ethereum,USDT,issuer_freeze,,,2018-12-28
0x000000000000000000000000000000000000001e,ethereum,USDT,issuer_freeze,,,2020-05-06
0x000000000000000000000000000000000000015d,ethereum,USDT,issuer_freeze,,,2020-06-08
0x00000000000000000000000000000000000001f2,ethereum,USDT,issuer_freeze,,,2018-12-28
0x0000000000000000000000000000000000000aa3,ethereum,USDT,issuer_freeze,,,2020-08-10
0x0000000000000000000000000000000000000c39,ethereum,USDT,issuer_freeze,,,2023-07-06
0x0000000000000000000000000000000000000e33,ethereum,USDT,issuer_freeze,,,2020-03-05
0x0000000000000000000000000000000000000fdc,ethereum,USDT,issuer_freeze,,,2020-05-06
0x000000000000000000000000000000000000129f,ethereum,USDT,issuer_freeze,,,2021-03-17
0x00000000000000000000000000000000000012e5,ethereum,USDT,issuer_freeze,,,2021-10-21
0x00000000000000000000000000000000000018fe,ethereum,USDT,issuer_freeze,,,2018-12-28
0x0000000000000000000000000000018148086009,ethereum,USDT,issuer_freeze,,,2020-04-03
0x0000000000000000000000000001fc24fe892306,ethereum,USDT,issuer_freeze,,,2020-01-31
0x0000000000000000880620000000203571704007,ethereum,USDT,issuer_freeze,,,2020-09-30
0x0000000000004946c0e9f43f4dee607b0ef1fa1c,ethereum,USDT,issuer_freeze,,,2021-01-11
0x000000000cd2ea93ac6de3054ad27667ed965a81,ethereum,USDT,issuer_freeze,,,2020-02-14
0x0000333caf2237112e22dc7dc593152da21d412d,ethereum,USDT,issuer_freeze,,,2024-03-21
0x0000ef2a62c7c7580db66bbb50e1a913f0cc0615,ethereum,USDT,issuer_freeze,,,2020-08-10
0x0007f1253511e3e9312df8f180db96f0000000ad,ethereum,USDT,issuer_freeze,,,2020-10-26
0x0009413d525a716c2cc9ddd63626e80f9f9c038d,ethereum,USDT,issuer_freeze,,,2025-05-25
0x0027846505cd5e91bdb743770f3d89de9cb7b978,ethereum,USDT,issuer_freeze,,,2024-07-10
0x004cc291e04c83e63c818a8189fb3a53f0e1d48f,ethereum,USDT,issuer_freeze,,,2025-08-15
0x006e73df1552b3b91346f3e05d86fccf22075def,ethereum,USDT,issuer_freeze,,,2024-06-24
0x00781c1521f5107ddfe9baef83958bf040d1413d,ethereum,USDT,issuer_freeze,,,2026-08-27
0x007fc370e968932ae9a596261086476550a8b712,ethereum,USDT,issuer_freeze,,,2023-04-12
0x008fe40574e881e7247b50b991c0cc057d66647f,ethereum,USDT,issuer_freeze,,,2018-06-09
0x00a258d9e72578835f6a533c49a6a5132fdaad2e,ethereum,USDT,issuer_freeze,,,2026-02-02
0x00c4afd0a80c3699cd31f585bdc8bd373d818123,ethereum,USDT,issuer_freeze,,,2021-08-29
0x00c543bf4b29c60a655b34128bed709b2b119818,ethereum,USDT,issuer_freeze,,,2022-03-17
0x00e679ba63b509182c349f5614f0a07cdd0ce0c5,ethereum,USDT,issuer_freeze,,,2024-12-19
0x010da518c1aa53517ef87062dddccf018949b6dd,ethereum,USDT,issuer_freeze,,,2023-01-06
0x012035448d2ff017fb155d4180b15da46da17d30,ethereum,USDT,issuer_freeze,,,2026-03-19
0x0128e4fccf5ef86b030b28f0a8a029a3c5397a94,ethereum,USDT,issuer_freeze,,,2020-09-30
0x016913ead5672f01de2043874e5c1cac5df608de,ethereum,USDT,issuer_freeze,,,2020-05-06
0x016a2046689fc94eec7d23545693bc7b81dbabd1,ethereum,USDT,issuer_freeze,,,2023-12-19
0x0199f775670c4f767319f8dd1646ba7c617e4063,ethereum,USDT,issuer_freeze,,,2020-10-26
0x019d261481dc09bb3baa9687048d0f04b4d5158d,ethereum,USDT,issuer_freeze,,,2024-11-18
0x01a6bf60c8621d769d0e0fe8852c4f4564b7807e,ethereum,USDT,issuer_freeze,,,2024-07-10
0x01b6e0e9baa20ec225ec100e624556c3571d271c,ethereum,USDT,issuer_freeze,,,2024-07-10
0x01d05211e6a202c399961dc7398f8a26790b534b,ethereum,USDT,issuer_freeze,,,2024-11-09
0x01dd4d5e90147cfd15409754e8c5d9502c87d11a,ethereum,USDT,issuer_freeze,,,2026-03-03
0x01e42e771c3b8c250a3c93281409d7212fb14676,ethereum,USDT,issuer_freeze,,,2025-02-17
0x01ea4398031809d0ac7add2db0632c1e52d68a40,ethereum,USDT,issuer_freeze,,,2025-11-27
0x020fd1d9ff27b934745e02c914cdbe4c4d084eb0,ethereum,USDT,issuer_freeze,,,2026-06-26
0x021cde4419076f3d1bca2077157937e390ad72b3,ethereum,USDT,issuer_freeze,,,2022-10-06
0x022881fa6c49ec691296bc9d971a1854534c3113,ethereum,USDT,issuer_freeze,,,2023-07-06
0x024461600cca3b7746ae389088f1d5c06b5e90b5,ethereum,USDT,issuer_freeze,,,2021-07-08
0x025cbaf9ed36350ff40989e877e5abb9c965d03f,ethereum,USDT,issuer_freeze,,,2026-07-30
0x0283bd581220fc835691380401ad89e046ad9ad3,ethereum,USDT,issuer_freeze,,,2022-10-06
0x0295737b7ac7a688f293ee6ee3640fdbf037920c,ethereum,USDT,issuer_freeze,,,2025-04-24
0x029c196d7bd0b17b09807f6cb7ec4217b61ad7fc,ethereum,USDT,issuer_freeze,,,2024-06-17
0x02a629e4e1af08dd47f9a29498839967360e40d8,ethereum,USDT,issuer_freeze,,,2024-09-07
0x02b420a2560216baf0c09ad73809bb249d7bb395,ethereum,USDT,issuer_freeze,,,2025-11-05
0x02b459a74c6762e650d78de9b8ae5991ffdfae80,ethereum,USDT,issuer_freeze,,,2024-09-18
0x03167edd45b5b6038d3d8dd843b13f50f9dbab95,ethereum,USDT,issuer_freeze,,,2024-03-18
0x034d916250bed28f22d994e114e0953aab2ebf3f,ethereum,USDT,issuer_freeze,,,2025-02-12
0x03942b72b70573af0acd32a513047c0f61458f3f,ethereum,USDT,issuer_freeze,,,2024-06-07
0x039991a6b971e78d0b666a9f43b3334340e1c635,ethereum,USDT,issuer_freeze,,,2026-01-08
0x03eda54bb2959a1d5aa5e7c757de616565c75597,ethereum,USDT,issuer_freeze,,,2024-07-25
0x0404178755938163146a3463f6eb3f00f5e4dead,ethereum,USDT,issuer_freeze,,,2026-07-13
0x0424b77182934ddd08c857cdf9cb2e873d227b22,ethereum,USDT,issuer_freeze,,,2026-09-10
0x0425d11ba2b1c8b983342a4ae9e8c4e395e1e318,ethereum,USDT,issuer_freeze,,,2022-06-30
0x0468559b16abb67ca49dd37213ac6c0423969d72,ethereum,USDT,issuer_freeze,,,2024-04-05
0x047804c08fda50ec186c2f93a50f6fe3b71acc68,ethereum,USDT,issuer_freeze,,,2026-02-12
0x04c7aa3b8d10caeba5e711b8c67d3d0aa630570c,ethereum,USDT,issuer_freeze,,,2022-03-17
0x04ce51cac7e101ef5e99106319eaa2ec9340b0b6,ethereum,USDT,issuer_freeze,,,2024-04-05
0x0517cfd32d8235522deca55bff454560ff3c6951,ethereum,USDT,issuer_freeze,,,2025-06-10
0x0520b0a951658db92b8a2dd9f146bb8223638740,ethereum,USDT,issuer_freeze,,,2025-05-23
0x05532146dbffb2d1d2bd04e27a6d19fddb655b64,ethereum,USDT,issuer_freeze,,,2024-07-18
0x05567f4b0bfc480c0b1943c3aeb08dfbc4bf1063,ethereum,USDT,issuer_freeze,,,2025-11-23
0x05594df248cb01f8046aba8a37d744b99acb6d9f,ethereum,USDT,issuer_freeze,,,2020-10-26
0x05767582705119ed243b320fc0ce98940f768f78,ethereum,USDT,issuer_freeze,,,2024-03-20
0x057fc4dbf53dce98aa9b80b1cd4d72b8158d18b7,ethereum,USDT,issuer_freeze,,,2025-09-04
0x0582aa82344b23374d065bd9de9e1a379061f467,ethereum,USDT,issuer_freeze,,,2021-03-17
0x058b13260996339d5d6ee119837f4cab8a6e9549,ethereum,USDT,issuer_freeze,,,2024-05-09
0x05ae4747262f351ec861355987e8ed58a78f10ca,ethereum,USDT,issuer_freeze,,,2024-04-02
0x05b49f435c1eacb0c618b5d13cadad28ad34209a,ethereum,USDT,issuer_freeze,,,2021-07-11
0x05c8a416ae8db42b737a15c4c3ff5f5bef051fef,ethereum,USDT,issuer_freeze,,,2024-04-02
0x05d6c2fe80b25dfb89df6799e30d802744832f8b,ethereum,USDT,issuer_freeze,,,2025-05-06
0x05fee494a5cad110357786c7fd2d798d73e97d5a,ethereum,USDT,issuer_freeze,,,2025-07-26
0x06083c4d615920cf267b53550b265497155ce71a,ethereum,USDT,issuer_freeze,,,2020-08-10
0x060c676d9bd33d4eb944f3b6c19b3ac9eaa9ef66,ethereum,USDT,issuer_freeze,,,2021-06-23
0x0643d7ace2912ea4243c222c6156806881860dc1,ethereum,USDT,issuer_freeze,,,2022-10-06
0x067eaf82802e92256f212df8042aa64b008c12c9,ethereum,USDT,issuer_freeze,,,2022-08-02
0x068ff8be950d65d34b8a6fe0d6920c04444dee48,ethereum,USDT,issuer_freeze,,,2025-01-07
0x069208b593e1cd22cf0f041eda95eb56471dcd36,ethereum,USDT,issuer_freeze,,,2025-12-19
0x06b21bfac6118263327ae7001d6a676d362c89dd,ethereum,USDT,issuer_freeze,,,2021-01-25
0x06c048c2afb355b22b76d73b4ec244a862e7e260,ethereum,USDT,issuer_freeze,,,2021-03-17
0x06ecb24c52c2d606d4f52ba9b7987002f0915cdc,ethereum,USDT,issuer_freeze,,,2024-04-17
0x06f406e7963bec67c5f89d97ae4d085acc3ccd1d,ethereum,USDT,issuer_freeze,,,2023-01-06
0x0740865e5fe03f46b0a659c9f63ad2f2b6fc4518,ethereum,USDT,issuer_freeze,,,2024-04-05
0x0747fb95a1ad27cf1a8cc9f14768c7cc0a8f5dde,ethereum,USDT,issuer_freeze,,,2022-05-20
0x07564500c26c86708417e867c994a9dfa5328bbb,ethereum,USDT,issuer_freeze,,,2024-07-10
0x07577277f25c31c5491f4124fdebacd3ff992984,ethereum,USDT,issuer_freeze,,,2025-01-10
0x0763fa09cc7d60e734c670d327d11b3a8a3f7776,ethereum,USDT,issuer_freeze,,,2019-11-01
0x076ce1ebfd869bf3b8ddd4280b4a0fd200b0c9a3,ethereum,USDT,issuer_freeze,,,2024-12-11
0x077a003f0949d809a6c3ab94cc1696463f35c165,ethereum,USDT,issuer_freeze,,,2025-08-26
0x0792c1eae810ace99005a917bdb271210a24b0a6,ethereum,USDT,issuer_freeze,,,2022-06-30
0x07978aa1d62e84ddfdd3c73411a2ea08c15246b5,ethereum,USDT,issuer_freeze,,,2024-06-08
0x079d6c61860983536568803e6883c56e38615995,ethereum,USDT,issuer_freeze,,,2026-04-23
0x07aa1b2472f178ff7c2640a5cb6a96c2fa0e69ce,ethereum,USDT,issuer_freeze,,,2025-01-10
0x07aff5c0cc27473c3e4ac359e7a2372d85d556e2,ethereum,USDT,issuer_freeze,,,2020-07-27
0x07bcd67cefdd8b7062006a67fca954d38cef5a25,ethereum,USDT,issuer_freeze,,,2025-10-30
0x07e9ba18c6d487c2c713fe99fa23a0997fb2db3a,ethereum,USDT,issuer_freeze,,,2026-01-23
0x08422a6435a87362c435a234e97a068854d14fe4,ethereum,USDT,issuer_freeze,,,2022-06-30
0x0847fd9233f1d7b6a34b3e46d2de319f613bb37c,ethereum,USDT,issuer_freeze,,,2025-09-04
0x0859370171256a1c9ce4ffe511bea00e863bef35,ethereum,USDT,issuer_freeze,,,2025-04-11
0x08914a74959101c5770a10bf0e8de495794cac23,ethereum,USDT,issuer_freeze,,,2022-06-30
0x08c3fd4ae6a596083a528614d71e17c2ff2f4b8e,ethereum,USDT,issuer_freeze,,,2023-05-27
0x08cc05ea9d6e89246f1a3ab152430db7e25f6f92,ethereum,USDT,issuer_freeze,,,2024-03-29
0x08f931d4b4c587d39d49899d2b7f9818e2dd282f,ethereum,USDT,issuer_freeze,,,2023-03-14
0x09101f948aafd081a31d88a04c8e34812079a8f0,ethereum,USDT,issuer_freeze,,,2025-03-17
0x091acf01a0f2d07a22e3969266be77714477bd8b,ethereum,USDT,issuer_freeze,,,2025-05-23
0x091bd12d1ae092aefb4e8dbcafd2982302e4d686,ethereum,USDT,issuer_freeze,,,2022-01-20
0x091c9e36a8a8aca4354e5f5bfa53f20fc740abd1,ethereum,USDT,issuer_freeze,,,2023-10-31
0x0930dab77fae01b75368ffb84ae1e72c965a103d,ethereum,USDT,issuer_freeze,,,2023-12-14
0x093634ed0125826648c340d9da5c9e7b33d15494,ethereum,USDT,issuer_freeze,,,2025-08-28
0x094904b9816493aba8a246aec82e0d04a81dfd9e,ethereum,USDT,issuer_freeze,,,2020-10-29
0x0950b773c38e9daba77918101e07622ac4e1db26,ethereum,USDT,issuer_freeze,,,2025-05-11
0x096e0a00d6d18f68f6e3e88e3101bdd030252230,ethereum,USDT,issuer_freeze,,,2020-12-11
0x0984737eab3e03774af54fc4f6fd9c3d5a2acd86,ethereum,USDT,issuer_freeze,,,2025-10-01
0x098ae5c5872508f0dc611d72e377709441e5bc1b,ethereum,USDT,issuer_freeze,,,2024-05-14
0x0990c288e4c518a3cd7ae9b4ed88a45718e1dacf,ethereum,USDT,issuer_freeze,,,2024-10-31
0x0996d2538f0e342b0410015cbaf179f21e2fdb76,ethereum,USDT,issuer_freeze,,,2025-11-27
0x09cb8e0e43cfcc34650bea474ae14a6554b6396a,ethereum,USDT,issuer_freeze,,,2025-04-14
0x09e7d6830a0b32bf2d2e2d0e63e8350afbbfa8ce,ethereum,USDT,issuer_freeze,,,2024-06-06
0x09f60685db51d8b81832b103ed9b87702d2bbfd8,ethereum,USDT,issuer_freeze,,,2026-04-28
0x0a2cd06bb05759d8bc1c5c0e0c0a5652b5f9a1dd,ethereum,USDT,issuer_freeze,,,2025-12-15
0x0a3d2de1f5c7cb6ce301532c0e6146e24da61e77,ethereum,USDT,issuer_freeze,,,2024-02-16
0x0a4450d1ead6839f3e9114943dba5e8d3a75bf94,ethereum,USDT,issuer_freeze,,,2025-08-19
0x0a45218ca01158276baef8d131817d43c44dd00f,ethereum,USDT,issuer_freeze,,,2025-08-14
0x0a5838caf734b66c1f80f9ed2b0964cca4d0a24c,ethereum,USDT,issuer_freeze,,,2026-03-16
0x0a751ab1a9db79415b48e0abdf705e688fbea03f,ethereum,USDT,issuer_freeze,,,2024-06-06
0x0a9cb439f65f51c879ef4a5cc2889c8ea633960c,ethereum,USDT,issuer_freeze,,,2020-12-11
0x0a9ed2a9d3f811b3cd6ad673cdeccd88047618ca,ethereum,USDT,issuer_freeze,,,2024-04-02
0x0aa1ef24958f30583dca65e3cceccb91a96aa282,ethereum,USDT,issuer_freeze,,,2026-05-29
0x0acc0e5faa09cb1976237c3a9af3d3d4b2f35fa5,ethereum,USDT,issuer_freeze,,,2021-11-05
0x0af64acc01c8854d8737eb0fdf8196c02242cbef,ethereum,USDT,issuer_freeze,,,2025-01-07
0x0b425e226247d9a630003a6c0b0ffae1ac807739,ethereum,USDT,issuer_freeze,,,2026-06-23
0x0b51be78bfff38568b44f8ae1f7018b531c758df,ethereum,USDT,issuer_freeze,,,2024-09-17
0x0b52f217b46f53d13001b058d2be65101b691281,ethereum,USDT,issuer_freeze,,,2022-10-06
0x0b5453635e5325f5385ca1643c9e9eb173f9d5a8,ethereum,USDT,issuer_freeze,,,2023-11-20
0x0b59f92f6626dfd28adaeed74ebbbdf353fc92e0,ethereum,USDT,issuer_freeze,,,2024-06-04
0x0bb3a3231232844753cbd4c7840587353d446268,ethereum,USDT,issuer_freeze,,,2025-03-07
0x0bb6a2a50bfea780fb2659fd1811db198639b059,ethereum,USDT,issuer_freeze,,,2024-03-18
0x0bc529c00c6401aef6d220be8c6ea1667f6ad93e,ethereum,USDT,issuer_freeze,,,2021-03-17
0x0bdc9d29b6f86cf84cfd3c453b3b4d1e4da8c7f5,ethereum,USDT,issuer_freeze,,,2025-09-11
0x0bf0143b288d7456cfa2abb9c29e538d2de324da,ethereum,USDT,issuer_freeze,,,2021-03-17
0x0c12adea8035db6d5bba76bdb8bea2c1e1d246f6,ethereum,USDT,issuer_freeze,,,2024-04-25
0x0c14d080df7589a1cfeb76fd335745de380edabd,ethereum,USDT,issuer_freeze,,,2024-06-12
0x0c51498f3ae1a0cfe696820a1b4e9af85b918bc6,ethereum,USDT,issuer_freeze,,,2023-05-27
0x0c5bf6e284858d96d2fd6fb0d1b40347bfbeaea8,ethereum,USDT,issuer_freeze,,,2025-03-03
0x0c6cf7670ae4e45f1344e0567ffda556b5ee1932,ethereum,USDT,issuer_freeze,,,2022-06-30
0x0c774eb7679ed27f2c5c813f712c69b194ec1ee7,ethereum,USDT,issuer_freeze,,,2025-06-26
0x0c79be315127d1f6fb87da9ce488fa87e3ab7883,ethereum,USDT,issuer_freeze,,,2025-11-24
0x0cb7d2677277b18f080fc2ad97f5fa9f3d7a3232,ethereum,USDT,issuer_freeze,,,2025-10-08
0x0cd83b38c4e407dfa24d7dc15ecf835c5932c0c2,ethereum,USDT,issuer_freeze,,,2026-07-01
0x0cdf9acd87e940837ff21bb40c9fd55f68bba059,ethereum,USDT,issuer_freeze,,,2021-10-21
0x0cf916ac23e556c0cdf3948900a16c4e80352079,ethereum,USDT,issuer_freeze,,,2024-06-22
0x0d2f54331a5425b6d738dc6e5e9b8dc61569a5ec,ethereum,USDT,issuer_freeze,,,2024-04-05
0x0d4487d29d825f6199c907402c8699bf7507fac6,ethereum,USDT,issuer_freeze,,,2022-10-06
0x0d741ad4ba4801faae3947005af557abb08b7cb1,ethereum,USDT,issuer_freeze,,,2025-08-07
0x0d7dd12449005e1700716324ad54e93386f58cb2,ethereum,USDT,issuer_freeze,,,2025-12-01
0x0d7e111f3d0a6786436a3f6873776549c5cc87d4,ethereum,USDT,issuer_freeze,,,2026-07-09
0x0da71aa4243cfca85c4cd6d91f4bec7ab55fdd11,ethereum,USDT,issuer_freeze,,,2024-07-10
0x0e0e99fecff105c92b8fa3737ce28c5693b49512,ethereum,USDT,issuer_freeze,,,2025-04-18
0x0e1f5f828f7c66631728658cb4cbd966700acf6d,ethereum,USDT,issuer_freeze,,,2020-10-26
0x0e29e5abbb5fd88e28b2d355774e73bd47de3bcd,ethereum,USDT,issuer_freeze,,,2020-09-08
0x0e3468cdeba49959367ea7780521046c4068adc1,ethereum,USDT,issuer_freeze,,,2025-09-26
0x0e38b1affb6a8a008f1ea6622d8ff3f574503600,ethereum,USDT,issuer_freeze,,,2024-12-12
0x0e4ae4482bd57a14dd8ab3abae16bd5a5b21275d,ethereum,USDT,issuer_freeze,,,2026-05-30
0x0e571d7f200b3d2b1cdd4538f8ad434ae4b7840c,ethereum,USDT,issuer_freeze,,,2022-08-12
0x0e6aa8991d8fd4f99ec73e6178fff06a278608bd,ethereum,USDT,issuer_freeze,,,2024-07-10
0x0e7f7b96e9e75340da4df2252759b192eecb3bee,ethereum,USDT,issuer_freeze,,,2024-05-21
0x0e82e631bfdf5ec6d0389abc56eee40281d98842,ethereum,USDT,issuer_freeze,,,2021-03-17
0x0ef6a7200fb762a1c1f4ae85e58f6dca99465905,ethereum,USDT,issuer_freeze,,,2024-03-01
0x0f18647467de7b885fe1bf77a78e12e19c814ad7,ethereum,USDT,issuer_freeze,,,2021-06-23
0x0f1cf1ee1ee08a0c29668867360b72ef82ba442f,ethereum,USDT,issuer_freeze,,,2025-10-23
0x0f24eafe619cabd89638b497ee06329e1c2234af,ethereum,USDT,issuer_freeze,,,2022-03-17
0x0f33eeab49e8f8f8801675e49f3f592fe0c90244,ethereum,USDT,issuer_freeze,,,2024-10-28
0x0f3b3ac549719e2d796c358a61ea26fc12ca0c6d,ethereum,USDT,issuer_freeze,,,2021-10-22
0x0f440519d214c2acbe5f965f47e89de3070420ff,ethereum,USDT,issuer_freeze,,,2024-04-05
0x0f4c7ffef2ab1f9dd36b6c4e0ebd74cbd6216ac1,ethereum,USDT,issuer_freeze,,,2025-11-09
0x0f51bb10119727a7e5ea3538074fb341f56b09ad,ethereum,USDT,issuer_freeze,,,2021-06-07
0x0f52582114b9d25b2fc243a4727d6b6f93aa9c1f,ethereum,USDT,issuer_freeze,,,2024-05-29
0x0f64e97d1021477ed26f5225e2a722610b6f29e5,ethereum,USDT,issuer_freeze,,,2024-03-15
0x0f77e5f19220d654d8f7d9296bd4bbee59526b32,ethereum,USDT,issuer_freeze,,,2026-07-01
0x0f7b3938dd2ab47b90da7905b5e868c0426ecd99,ethereum,USDT,issuer_freeze,,,2024-07-10
0x0f89110efa9b67adf96bc245770c418126c17582,ethereum,USDT,issuer_freeze,,,2026-03-14
0x0f92d695bd04d3c23efe85610e29236eb9ba3396,ethereum,USDT,issuer_freeze,,,2026-05-20
0x0fe18a1f2e9d05015e59a5375ffedfb53b42a786,ethereum,USDT,issuer_freeze,,,2024-05-31
0x0ffcdf3002a3c88c3ec4b579535ce09292cb2d2a,ethereum,USDT,issuer_freeze,,,2026-01-19
0x1020508c8b9ffa57172901114f64fc4d4992bfcd,ethereum,USDT,issuer_freeze,,,2024-05-10
0x1043dcf8eeafa6657d798b5e6c300fd06877776b,ethereum,USDT,issuer_freeze,,,2024-10-28
0x105e020ae2779000c2d501b0fc84c91a60b5fa2c,ethereum,USDT,issuer_freeze,,,2025-02-01
0x1097850b35dfecd1b7e7ce9190aeba45c6c2b1e9,ethereum,USDT,issuer_freeze,,,2021-10-29
0x10caed9ab7cff3a121a518e509a940625d197a45,ethereum,USDT,issuer_freeze,,,2024-11-22
0x10e86900b25f500f75c0de2b9453cd2469153cbf,ethereum,USDT,issuer_freeze,,,2022-06-30
0x10f90d71ee4d75651e4032c3c516b27be3f576ee,ethereum,USDT,issuer_freeze,,,2025-12-01
0x118043e119c3a300a0cb2e40203b4221f7d9ca9b,ethereum,USDT,issuer_freeze,,,2026-02-26
0x119ac06fef5870e2e3b920bf7dde1ea96545afa5,ethereum,USDT,issuer_freeze,,,2024-04-25
0x11a187ed42116d3ced517555840634ae9e89a8ea,ethereum,USDT,issuer_freeze,,,2022-08-02
0x11b0cbad1eb39f14d934be986b590f3e663978e6,ethereum,USDT,issuer_freeze,,,2021-07-28
0x11b7c00c9ca069233e23107dd0569172df0a0df6,ethereum,USDT,issuer_freeze,,,2024-05-14
0x11c1197798d3b1cab6970577361172c00e4c5f36,ethereum,USDT,issuer_freeze,,,2026-06-17
0x11dcd88bb86860b7962c73737b3d0595445570de,ethereum,USDT,issuer_freeze,,,2026-03-18
0x11e0fce2a3d86e5369cafb91ccb99556e01a8c36,ethereum,USDT,issuer_freeze,,,2026-08-25
0x120826b3f10c4d5fa282d7d9c6bc31c5fbd5134f,ethereum,USDT,issuer_freeze,,,2022-10-06
0x1210598bb22137648127e351ca1ff1fc1c8d9451,ethereum,USDT,issuer_freeze,,,2025-10-21
0x126104f444ac5daef35439796049a0cbe9b1973d,ethereum,USDT,issuer_freeze,,,2025-03-06
0x1291bf41339300ebdbb4b289143b6d5f373ab553,ethereum,USDT,issuer_freeze,,,2024-05-14
0x1298500214c99cc9c844c2d99d741b44a869e427,ethereum,USDT,issuer_freeze,,,2025-01-16
0x12a60d819c2a8012da7c561b82242cf6dbe5d7a9,ethereum,USDT,issuer_freeze,,,2022-06-30
0x12c07feedf6fb17d1cafecc6d3091f5326e87e52,ethereum,USDT,issuer_freeze,,,2024-11-22
0x12e88be9e4de46b85b5d7ddd2830adb6f1d7f375,ethereum,USDT,issuer_freeze,,,2025-01-17
0x12ed624dbe31a7c49e4a9f8fdbb1eb3365847515,ethereum,USDT,issuer_freeze,,,2022-10-06
0x12efafa98b1e782484794d6900b173e79b11ca60,ethereum,USDT,issuer_freeze,,,2024-10-24
0x13045d03de74254b0cbb88780ba48cd726764707,ethereum,USDT,issuer_freeze,,,2021-03-17
0x1321f1f1aa541a56c31682c57b80ecfccd9bb288,ethereum,USDT,issuer_freeze,,,2022-03-17
0x1328b436875f7ebf7eb9886ca25d94d54545d85c,ethereum,USDT,issuer_freeze,,,2025-07-25
0x1329410051fc114d8050b007717fc7575a221c71,ethereum,USDT,issuer_freeze,,,2021-02-11
0x132c7518b3f51a1d83f590b091ef58a619ecf459,ethereum,USDT,issuer_freeze,,,2025-11-19
0x13e19ace56c9efbcd3d27f34bf09baad1ef47bc9,ethereum,USDT,issuer_freeze,,,2023-02-27
0x13ff95f4c2bd554835b80c795c5b0b8297666885,ethereum,USDT,issuer_freeze,,,2025-05-11
0x14091f1d0a422ccc678217edff90745d64bd9eb1,ethereum,USDT,issuer_freeze,,,2024-02-21
0x141be7590945663d06b64a087c5294429a003998,ethereum,USDT,issuer_freeze,,,2024-03-18
0x141d13263cdb689ace5579481a0c937c1f7935db,ethereum,USDT,issuer_freeze,,,2024-06-06
0x14260cba9180a84c9abfc323b832b776792ba5f8,ethereum,USDT,issuer_freeze,,,2026-06-17
0x142db1b59b0eb83a9ce96cb99611a851c6d66775,ethereum,USDT,issuer_freeze,,,2026-02-04
0x14358cf97cd504da3d2c293fa68d1a69400180e1,ethereum,USDT,issuer_freeze,,,2025-04-18
0x144fabd44e621f054d765f20580a433073785577,ethereum,USDT,issuer_freeze,,,2024-03-29
0x14675623b1d8fcaa086ebcc82ce5d390d6c681c3,ethereum,USDT,issuer_freeze,,,2020-02-14
0x14ad3f15779766307a8743ef45dda92871bdeeca,ethereum,USDT,issuer_freeze,,,2025-10-30
0x14b15541f388fb608e73700fd7f5bc1e602dd32b,ethereum,USDT,issuer_freeze,,,2026-05-01
0x14ec0cd2acee4ce37260b925f74648127a889a28,ethereum,USDT,issuer_freeze,,,2021-02-05
0x15148d99cb8ca101296ef8a5203954ffc5718b3a,ethereum,USDT,issuer_freeze,,,2023-01-06
0x151743c04109b95e645aba715cc6c0c02a637469,ethereum,USDT,issuer_freeze,,,2026-07-03
0x151f30bad389982b1fad9066970128973597b5ae,ethereum,USDT,issuer_freeze,,,2023-08-10
0x1536c173ca7729199baf5609c6bb56ed035faaef,ethereum,USDT,issuer_freeze,,,2024-07-10
0x15824de78a61a8b493ccd8a48e58463536b17028,ethereum,USDT,issuer_freeze,,,2023-03-31
0x15ae596e333da3f41c9e7926cd5c028f42647af4,ethereum,USDT,issuer_freeze,,,2021-09-30
0x15b9ba14fdd7fa4885f8361a4f23826c8e7b05ef,ethereum,USDT,issuer_freeze,,,2024-11-29
0x15c4c7b22a15e2478bfead76002dfe8398eb96c7,ethereum,USDT,issuer_freeze,,,2024-03-29
0x15cce358a48bc3f2a4b346e1b4ccca90c552910f,ethereum,USDT,issuer_freeze,,,2020-10-29
0x15d57c36e4bc06c7c19c89bfd022bfaf07665a42,ethereum,USDT,issuer_freeze,,,2025-12-02
0x15e0ce2b1a09fa1ded1a7729b0b568ac67f4cdf7,ethereum,USDT,issuer_freeze,,,2024-05-29
0x1621803272e4d87173048928ce2673e08ca65d16,ethereum,USDT,issuer_freeze,,,2024-11-06
0x1659668950f84a3127b14cb4eaedf59a55fbf30c,ethereum,USDT,issuer_freeze,,,2022-10-06
0x16be09fb45e3c13a9e8f3293a51e1de8aa24209e,ethereum,USDT,issuer_freeze,,,2023-05-31
0x16c751ce06bad336a65d44508e9b9e1b2012c710,ethereum,USDT,issuer_freeze,,,2025-02-07
0x16dfeeaa3bc7850c9474be8b5ce418efe02af1b0,ethereum,USDT,issuer_freeze,,,2022-06-30
0x1703cd66a51e9a9a2b9f6384f75be765f3db2e1f,ethereum,USDT,issuer_freeze,,,2024-06-06
0x17101f2153d55de3344aad88504d28058c4a5c26,ethereum,USDT,issuer_freeze,,,2021-03-17
0x1723eb6c8fb98d2678ed186c48db11bbd12a80eb,ethereum,USDT,issuer_freeze,,,2021-08-05
0x173001bc2751ada40a4a5d0464aa5134301a58d6,ethereum,USDT,issuer_freeze,,,2026-02-26
0x17483dc3044c15dc5bd44f7ff02f3b950da605c2,ethereum,USDT,issuer_freeze,,,2024-10-28
0x17cd0e17b9bff3daad334a8660d495255ef610d2,ethereum,USDT,issuer_freeze,,,2025-01-07
0x17d25a67781122e89bcaeba36a5c72a4aa809e4e,ethereum,USDT,issuer_freeze,,,2020-08-10
0x17eb5733ed0325fce5920d268045a927caf9655e,ethereum,USDT,issuer_freeze,,,2025-03-26
0x17fa86f39f2ca8b6defed4d2d3fa095ebeb435a0,ethereum,USDT,issuer_freeze,,,2023-12-09
0x181aa2b4264e4fb20c96a280fd0945218e2a10b9,ethereum,USDT,issuer_freeze,,,2026-06-25
0x1828f3334c0c11b444dac82f811b01bbf2b0fe59,ethereum,USDT,issuer_freeze,,,2024-09-18
0x1863828d739f345b0a46ea020e1ed9775416ede2,ethereum,USDT,issuer_freeze,,,2025-09-05
0x187bd6433fa689d05c9f3ac4273756154b6ccd4d,ethereum,USDT,issuer_freeze,,,2023-10-31
0x188301e12db86560dcc87b1f06a4c1e6c285c620,ethereum,USDT,issuer_freeze,,,2023-02-27
0x189b88324fd1fffbe93d317b281e3ca033a2bd0d,ethereum,USDT,issuer_freeze,,,2025-05-23
0x18bc757caa7658995c40dc7542254613ab2580f6,ethereum,USDT,issuer_freeze,,,2020-10-26
0x18dfb193e6fc89764fccd9bf68477cc9183badcc,ethereum,USDT,issuer_freeze,,,2025-07-19
0x18e23578b12db2a3e4787b671eed569bd22e634a,ethereum,USDT,issuer_freeze,,,2026-01-20
0x18f5c3e7461a2dfc7fe4f90692d0ecf755ddaad8,ethereum,USDT,issuer_freeze,,,2024-11-23
0x18fae44d01a92ede3362d321ad435e3876767edd,ethereum,USDT,issuer_freeze,,,2020-10-26
0x192df786f90602dfc141ad9482d450d71eca5860,ethereum,USDT,issuer_freeze,,,2025-01-22
0x19afa4c2fcd1c25af0ac9ab320b68d0f3960115b,ethereum,USDT,issuer_freeze,,,2024-06-06
0x19b91796478c3dde9053167f6d661933d7db690e,ethereum,USDT,issuer_freeze,,,2024-05-17
0x19bd896186bdc727afa03b8ac8516939d95f9da9,ethereum,USDT,issuer_freeze,,,2021-06-07
0x19d5715a425b92f101de7c09c0301d93fa28c451,ethereum,USDT,issuer_freeze,,,2024-06-17
0x1a0c774942e04c658320e27bfcdc6e7ebffd23fd,ethereum,USDT,issuer_freeze,,,2024-01-24
0x1a19947fe974fb54dca48c6565f77bb585c20280,ethereum,USDT,issuer_freeze,,,2024-06-03
0x1a1f9260ba50c183620ed543c5f4712a0b87df36,ethereum,USDT,issuer_freeze,,,2025-01-08
0x1a3a132f218d07b426e535f14f2572ab025ad69b,ethereum,USDT,issuer_freeze,,,2021-02-08
0x1a4b46696b2bb4794eb3d4c26f1c55f9170fa4c5,ethereum,USDT,issuer_freeze,,,2021-10-21
0x1a71aa746386955eae858fb2177e8e1448284448,ethereum,USDT,issuer_freeze,,,2025-07-07
0x1a7d92fc3ee3462282eb1a4ce1a05b62c138b876,ethereum,USDT,issuer_freeze,,,2024-07-09
0x1a8a16ff2a1755ea622815812fb30a4165bea92d,ethereum,USDT,issuer_freeze,,,2024-07-18
0x1a98833cb0f51b40d0616a70675e79f9a50e8d2b,ethereum,USDT,issuer_freeze,,,2025-04-17
0x1a9c4c93bf60f4ccdbb1580137d7963f4cd0fc48,ethereum,USDT,issuer_freeze,,,2022-03-17
0x1ae8840ceaef6eec4da1b1e6e5fcf298800b46e6,ethereum,USDT,issuer_freeze,,,2021-11-05
0x1b0b7607bc9df784f707c82e84410d7dfae3d006,ethereum,USDT,issuer_freeze,,,2020-09-21
0x1b10b7429f370694c35b645d237edef26313972b,ethereum,USDT,issuer_freeze,,,2025-10-20
0x1b1a95f775527a7bd490ae5e4af367f3c6ac554e,ethereum,USDT,issuer_freeze,,,2025-10-24
0x1b1adcdb3502d4a92e53db16840165466f3c6236,ethereum,USDT,issuer_freeze,,,2021-10-21
0x1b4d0881729f40b8ab9693080e8ab1abc976de87,ethereum,USDT,issuer_freeze,,,2024-05-27
0x1b5c23f7934dd627cbab889f11c7da471ac0f052,ethereum,USDT,issuer_freeze,,,2024-07-20
0x1b62ce03af3642b0485743846d728857bf7d781d,ethereum,USDT,issuer_freeze,,,2025-07-07
0x1b7451dda804beb6a206145f77892f1c47667b78,ethereum,USDT,issuer_freeze,,,2025-07-28
0x1b8d716f3e5b8571487cafbe16d1a3da24ba3010,ethereum,USDT,issuer_freeze,,,2022-10-06
0x1ba6b29bc62ca0a2ffc0a8d83e9a67346e5a5fb7,ethereum,USDT,issuer_freeze,,,2025-07-12
0x1bbafe088cf188cb42f8ebe6eeb24cc2278d38fd,ethereum,USDT,issuer_freeze,,,2025-02-21
0x1bc5682fc84b17d7cc643b7737ee1995bea1bc6f,ethereum,USDT,issuer_freeze,,,2023-10-10
0x1bcc27cc9314e7851a9ff65f096c6e6a45f8a204,ethereum,USDT,issuer_freeze,,,2021-03-17
0x1bdd6956015976209e34e5f47c574a0f2ca9bd87,ethereum,USDT,issuer_freeze,,,2023-03-24
0x1c097e02bcd6cd69946663ace4bc0b115e256bac,ethereum,USDT,issuer_freeze,,,2023-03-31
0x1c1638e485b79d73df3ec98bd0ec60eddd9fdd4e,ethereum,USDT,issuer_freeze,,,2024-11-21
0x1c7f7f7b66d1f6e9c23545c0156a6a1f676c0e1b,ethereum,USDT,issuer_freeze,,,2024-04-02
0x1c91beea4a14903d08a382b9e402d6298e978896,ethereum,USDT,issuer_freeze,,,2026-01-22
0x1c9e04700aed5042eac76dc95824dbcf3de2f07e,ethereum,USDT,issuer_freeze,,,2026-06-26
0x1cac2a92628989a0af7889a82d4deb40b53d1279,ethereum,USDT,issuer_freeze,,,2021-03-17
0x1cbace942f58848cc7723b88c8e37d9be683c504,ethereum,USDT,issuer_freeze,,,2024-09-20
0x1cc473a4e0bbd0f21f63f5541f62eebc27813224,ethereum,USDT,issuer_freeze,,,2026-03-04
0x1d211d4d043b81d1ff2793ea5f03c361c8015401,ethereum,USDT,issuer_freeze,,,2022-10-06
0x1d33c71e95f452b49ba75a52f79588c48fa8731c,ethereum,USDT,issuer_freeze,,,2022-10-24
0x1d35d77087b5998644e5180ce0b5867b44757f21,ethereum,USDT,issuer_freeze,,,2023-01-06
0x1d8a86a5d7d95431b59dff4d1b7f2056c651fc2e,ethereum,USDT,issuer_freeze,,,2024-10-28
0x1d8bd9c0c0a3f4b958d4263adc7904dfdd8889d8,ethereum,USDT,issuer_freeze,,,2022-03-17
0x1d8c505f2c993a84826cbd4b3237b6d153ec9920,ethereum,USDT,issuer_freeze,,,2026-07-31
0x1dbbd7182ee17720d09121c20bc658de28f2054f,ethereum,USDT,issuer_freeze,,,2024-04-02
0x1dd16a5e2fb1d69529f7a37c4717a77035fc6682,ethereum,USDT,issuer_freeze,,,2021-03-17
0x1dd5d0257c31a25be532dc638784e53277aabcbb,ethereum,USDT,issuer_freeze,,,2025-07-29
0x1ddb6557315f58362dba3c37d55eec83023a8ec3,ethereum,USDT,issuer_freeze,,,2021-05-08
0x1dea4f059299d2537d3a5c56d0d05b2eb865f42c,ethereum,USDT,issuer_freeze,,,2025-07-12
0x1e18821e69b9faa8e6e75dffe54e7e25754beda0,ethereum,USDT,issuer_freeze,,,2020-09-30
0x1e22b0b33599e04a837fe9b761d710de5aeeb62f,ethereum,USDT,issuer_freeze,,,2025-04-15
0x1e2ca9c2b20483e70c1a63fc6a7f206c61feb675,ethereum,USDT,issuer_freeze,,,2026-09-10
0x1e4b88304ef6e3df0395aa464d8d6c045e4b9296,ethereum,USDT,issuer_freeze,,,2025-09-26
0x1e9761f66daee87df98efcc01c8b4e7b0e335b27,ethereum,USDT,issuer_freeze,,,2024-10-28
0x1ea3eb07180e408d2742821aa7d94f6c06064fcd,ethereum,USDT,issuer_freeze,,,2025-08-09
0x1ec3fee89b716cf1ddef46957fddbe7ad0c7c030,ethereum,USDT,issuer_freeze,,,2026-04-10
0x1ed498f5986772a08e7b37e650d8135b9bb48491,ethereum,USDT,issuer_freeze,,,2024-10-17
0x1ee10da78621d514ab5066fc6821b816c1828f81,ethereum,USDT,issuer_freeze,,,2026-01-01
0x1ef3c3da9c905fa244258e9318e413abd1700537,ethereum,USDT,issuer_freeze,,,2026-01-19
0x1f36ecbd76f05f631a98932195a19b4b0494949e,ethereum,USDT,issuer_freeze,,,2020-10-26
0x1f8d69a3e7b603edc94256a8ebe9e74ae532b7a0,ethereum,USDT,issuer_freeze,,,2024-05-31
0x1f9840a85d5af5bf1d1762f925bdaddc4201f984,ethereum,USDT,issuer_freeze,,,2026-02-17
0x1fa0dc00a9a8634b7d13dd7eceb782e4c58a2af5,ethereum,USDT,issuer_freeze,,,2025-09-04
0x1faf4344beaf9c90f9ed2cd2fdae0128063e6ae5,ethereum,USDT,issuer_freeze,,,2021-08-05
0x1fb84a8b637bb2a9d151a90b20dc7b92b9379147,ethereum,USDT,issuer_freeze,,,2026-09-10
0x1fc0cdc3cf9cef83136d5d0b61dfc239280c303d,ethereum,USDT,issuer_freeze,,,2025-01-16
0x1fe09d4483a1c48f5eaf316fc933def5824eae82,ethereum,USDT,issuer_freeze,,,2021-10-29
0x1fe24f25b1cf609b9c4e7e12d802e3640dfa5e43,ethereum,USDT,issuer_freeze,,,2023-01-06
0x204929752a49faec389dd5f59eeffe5d25e557eb,ethereum,USDT,issuer_freeze,,,2026-04-20
0x207ba6a35a043be0865299e2a0c86b4a44558fbf,ethereum,USDT,issuer_freeze,,,2021-09-30
0x207ef0c29c9b25d1ef276341adb17bb992262cc7,ethereum,USDT,issuer_freeze,,,2022-06-30
0x2083aa1699c9cbe12f8c784c2109a3c5c1a9be9b,ethereum,USDT,issuer_freeze,,,2026-07-09
0x2091adf58a627a418885882d512f2f81503b740c,ethereum,USDT,issuer_freeze,,,2025-12-10
0x20be90ebfd8395a34740db71d670d99da93b10a9,ethereum,USDT,issuer_freeze,,,2020-02-28
0x20d99ca2c88b20e34f5d7f7e5fdc61c9181c6732,ethereum,USDT,issuer_freeze,,,2019-11-01
0x20f2d465f12694e9bfd4d58c12fbb12240171df2,ethereum,USDT,issuer_freeze,,,2025-02-22
0x20fa69de0980cc264c0871f1221d9389a95c337b,ethereum,USDT,issuer_freeze,,,2024-12-16
0x217ab8f5cf0337aeecd6a6981e0587ff5d4aedb7,ethereum,USDT,issuer_freeze,,,2026-03-26
0x21a3c54b186a7a832a68d96b10856c1cea6c385f,ethereum,USDT,issuer_freeze,,,2020-12-11
0x21c624157a87c13b482fb2478e52551f22906f8f,ethereum,USDT,issuer_freeze,,,2023-08-01
0x21d7473e65cd780663bcad46eb7b29926b7aa201,ethereum,USDT,issuer_freeze,,,2026-07-06
0x21fade572634ef01a84c0d379f26d1d55cc30ed8,ethereum,USDT,issuer_freeze,,,2026-08-04
0x220c51384277739e10d9f5ac4f76582750fe3635,ethereum,USDT,issuer_freeze,,,2025-04-01
0x221f142a03f127834ef3fd15019db9560386fcec,ethereum,USDT,issuer_freeze,,,2025-11-10
0x224fda0e3a6552d58dcc8bada08ca67b5dc1f826,ethereum,USDT,issuer_freeze,,,2025-04-09
0x22524feef84a7fefb293b577b5f249b5bb8d1944,ethereum,USDT,issuer_freeze,,,2024-05-01
0x2254369f71b175c4b4123bfdc043447e8afb7bd7,ethereum,USDT,issuer_freeze,,,2026-01-19
0x225f5ab850c6ccd711205ce7435d059d96d7063d,ethereum,USDT,issuer_freeze,,,2026-06-08
0x227089429231e518c8d278a276d81fb08030e487,ethereum,USDT,issuer_freeze,,,2026-03-03
0x22754ac196b341c38cf83b6c819643bd84eeac07,ethereum,USDT,issuer_freeze,,,2024-06-06
0x227fa6a3b9751641d81b6686fde446b51e2dc1ec,ethereum,USDT,issuer_freeze,,,2024-04-25
0x2292d24fd6a752f231ccaa129f65f238f40019ca,ethereum,USDT,issuer_freeze,,,2024-06-06
0x2295f647854842d3636a369b29bf24622e0cb8d1,ethereum,USDT,issuer_freeze,,,2021-04-30
0x22dfd052ff400d83e212ded7fdc4a4b0169186cc,ethereum,USDT,issuer_freeze,,,2026-01-21
0x2305665d718c30e57d4539ff887055a068bdfe1d,ethereum,USDT,issuer_freeze,,,2024-03-29
0x2341e30eacd99d3cb3f9b7831144c82be18157c2,ethereum,USDT,issuer_freeze,,,2023-12-11
0x23477020918e082ed756a6bbf5c0814e83835121,ethereum,USDT,issuer_freeze,,,2022-10-06
0x2361bab0747d4b926c0a381fe0cc96c074f52c2c,ethereum,USDT,issuer_freeze,,,2024-10-07
0x237549141cece409cde963a3eb8780f5a9742745,ethereum,USDT,issuer_freeze,,,2024-03-29
0x239ca59a143558e02c84c632176a067a8bbba314,ethereum,USDT,issuer_freeze,,,2022-06-30
0x23abaeb39ccf601b16f673a22a3f476a614c3d76,ethereum,USDT,issuer_freeze,,,2026-04-10
0x23baa3ad509c575cc1a13773428f9653e1b2397a,ethereum,USDT,issuer_freeze,,,2025-11-03
0x23c6cc945a8572f0afbcda4df0c81c5a8d064197,ethereum,USDT,issuer_freeze,,,2026-07-10
0x23f1d6a21c82ac78660f47a0f61a14be3ef3938b,ethereum,USDT,issuer_freeze,,,2024-10-26
0x23fc72be7f0e751b2c6c8ec7d347f69dab630504,ethereum,USDT,issuer_freeze,,,2023-04-06
0x24132c29a55a43b9766526410eb20eef5d8b5b27,ethereum,USDT,issuer_freeze,,,2025-07-19
0x2415b0c22740983a42996cceebb4510dcb5db7dd,ethereum,USDT,issuer_freeze,,,2024-07-10
0x24267f2c639d4cc99fb1858fc06adff292d973f5,ethereum,USDT,issuer_freeze,,,2025-11-08
0x242d65529f330751baf13120a0cf5face08ca9ca,ethereum,USDT,issuer_freeze,,,2020-10-26
0x2469912e514cfe67b69cbf5bca25f77d6430f751,ethereum,USDT,issuer_freeze,,,2024-07-10
0x248f50eab61ad11608fd07fb2188163fd2e0c5c6,ethereum,USDT,issuer_freeze,,,2021-03-17
0x249b88c6cdf167736390431de9b74a7690c1bc37,ethereum,USDT,issuer_freeze,,,2024-10-22
0x249e38ea4102d0cf8264d3701f1a0e39c4f2dc3b,ethereum,USDT,issuer_freeze,,,2022-04-11
0x24d17289cbf70a7b159599a29b4d2472bb96dfd7,ethereum,USDT,issuer_freeze,,,2025-01-07
0x24e3794605c84e580eea4972738d633e8a7127c8,ethereum,USDT,issuer_freeze,,,2021-01-11
0x24ee1718f8dfce6ec10681b1d996b9c4c59d3544,ethereum,USDT,issuer_freeze,,,2026-03-18
0x250a603a4d9a955301fa00c98686af3455d2c61f,ethereum,USDT,issuer_freeze,,,2024-10-28
0x25303aa8f910c77cbf6f1ac39bf33ee8f6bfc6ed,ethereum,USDT,issuer_freeze,,,2024-10-28
0x254b47759e91aa29ae2aea8e4f8ebbe6703de2e4,ethereum,USDT,issuer_freeze,,,2024-03-15
0x257aa0ff90d49808adf31326fd8aee2b6ab44ee8,ethereum,USDT,issuer_freeze,,,2022-10-06
0x258df00ff88ca8f097fb889230ccd0fa8210ed8c,ethereum,USDT,issuer_freeze,,,2025-07-07
0x25b31d7320be162b9c96d174116371a6c633192f,ethereum,USDT,issuer_freeze,,,2024-06-05
0x25d33526deed7ef7fbf280e0ae64ffa2885797a2,ethereum,USDT,issuer_freeze,,,2020-10-26
0x25d4cfc04411a1f9e17b5b36e20bd079f9460b9a,ethereum,USDT,issuer_freeze,,,2020-11-04
0x25e6635fc250cf77174023c31412fa342a899232,ethereum,USDT,issuer_freeze,,,2026-04-28
0x25fd0c4ed6c686a4e49c036df7b6135376248d2c,ethereum,USDT,issuer_freeze,,,2026-03-14
0x2609bfda99430fe5b62b17afd91c62ab1a843ca9,ethereum,USDT,issuer_freeze,,,2020-10-26
0x26129c8c2ddb3d62e54d9e6bb591e786fe3ac195,ethereum,USDT,issuer_freeze,,,2025-07-22
0x262516d19daabbc9315e14e5e95868d35352efbe,ethereum,USDT,issuer_freeze,,,2024-12-30
0x2636df8b04dea6bbf68ff139cbe71d21d7e42d79,ethereum,USDT,issuer_freeze,,,2026-06-27
0x263eaae2f645aa22b79c6e7d9bc8a34b30eead5e,ethereum,USDT,issuer_freeze,,,2024-11-08
0x26acf10fa17175dda0105fdd80acc8eaa73103ec,ethereum,USDT,issuer_freeze,,,2022-08-18
0x26b2e249678a86f740925b143fad698b8d3d469d,ethereum,USDT,issuer_freeze,,,2023-10-10
0x26b8d4320c8c35136bd662f8648bacd316aea066,ethereum,USDT,issuer_freeze,,,2022-03-17
0x26bcaf23dcdc753328d28a3dfcacc77df7e140e7,ethereum,USDT,issuer_freeze,,,2022-06-30
0x26ed1d9f4b284145eb6cb28ec8dca7f0015c62a7,ethereum,USDT,issuer_freeze,,,2025-11-04
0x270e72b1a427cdc30acff85bb20adc756f78d3e5,ethereum,USDT,issuer_freeze,,,2024-03-26
0x270e7b73aba8232b2dbfed6b4667b13f8bd868a0,ethereum,USDT,issuer_freeze,,,2021-06-16
0x272e055b5e6efe13097ade49bcbd5291da990c45,ethereum,USDT,issuer_freeze,,,2025-03-17
0x274312c66944238b5d2a121189b3ffbc0c7b16de,ethereum,USDT,issuer_freeze,,,2025-05-23
0x278164bf35b2af84051a9daf2e711d8646c8450c,ethereum,USDT,issuer_freeze,,,2025-05-09
0x27889548c9d767e48e45b2f07ef3cf1faa5b2a97,ethereum,USDT,issuer_freeze,,,2020-10-26
0x27931a3b86fbeba40270b4596da0e4669be31f69,ethereum,USDT,issuer_freeze,,,2026-01-22
0x27a50c36f3d6fd4448167b68da1e0a0887842c20,ethereum,USDT,issuer_freeze,,,2024-07-09
0x27b37d0afc55f712ecb9c4ba14a87f456c709ed7,ethereum,USDT,issuer_freeze,,,2025-04-17
0x27f27975a2304c1e4274319f3c86e631e6b7c51a,ethereum,USDT,issuer_freeze,,,2024-05-21
0x27f5863a7873cd86c3ffa92121324ec4ec33e962,ethereum,USDT,issuer_freeze,,,2026-05-23
0x27faac798dab9adcc30ca1e5a2d035adf9247f95,ethereum,USDT,issuer_freeze,,,2025-04-09
0x27fccb938f9c774a5440a66edc7527f5625c1110,ethereum,USDT,issuer_freeze,,,2025-09-08
0x28332c6afb5100d9a9b82844fe29ff6884223c6b,ethereum,USDT,issuer_freeze,,,2022-03-17
0x28373011e57acd831bfafd1d1fff18b09e3c109e,ethereum,USDT,issuer_freeze,,,2023-12-09
0x284512d226465443e04fffe82fa20628a94d46b6,ethereum,USDT,issuer_freeze,,,2024-04-02
0x286bbb823874121e7a7d2cb92d8897ba20e4a933,ethereum,USDT,issuer_freeze,,,2024-10-01
0x287528d956aad3c316499f38755ac451cdcb158a,ethereum,USDT,issuer_freeze,,,2025-08-20
0x28cca4a5f1b44517859042df74dc243a34f0bc27,ethereum,USDT,issuer_freeze,,,2026-05-22
0x2903b3ff34f0ad93ae5e3478ac6cb7b125d426f7,ethereum,USDT,issuer_freeze,,,2024-02-20
0x291badd20711341ef7b5bec85f29ab6b087aab99,ethereum,USDT,issuer_freeze,,,2023-12-21
0x291bc570aac1e90a0c5230fbfb3f97274c111273,ethereum,USDT,issuer_freeze,,,2020-10-26
0x293dc32ff21255c421d010effcd4be29d0babccf,ethereum,USDT,issuer_freeze,,,2025-11-19
0x29452a5703cd3cb50e658d3c018acef1e57b7145,ethereum,USDT,issuer_freeze,,,2025-04-25
0x29488e5fd6bf9b3cc98a9d06a25204947cccbe4d,ethereum,USDT,issuer_freeze,,,2024-08-23
0x295662443ab88c3089975a3be19ba19726274da9,ethereum,USDT,issuer_freeze,,,2025-07-18
0x296ab0cd87840db642a05522306f679c77f9bbc1,ethereum,USDT,issuer_freeze,,,2020-10-26
0x2971a0f1f152e60349ce9be43cebcff132cb5c2d,ethereum,USDT,issuer_freeze,,,2022-07-14
0x2999602952dd5fc731eaaed2a0550e0db270f3ac,ethereum,USDT,issuer_freeze,,,2024-07-10
0x29a8aa4bf213e704c26dd75f7cb2ab3c8aece63f,ethereum,USDT,issuer_freeze,,,2024-10-21
0x29c5ef1ac380d4168bca2de0e777d18b1b78a11f,ethereum,USDT,issuer_freeze,,,2024-03-18
0x29e7e2ccad6cd025a9b03fedcdd344eeba19cf76,ethereum,USDT,issuer_freeze,,,2020-10-26
0x29eeb0b4279994de8f1f6f8a36fdc2a109e280cd,ethereum,USDT,issuer_freeze,,,2023-06-21
0x29f26b0b21836d8dc2b7fe40b10c57ac1ea2924e,ethereum,USDT,issuer_freeze,,,2024-09-20
0x29fcc7c3e2cfc916ee3103ff3ffb4a95825151ad,ethereum,USDT,issuer_freeze,,,2022-04-01
0x2a202bfce26f1d6c4c8c36f33ff48bd80afbb890,ethereum,USDT,issuer_freeze,,,2025-10-14
0x2a3de0f9fd33682a03e4b475d032fa67f676a2a4,ethereum,USDT,issuer_freeze,,,2024-10-28
0x2a4f9e8a8071adf0b6be883644c4f4910c3d1c30,ethereum,USDT,issuer_freeze,,,2021-06-07
0x2a63b388fa887e13063a731d8b8a703cd0f1422e,ethereum,USDT,issuer_freeze,,,2023-10-03
0x2a88568e482dbd970446ff40dbb43b23f4e1dce7,ethereum,USDT,issuer_freeze,,,2024-04-05
0x2a977b2a3c1296dc7d00838ad522f3051a02804d,ethereum,USDT,issuer_freeze,,,2025-10-30
0x2aa1ca10bddd558fdfce9572d97f8cb28cd67154,ethereum,USDT,issuer_freeze,,,2026-03-09
0x2ac2dd6be21282196ff8681217a1d10874344c34,ethereum,USDT,issuer_freeze,,,2025-09-08
0x2adb3c71caae22fb7bad6e3cda50d007c1e29797,ethereum,USDT,issuer_freeze,,,2023-08-30
0x2b0aaf924e8e0e00c014c3222473df5f58f34323,ethereum,USDT,issuer_freeze,,,2021-05-03
0x2b0ba71801089f324c1d844bea921090ee350b6b,ethereum,USDT,issuer_freeze,,,2022-10-06
0x2b12660d8336eb72788ba66c1a03146ac734e002,ethereum,USDT,issuer_freeze,,,2026-06-22
0x2b19d941d6a639ab9a3a70555c34cbba47a52076,ethereum,USDT,issuer_freeze,,,2020-10-26
0x2b392af65c413fff99a578a033ea9c7b40e61c89,ethereum,USDT,issuer_freeze,,,2026-04-23
0x2b591e99afe9f32eaa6214f7b7629768c40eeb39,ethereum,USDT,issuer_freeze,,,2021-03-17
0x2b7555efa9793f24fe3a63cc1eca792095cb8c36,ethereum,USDT,issuer_freeze,,,2024-12-24
0x2b8b9bd91d1381640e0eed5e5b7dd575539d1a14,ethereum,USDT,issuer_freeze,,,2025-07-19
0x2b95bcd48566f275c21db0cc4bc3e65d21e6e06a,ethereum,USDT,issuer_freeze,,,2024-10-28
0x2bc05300f6f9221e7b5f77ace9de6c0ebc28e6d4,ethereum,USDT,issuer_freeze,,,2025-01-16
0x2bde13ac4c6dd333471186b93ab009f4c7aca6b8,ethereum,USDT,issuer_freeze,,,2022-03-17
0x2c09de5466ea6234dbad3915b8f9ec53c321e90e,ethereum,USDT,issuer_freeze,,,2020-08-10
0x2c20442afab613bb69dbd35659077b1ae0a0d2ee,ethereum,USDT,issuer_freeze,,,2024-07-10
0x2c3634ec64a0585cbed91aa1472b04c219aec89f,ethereum,USDT,issuer_freeze,,,2025-10-07
0x2c477e3ad0a8bd854f3762052f8a36b15aa8751f,ethereum,USDT,issuer_freeze,,,2024-07-10
0x2c642a5271244982a96a42fd62d9b57ee24177c5,ethereum,USDT,issuer_freeze,,,2025-04-23
0x2c6ce190452c43f6387929d3802b23e3d43270f3,ethereum,USDT,issuer_freeze,,,2020-10-26
0x2c71e4aeaf38b756860393e7947997f212988497,ethereum,USDT,issuer_freeze,,,2024-05-13
0x2c77621324be3bfeefdc5e25204af6db88ff798a,ethereum,USDT,issuer_freeze,,,2020-10-26
0x2c7d8cf41808eb92ac4fa31794955eff1dc4e85e,ethereum,USDT,issuer_freeze,,,2025-07-29
0x2cbfbd5440c4dffce01388c829df3e414a42730f,ethereum,USDT,issuer_freeze,,,2026-06-26
0x2ccd8e4d3243e2e9a48dae54b18914e1e592a335,ethereum,USDT,issuer_freeze,,,2026-06-08
0x2ccf7932c5d0d16f7f12861b866a60e7699c6fb7,ethereum,USDT,issuer_freeze,,,2025-01-06
0x2cedfa2a7f5e1102830b81759b95353c08973386,ethereum,USDT,issuer_freeze,,,2020-09-30
0x2d43b14ed6c61389fd0b398b73c6782231dff73a,ethereum,USDT,issuer_freeze,,,2020-10-26
0x2d72fc950de2fd4f662306b81f43d7fec6a2c970,ethereum,USDT,issuer_freeze,,,2025-07-19
0x2d762190ca7486066eabfee0c9b2ce841f31a372,ethereum,USDT,issuer_freeze,,,2024-03-01
0x2d7c1b62440b45bc2b7e5db7848e0cd3665b974e,ethereum,USDT,issuer_freeze,,,2024-09-20
0x2d7c2140725e36cb52309d3f52b63e329fde900c,ethereum,USDT,issuer_freeze,,,2025-07-20
0x2dcdc30f3226286bbb2c5aec6ed1beac6ef5fb5d,ethereum,USDT,issuer_freeze,,,2025-01-10
0x2dd2eb56cd4cb11ec41d413ccb2957474858db9b,ethereum,USDT,issuer_freeze,,,2021-03-17
0x2df502f71becc8c432a7074d619ae32104e3e3be,ethereum,USDT,issuer_freeze,,,2025-10-28
0x2e22da0a42635545d0857f9d4de9a0c5dc533f6f,ethereum,USDT,issuer_freeze,,,2026-02-12
0x2e2371f09d83a4137b13dc01a719d8a3ab99cdec,ethereum,USDT,issuer_freeze,,,2026-07-09
0x2e2b305cfd35ab22a767b67a8bf5dceb75c8dc7d,ethereum,USDT,issuer_freeze,,,2020-10-26
0x2e48895525ec3e5c6013ab6fd8908d90ab7bc245,ethereum,USDT,issuer_freeze,,,2024-07-10
0x2e571e1814febbbc76912ad7f8d3d50009be96e8,ethereum,USDT,issuer_freeze,,,2024-06-06
0x2e8f29852c4a2243e407d5d9807d0ae15216df82,ethereum,USDT,issuer_freeze,,,2026-05-01
0x2ef166b673b0933b664393e9e7c5d315179b34de,ethereum,USDT,issuer_freeze,,,2024-03-01
0x2efef1dd54c9a88b1268f3a9ea71f336d845df11,ethereum,USDT,issuer_freeze,,,2024-11-23
0x2f1f5ef2c2ca9f20b27470be5877f1554e778eec,ethereum,USDT,issuer_freeze,,,2026-07-21
0x2f37df0c24bcafbce1467bcd08459ce5fc01db85,ethereum,USDT,issuer_freeze,,,2025-11-12
0x2fa5daf6fe0708fbd63b1a7d1592577284f52256,ethereum,USDT,issuer_freeze,,,2023-07-06
0x2fdc3bc3d7be3bfc17c0fe21cbff7ce9464fb325,ethereum,USDT,issuer_freeze,,,2025-10-30
0x2ff87ee0936926b38fef5d845e8061095b245267,ethereum,USDT,issuer_freeze,,,2024-07-09
0x30106c34c8ef46a000acf888f8ea38a71e7d170d,ethereum,USDT,issuer_freeze,,,2022-03-17
0x3022d3210aee9ca63e725ffea5e2f035f6eaf56c,ethereum,USDT,issuer_freeze,,,2026-01-31
0x307113b50601b9e6a995ceda88fab1976ab5a0d4,ethereum,USDT,issuer_freeze,,,2022-08-12
0x307d6c4256366735328986560e5ff455daaf9229,ethereum,USDT,issuer_freeze,,,2021-03-17
0x3095a74299b97ce5c4b883adc25fcb878a700a04,ethereum,USDT,issuer_freeze,,,2024-07-09
0x30ddc768945a0e27d2a17aa02ef93083a0335277,ethereum,USDT,issuer_freeze,,,2024-03-18
0x30e5fccd9ce4844c93f8106c3ef5415312dedf2c,ethereum,USDT,issuer_freeze,,,2025-02-10
0x30f1537bde1190825b3d43fb0e517b3c3ce84602,ethereum,USDT,issuer_freeze,,,2026-03-18
0x31083543ef3e76447bb44b2d089c8cfbfb1fde82,ethereum,USDT,issuer_freeze,,,2021-01-29
0x3118b3755bc3a4a038663012e1fb0b0314f6cdff,ethereum,USDT,issuer_freeze,,,2024-11-04
0x312284f0b7c2e659d7d8ce03274e12979160c731,ethereum,USDT,issuer_freeze,,,2024-06-06
0x31549f24dc457cbe7b3833915448f3476776e774,ethereum,USDT,issuer_freeze,,,2023-09-01
0x315a3e57f294e6db9c04a0cc05f8440057d55ae1,ethereum,USDT,issuer_freeze,,,2022-10-06
0x315e1335d4f666c64a2a3570ef54fc88bd33c371,ethereum,USDT,issuer_freeze,,,2024-09-18
0x3167f13de0c274085b6c7876b63cefdf3f743e1b,ethereum,USDT,issuer_freeze,,,2022-03-17
0x316af0b427ba533f5a1f5484eec13ddaa4889182,ethereum,USDT,issuer_freeze,,,2024-06-12
0x31c942e20d6e91d3c28d41a861a3694a7ccdec38,ethereum,USDT,issuer_freeze,,,2025-11-19
0x31daf684e54a3422a8fb081dd215f1bbdba8ca7e,ethereum,USDT,issuer_freeze,,,2026-07-13
0x321df98447b5a2518c30e55a40fc1450c57d3533,ethereum,USDT,issuer_freeze,,,2023-01-06
0x32487a63c67af6c823eb92b63131388014b08ec3,ethereum,USDT,issuer_freeze,,,2025-10-08
0x324f99b1a09ad378d4b6372be7632105ddeeac56,ethereum,USDT,issuer_freeze,,,2025-08-05
0x326be61993686c984f112ec5d4b1b0759cbf9a05,ethereum,USDT,issuer_freeze,,,2024-10-28
0x32854585d620b74733430796d5a5ddd4085e3c10,ethereum,USDT,issuer_freeze,,,2023-04-06
0x32a895bae7aa91ee5e423d756eb36b29b1d45785,ethereum,USDT,issuer_freeze,,,2020-10-26
0x32eb1ace445e45f3774174f90233e41494ad41b0,ethereum,USDT,issuer_freeze,,,2024-06-05
0x32f475a608b4ed398c86afc15d7f6df85608f96f,ethereum,USDT,issuer_freeze,,,2025-12-17
0x3302c2ea22520bd5e7ebde0eef31072e9990c18c,ethereum,USDT,issuer_freeze,,,2020-08-10
0x33079f1310119bd4d93bbc332308c408cc2f8571,ethereum,USDT,issuer_freeze,,,2023-07-06
0x33288809c01ae95a95c94f9487c3bf1cf10184fc,ethereum,USDT,issuer_freeze,,,2024-09-07
0x333feb3bf8ac079afa0977b20100ca2d5bfb97dc,ethereum,USDT,issuer_freeze,,,2025-08-27
0x33567d6d79c43c3784079d28c3d1b911598d169f,ethereum,USDT,issuer_freeze,,,2024-07-09
0x3365cff5e0970fbb2cf744796901002d9987c0dc,ethereum,USDT,issuer_freeze,,,2020-09-08
0x3383c5a8969dc413bfddc9656eb80a1408e4ba20,ethereum,USDT,issuer_freeze,,,2020-10-26
0x33b09d87b0e601eea026a2d6d2689a719096aefa,ethereum,USDT,issuer_freeze,,,2022-04-11
0x33c55d65ff2116fc1de1ad48f5bdb85d56dc3f68,ethereum,USDT,issuer_freeze,,,2022-10-06
0x33d0568941c0c64ff7e0fb4fba0b11bd37deed9f,ethereum,USDT,issuer_freeze,,,2020-10-26
0x341bf3ca40fe2ee78d506bfaa593c4ac530eb0b1,ethereum,USDT,issuer_freeze,,,2024-11-12
0x341d5733fa3fcfc060d06127d264fe085a496294,ethereum,USDT,issuer_freeze,,,2024-07-10
0x3431bb7a9a1d229928a090ae21bbfad59e15df33,ethereum,USDT,issuer_freeze,,,2022-10-06
0x343c09328100bb947324bfb538df6ea77a387ef0,ethereum,USDT,issuer_freeze,,,2024-06-04
0x3449fc1cd036255ba1eb19d65ff4ba2b8903a69a,ethereum,USDT,issuer_freeze,,,2021-01-29
0x344d9d600e6b59a51198c00f681603cc72fd62db,ethereum,USDT,issuer_freeze,,,2022-08-18
0x3456f7572e1e2b92666c4fed01edf9df83fe511f,ethereum,USDT,issuer_freeze,,,2026-07-27
0x34721eb6a2e117a14c4624510bb5d42a8f360325,ethereum,USDT,issuer_freeze,,,2025-07-28
0x34859b9eaf1ded149b3e7a9445a2e1e670e74497,ethereum,USDT,issuer_freeze,,,2025-07-31
0x3485fad6dea96f0c6edc86eadfb73e9282f59172,ethereum,USDT,issuer_freeze,,,2021-03-29
0x34ab9f8bb602121b06b52f3cf18873aa6c9fa231,ethereum,USDT,issuer_freeze,,,2024-07-10
0x35234841f083acefcb2544bbcc4d8fe6a7ef19e8,ethereum,USDT,issuer_freeze,,,2024-07-10
0x3546c2d58137654e9b19e250b361b7c4c206a977,ethereum,USDT,issuer_freeze,,,2024-12-09
0x355e1cf77e96a31c670e24ea54cedf1129ca7fcd,ethereum,USDT,issuer_freeze,,,2025-02-10
0x3562461c659ccb778c7c85bb98220f90f90dd1bf,ethereum,USDT,issuer_freeze,,,2025-01-20
0x357c942393d88dcf60daef2d12599c0b1a17cdb8,ethereum,USDT,issuer_freeze,,,2024-06-04
0x3596b415c4750e9993849d610bc33d284cc508b2,ethereum,USDT,issuer_freeze,,,2026-07-09
0x3598e420d848a8661e266adc7793f2c0f13e29ff,ethereum,USDT,issuer_freeze,,,2022-10-06
0x35dedb09089938a44994160dcbd971c91335c556,ethereum,USDT,issuer_freeze,,,2023-07-28
0x3602f3a38ebe0077a187bac005c11d93fdc92335,ethereum,USDT,issuer_freeze,,,2021-03-17
0x36327f4ccff56f13b7b0587dd3a6dc6039709741,ethereum,USDT,issuer_freeze,,,2024-06-04
0x36696b1845b69329fe8dbb4cc2bd7e374f49efa2,ethereum,USDT,issuer_freeze,,,2025-07-03
0x366e2beef3635b644d4698e33ef557449abec8e7,ethereum,USDT,issuer_freeze,,,2024-11-20
0x36817c7b968160c4be0132c5985d0985893a17d3,ethereum,USDT,issuer_freeze,,,2022-06-30
0x36978e3f0daf93168a1f7ffd5f1c3f8804a70f63,ethereum,USDT,issuer_freeze,,,2025-03-11
0x369d0e90ba2a053f4bfc31ca43b9357c9cd08efe,ethereum,USDT,issuer_freeze,,,2025-02-11
0x36ca88359489ad07ba3293a6dfe2f129adede0b8,ethereum,USDT,issuer_freeze,,,2024-03-20
0x36cb773d81e5920ed09e48f586e86df5b452a360,ethereum,USDT,issuer_freeze,,,2024-06-04
0x36e4b11081c251c7817b3a4e03c90a11e4b03b67,ethereum,USDT,issuer_freeze,,,2024-10-17
0x36fc866dce5268d68c1ae91ede771cf57887851b,ethereum,USDT,issuer_freeze,,,2023-01-05
0x3760cd4e92f8bae88bc4541bf5a8a5531eea2c80,ethereum,USDT,issuer_freeze,,,2023-12-11
0x37b9a0e18bf70b009b757c49857b5299745a63a0,ethereum,USDT,issuer_freeze,,,2020-10-26
0x37c545dae781c5ee433e81cdbe54401effd111b4,ethereum,USDT,issuer_freeze,,,2021-04-23
0x37cd869582ddcc9db0cee5c587105cb597a9a76b,ethereum,USDT,issuer_freeze,,,2020-10-26
0x37e77753fb405ece1164b7179ca4800c99f5c7d8,ethereum,USDT,issuer_freeze,,,2020-10-26
0x380a5624f2d3f1d008c362259ffa6b5e9ae8ea69,ethereum,USDT,issuer_freeze,,,2024-10-24
0x3816ff68842b6b1b75d8f6f2e83761dab7bef532,ethereum,USDT,issuer_freeze,,,2024-05-14
0x382ead84df105d269c2cd01314ab060e6d7e43fb,ethereum,USDT,issuer_freeze,,,2022-08-18
0x38466a054e59db14a073f216da71e96d4ffd6b56,ethereum,USDT,issuer_freeze,,,2026-06-27
0x384c4aa36e545d7e4edce95dbe60daba706966cf,ethereum,USDT,issuer_freeze,,,2022-10-06
0x38517d94046bd3678e3a753822c81ca69eb9972c,ethereum,USDT,issuer_freeze,,,2025-10-19
0x386a6517171542a5e9d58ff8e6acf4217e18ee57,ethereum,USDT,issuer_freeze,,,2023-01-20
0x3881add1ede17d0eed41b728f1afbb49067d7ed9,ethereum,USDT,issuer_freeze,,,2025-10-30
0x38a7ad1b9c79446428297932aa2b14875b5a4ebe,ethereum,USDT,issuer_freeze,,,2023-03-18
0x38a8fc7133b11ca8c1128a0c3523435002ea1cfe,ethereum,USDT,issuer_freeze,,,2021-01-11
0x38c4d4a34cbd95535caa18c9dba7156b5695c92f,ethereum,USDT,issuer_freeze,,,2024-07-10
0x38f092c16722d1e9c8353a43b4f86f0cada77d6c,ethereum,USDT,issuer_freeze,,,2023-05-31
0x38f2c464701f9fba24b878b33feef91c4108c5db,ethereum,USDT,issuer_freeze,,,2025-03-07
0x39120fdab06f6503b07f8ceab9b9b7877d9883f9,ethereum,USDT,issuer_freeze,,,2024-06-07
0x39296af2e64065d99aaf57e03ff4d80eb6368a5b,ethereum,USDT,issuer_freeze,,,2025-05-21
0x3936dda199ddc4eb76239b20320aa742c85cfe78,ethereum,USDT,issuer_freeze,,,2025-05-23
0x394b7820d856433578c7be7cfb775cff942689bd,ethereum,USDT,issuer_freeze,,,2025-10-30
0x396213452da6b60aca7c487f6c3f2260a99cadfb,ethereum,USDT,issuer_freeze,,,2021-03-17
0x39816b333c7714e336139546af85fba52a422ddd,ethereum,USDT,issuer_freeze,,,2024-12-05
0x399d4bd869012762832996d8817580b20db0669c,ethereum,USDT,issuer_freeze,,,2022-06-30
0x39a62d1cbee5f86a01f14b6e6148d5ca0e018c66,ethereum,USDT,issuer_freeze,,,2025-05-01
0x39b611fcbe7f45305bb54d490de5e5b0766fe4a8,ethereum,USDT,issuer_freeze,,,2026-02-02
0x39c5088b3019cab57ee8d5b2798fe55b8c3a560d,ethereum,USDT,issuer_freeze,,,2020-08-10
0x39e32859fb15b101c439747029bf457a2862d5f2,ethereum,USDT,issuer_freeze,,,2024-04-19
0x39f3bc845a4f78d63d6995567f5ebeaaec9ba29c,ethereum,USDT,issuer_freeze,,,2025-01-17
0x3a20f163d40c046311d1f91d015bc65bcbff671c,ethereum,USDT,issuer_freeze,,,2021-10-22
0x3a2e5060234e5ea164769fb97593761fbe57e957,ethereum,USDT,issuer_freeze,,,2024-10-28
0x3a515d2bc1924983245fe52a83ccbe5c470be484,ethereum,USDT,issuer_freeze,,,2025-04-22
0x3aa05b4fae5b011f4554401975de0e01f96bd576,ethereum,USDT,issuer_freeze,,,2023-07-06
0x3abf9cf94bbb3f0c16e512ef515ce84e908f0516,ethereum,USDT,issuer_freeze,,,2025-03-11
0x3ac4a91b718b9845d4519936ea4db8fb2a6ec115,ethereum,USDT,issuer_freeze,,,2020-09-11
0x3ac53c9acceb59d37ea663ff7f57004d00f7c0f5,ethereum,USDT,issuer_freeze,,,2022-03-17
0x3accbf950cabcfabec6846408b43af4941883f24,ethereum,USDT,issuer_freeze,,,2025-11-22
0x3aeeeb874cf2984d2bf462baf05e49d1d9a8d075,ethereum,USDT,issuer_freeze,,,2024-10-28
0x3b00d4664b9921f9f7b3d07f64401cf0a9de7213,ethereum,USDT,issuer_freeze,,,2022-10-06
0x3b022ad65c12b6d1f9066b7714a75abf3b43ca15,ethereum,USDT,issuer_freeze,,,2026-06-26
0x3b14a130e5cf4a6793a58be3ff05d3ef876d7822,ethereum,USDT,issuer_freeze,,,2025-06-23
0x3b2324dc574dd7c025aece22209e50b40bf9c338,ethereum,USDT,issuer_freeze,,,2025-06-05
0x3b2a153a99f1855d8aefe2c925c796eeb0b78d60,ethereum,USDT,issuer_freeze,,,2020-10-26
0x3b2aca3b9d5f84a5f4a838c3954693ba639a9d88,ethereum,USDT,issuer_freeze,,,2021-03-17
0x3b5480b0f5faf66ce4cf876a116f94010fb2098f,ethereum,USDT,issuer_freeze,,,2025-10-01
0x3b76a3699b563ad1af98ad581714c72315c83607,ethereum,USDT,issuer_freeze,,,2024-02-02
0x3b7f525dc67cca55251abb5d04c81a83a6005269,ethereum,USDT,issuer_freeze,,,2022-05-13
0x3b9f47e7054cd07ab58837cacf8fc3c0859f0854,ethereum,USDT,issuer_freeze,,,2021-01-11
0x3b9fb7099a4fabcf25c5711f3e2d2769039aeb30,ethereum,USDT,issuer_freeze,,,2023-07-06
0x3ba1368b69dad3c639072bf9ecf00ce9e5658e07,ethereum,USDT,issuer_freeze,,,2024-10-30
0x3ba77c8fa29d7fc3456d280a855affeac3fd6074,ethereum,USDT,issuer_freeze,,,2026-06-26
0x3bf04bd8b60b8f8932c51fc891761eb2454f97de,ethereum,USDT,issuer_freeze,,,2026-08-08
0x3c0791b22d4a4f37641323464b15d20082a1a1c6,ethereum,USDT,issuer_freeze,,,2024-07-10
0x3c0b13d7b8aca92b7be17152c257eb38e26e505b,ethereum,USDT,issuer_freeze,,,2023-11-23
0x3c608f1c9755c1102a95766d8fc2b4dceb1bb15b,ethereum,USDT,issuer_freeze,,,2024-07-10
0x3c74bc3a3b243e600fdd41a605300ac2eac2572f,ethereum,USDT,issuer_freeze,,,2023-08-01
0x3c980a2616234a2c3d9a8f69370be1ec62ecb56b,ethereum,USDT,issuer_freeze,,,2026-07-27
0x3c98d617db017f51c6a73a13e80e1fe14cd1d8eb,ethereum,USDT,issuer_freeze,,,2023-04-10
0x3cadc4144ccdc15891c1f6f77a09e5d341fcc01a,ethereum,USDT,issuer_freeze,,,2025-03-25
0x3cc190842a402950258e2925dcc6b1ee397d7e3b,ethereum,USDT,issuer_freeze,,,2024-07-10
0x3cf29f9d275fd16d0337f28f502299dfb67b8893,ethereum,USDT,issuer_freeze,,,2025-07-19
0x3d1509a83fa64729ff23a824309df91360ba926f,ethereum,USDT,issuer_freeze,,,2025-10-19
0x3d3b5c1794beca597d6541369f70a40ec4ef98dd,ethereum,USDT,issuer_freeze,,,2024-06-17
0x3d7eea656a95285669c06386d78ce53f02af0904,ethereum,USDT,issuer_freeze,,,2023-12-11
0x3d945c59b6dcb87b3f5c2484abc9f3d0a9de0581,ethereum,USDT,issuer_freeze,,,2025-07-08
0x3dc1dea6db1c4bdf9d4416f7d69e117cbce58452,ethereum,USDT,issuer_freeze,,,2024-03-20
0x3df6c91c524cb73df79f7a4a5e5f2618ee557551,ethereum,USDT,issuer_freeze,,,2026-03-26
0x3df918672facfc6d1d892d1cd059fe37e77e53b8,ethereum,USDT,issuer_freeze,,,2026-01-19
0x3e1727e5840c85560d14249621fee1b1d667edb8,ethereum,USDT,issuer_freeze,,,2025-01-07
0x3e1b373f18110bd7986b5cb6826300f5f3fd87b0,ethereum,USDT,issuer_freeze,,,2025-02-22
0x3e24f610639e105173003ef1c47dc4dbaa33f8d7,ethereum,USDT,issuer_freeze,,,2023-03-31
0x3e2a47e085225b0dc123a04fb48dc611766c5855,ethereum,USDT,issuer_freeze,,,2021-03-17
0x3e2bf2822a6086ac0cca35f52714b953f2436f29,ethereum,USDT,issuer_freeze,,,2022-10-06
0x3e732383de30e25ab0cafbe05bc3aab0eef86129,ethereum,USDT,issuer_freeze,,,2020-10-26
0x3e9bc21c9b189c09df3ef1b824798658d5011937,ethereum,USDT,issuer_freeze,,,2020-09-30
0x3ea8b081806a189cbc8ddc345bb184b813924ae8,ethereum,USDT,issuer_freeze,,,2022-04-16
0x3eb228061617a9e1e21294da11baa74fafabdc58,ethereum,USDT,issuer_freeze,,,2024-06-06
0x3eb3e094389cd8c983305ae1e31a90fd5cc3b8a4,ethereum,USDT,issuer_freeze,,,2025-09-04
0x3ec9ea7c8b37914f86a61eb36e5f1d43185e09ef,ethereum,USDT,issuer_freeze,,,2021-04-28
0x3ee372edf20782b16f8af94ec08e8d78ac00eb5c,ethereum,USDT,issuer_freeze,,,2025-03-04
0x3ee5555a3c3e56ad351b2dd4f10926d0d584232a,ethereum,USDT,issuer_freeze,,,2024-06-07
0x3ef130a38c6719c578747e2eb4fce5a2e887a151,ethereum,USDT,issuer_freeze,,,2021-03-17
0x3f10184709c7f83a16f72db2018c3cecf37d6c82,ethereum,USDT,issuer_freeze,,,2025-11-05
0x3f30ed083fb98724302be4f376543c847e018188,ethereum,USDT,issuer_freeze,,,2026-03-03
0x3f382dbd960e3a9bbceae22651e88158d2791550,ethereum,USDT,issuer_freeze,,,2020-09-30
0x3f398a03b751c9b9f4f2fbbba5a57003a4315a01,ethereum,USDT,issuer_freeze,,,2022-06-30
0x3f42cc9bd1347ea72aaad9f897c98a3546de1df9,ethereum,USDT,issuer_freeze,,,2023-09-01
0x3f6ccccd077d842af5b815e8cc9001f54069e5e1,ethereum,USDT,issuer_freeze,,,2024-05-13
0x3fd82af5a74c621ba531d92628faf395eb4db170,ethereum,USDT,issuer_freeze,,,2025-10-10
0x3fda951e04f7bb8651dffc0e0a1000e57d56644e,ethereum,USDT,issuer_freeze,,,2026-01-17
0x3fdee67c0c22b04628c6ca687b356d3b4975efba,ethereum,USDT,issuer_freeze,,,2023-06-19
0x4042052e9f32f53030838baf86a51b4b65b64b93,ethereum,USDT,issuer_freeze,,,2023-07-06
0x407a9e7530fed00a9ca0a897a4bc0eaaf73a8469,ethereum,USDT,issuer_freeze,,,2024-07-10
0x4083625bdf4491e93e0faebbc1a4a4e23690b19c,ethereum,USDT,issuer_freeze,,,2026-08-17
0x40bd23247911dcc8f632f1efba4bd676b9ddfde4,ethereum,USDT,issuer_freeze,,,2025-10-20
0x40c94727e25194536860ee287a489b7f76a94790,ethereum,USDT,issuer_freeze,,,2024-06-17
0x40d3c991b9cecf8b390f3622bf4cb9418283e57c,ethereum,USDT,issuer_freeze,,,2020-05-06
0x40d66b4328c835d0e5ad4751469f15d9085f0d24,ethereum,USDT,issuer_freeze,,,2025-03-03
0x4100dbff2dda958586fc661b1059e74f2c267385,ethereum,USDT,issuer_freeze,,,2025-07-19
0x410a6626524b30c2e59bdb7ec81d4c154038f3e9,ethereum,USDT,issuer_freeze,,,2022-09-13
0x411cb0c617df110a0db8a6b7f9727cbcf7a8eb4e,ethereum,USDT,issuer_freeze,,,2026-01-20
0x412a6da2d03871bfaab980ecdca9d61f432efb13,ethereum,USDT,issuer_freeze,,,2024-06-05
0x412fe62f79ca9ab9ebd0237deeee7eb0dd6cf750,ethereum,USDT,issuer_freeze,,,2025-11-22
0x415b0c35839012fb254ff6074c2be701256de853,ethereum,USDT,issuer_freeze,,,2026-02-20
0x4166ab48ed12a060628905ab672e4a24d20310d9,ethereum,USDT,issuer_freeze,,,2021-01-29
0x4179f50cd49b77ea254128ca602b88279cf2c12c,ethereum,USDT,issuer_freeze,,,2024-07-10
0x417d46b12ebfb45cdf3403e99a760798db3737fd,ethereum,USDT,issuer_freeze,,,2020-10-26
0x41860c3914c55ad6f63d5c6fd2a2cd6c893a2fc7,ethereum,USDT,issuer_freeze,,,2021-01-29
0x4199e5ad9d90217c45e0271a26f27e28d03d2b9a,ethereum,USDT,issuer_freeze,,,2024-07-10
0x41c3b8b5cfdd29de2941dae4a956cc9f057ac767,ethereum,USDT,issuer_freeze,,,2025-01-16
0x41f0a68283692dc27c1b7182d8a4c845f606f0c0,ethereum,USDT,issuer_freeze,,,2026-08-03
0x41fe1ae1599922a9b0cf911023607427ab5b9ad6,ethereum,USDT,issuer_freeze,,,2024-10-28
0x42476f744292107e34519f9c357927074ea3f75d,ethereum,USDT,issuer_freeze,,,2021-10-05
0x4263920e309f6b8903f54b9745c476649772b86b,ethereum,USDT,issuer_freeze,,,2025-11-24
0x4280926bd82cab3dd90ad637af9a1ad7cf4d5cd8,ethereum,USDT,issuer_freeze,,,2026-05-30
0x428467c2794bf44d2d542619473934a6c19af6ed,ethereum,USDT,issuer_freeze,,,2021-03-17
0x4295a1d5b19aa6f9dbe98358944e2f20b9c8d631,ethereum,USDT,issuer_freeze,,,2021-03-17
0x42a3d4cf2286ae0c9cd4994e9f844b3cba0c666d,ethereum,USDT,issuer_freeze,,,2024-07-10
0x42aa2097a0a55a5883273808e573b2d9b176aec3,ethereum,USDT,issuer_freeze,,,2024-10-28
0x42ae1d6a320e93f119d6f136912cfa12f0799b8b,ethereum,USDT,issuer_freeze,,,2023-09-01
0x42b07bd8c55bfe4d20c4be2d62bc2c0d905ef9e7,ethereum,USDT,issuer_freeze,,,2020-10-26
0x42b731c272a13e12b825363f6e58930ebb98d73c,ethereum,USDT,issuer_freeze,,,2024-05-11
0x42bb168d6c042b68709b2142243c0e205fdd1b8d,ethereum,USDT,issuer_freeze,,,2025-08-14
0x42d40a19bfb9d0d7aabf694fed138332af1312ac,ethereum,USDT,issuer_freeze,,,2025-05-30
0x42d50d510c0d027b8b74253f6f6be44625890145,ethereum,USDT,issuer_freeze,,,2024-05-14
0x42d6f396fff82fda616723659b22417f41e9b523,ethereum,USDT,issuer_freeze,,,2024-07-10
0x42d8568c56c44e070f51ff9d268b6388ef2f846d,ethereum,USDT,issuer_freeze,,,2021-10-29
0x42ee4a43c7c67ca0a3b8b8908d6db4f92d98ab07,ethereum,USDT,issuer_freeze,,,2024-06-07
0x4355849b431db6a75b06535532299b82529300c9,ethereum,USDT,issuer_freeze,,,2020-08-10
0x436c7f7bbe63d4ac53d3c8f55446958038781703,ethereum,USDT,issuer_freeze,,,2024-03-18
0x438c8f66769cb42baa2d9d81b05bd9782ee92967,ethereum,USDT,issuer_freeze,,,2026-01-19
0x43d70985e2336eef64342a9393af7dfc2aa7744a,ethereum,USDT,issuer_freeze,,,2024-09-18
0x4406da9deb276e89e4a839f30b0268115b1c0183,ethereum,USDT,issuer_freeze,,,2022-10-06
0x44281fe195402ed29c8067ef107c1dd4b6fbefb2,ethereum,USDT,issuer_freeze,,,2020-10-26
0x447178007a95b9a5586707e2d55b88176fd29c35,ethereum,USDT,issuer_freeze,,,2024-09-18
0x4484656e7aed645c15ff01c6a4a857f01a604bb6,ethereum,USDT,issuer_freeze,,,2024-03-20
0x44b26d0c71384f77faec94d40a74f9e50917460d,ethereum,USDT,issuer_freeze,,,2024-12-09
0x44b55c397850e958b810fee379a96326c7b87813,ethereum,USDT,issuer_freeze,,,2026-08-13
0x44c9503188827034377353a9f6d876eea15933c9,ethereum,USDT,issuer_freeze,,,2024-03-05
0x44ea04886b5b67f0f861a37254e43beee2f3b049,ethereum,USDT,issuer_freeze,,,2026-07-13
0x450195a34602fa0f8f1eaa82646abead93641953,ethereum,USDT,issuer_freeze,,,2023-02-23
0x452d50e7508af8285f9c145e11f825ee22d95927,ethereum,USDT,issuer_freeze,,,2026-05-29
0x45412c2a74ff5a3a282e49fc163e4d8c72e25d1f,ethereum,USDT,issuer_freeze,,,2020-10-26
0x458bdc2bca5ef5cbd6b806c96b52d1f4c2f55c97,ethereum,USDT,issuer_freeze,,,2026-06-04
0x4596d093a1faf9aa8621264e2cb3bfff518d9611,ethereum,USDT,issuer_freeze,,,2022-09-13
0x459ce908b9dd5d430a386f18f49b521bba4920cd,ethereum,USDT,issuer_freeze,,,2021-07-11
0x45ce164a3033469b77adc5a4effb134254bb127a,ethereum,USDT,issuer_freeze,,,2022-05-11
0x45d542e7ea62afe999d5335c8282d740008694da,ethereum,USDT,issuer_freeze,,,2024-02-13
0x45dddbf8b699d462044c12e6e71c31c2a0e929ad,ethereum,USDT,issuer_freeze,,,2026-04-10
0x45f24baeef268bb6d63aee5129015d69702bcdfa,ethereum,USDT,issuer_freeze,,,2020-09-11
0x45ff736c9ba7d2b52d6fc25e91d4f390e61f44a3,ethereum,USDT,issuer_freeze,,,2025-12-10
0x4621155a442bbaed90751676eb22b66420018e23,ethereum,USDT,issuer_freeze,,,2025-07-18
0x463f8238847057fb753e5b4fd6ef0c4831354e2e,ethereum,USDT,issuer_freeze,,,2026-06-27
0x4663c4df09d4dd347197507defd1551b6ce10067,ethereum,USDT,issuer_freeze,,,2023-12-11
0x46772868025dff7ada4e19a4e332588cc939da67,ethereum,USDT,issuer_freeze,,,2025-10-08
0x46828cf3f878ba944600eda602bc7b8aaed9420c,ethereum,USDT,issuer_freeze,,,2024-12-18
0x46877bee8e9ed936659196b760e9dce21ddaab69,ethereum,USDT,issuer_freeze,,,2026-06-02
0x4688a8b1f292fdab17e9a90c8bc379dc1dbd8713,ethereum,USDT,issuer_freeze,,,2021-03-17
0x469e5dbfcf619f5f02631d643de99cbe8635d480,ethereum,USDT,issuer_freeze,,,2022-03-05
0x46aa7219b792c23e358c1deb7a42103129e36898,ethereum,USDT,issuer_freeze,,,2022-05-27
0x46e5796d9d1d76315a9c4b004c00b5d2b6d04ff9,ethereum,USDT,issuer_freeze,,,2024-10-28
0x4702a667220ab3692c656c931c22edf7544325dc,ethereum,USDT,issuer_freeze,,,2023-12-09
0x472cd469a2147dac3c77b3655061ec3192116491,ethereum,USDT,issuer_freeze,,,2026-08-20
0x47409050f0ced07aac3dae0c48aa6fe8db63455d,ethereum,USDT,issuer_freeze,,,2020-10-26
0x474604bcaf36fdf518becfcaebb0c98b5b85a152,ethereum,USDT,issuer_freeze,,,2024-04-02
0x476047b7ea94e560555b98f850dd3a085375b9d2,ethereum,USDT,issuer_freeze,,,2025-09-01
0x476be4e3773737e653bdc1eae9b568b19197cc84,ethereum,USDT,issuer_freeze,,,2024-04-24
0x4787946e27ba984b1f7de57469fba64c859a2a4d,ethereum,USDT,issuer_freeze,,,2021-03-17
0x478e8ed8d05fb1a2bbd8f5a2b9b127ab71865afc,ethereum,USDT,issuer_freeze,,,2025-01-08
0x47967fe27f07fb54e9f4daa2541c0f75e27ddde7,ethereum,USDT,issuer_freeze,,,2026-04-24
0x47a5c6d99024dcd12c734a66bd6bce6d61fc757c,ethereum,USDT,issuer_freeze,,,2025-01-23
0x47bd184e6483d21e474bfaf48bb6f43090c73194,ethereum,USDT,issuer_freeze,,,2024-04-18
0x47d736587dc0be5d1713311064a7c7b69146f5cd,ethereum,USDT,issuer_freeze,,,2025-07-23
0x47d9b99b239aee283ba10d8d4d6c2269b22b5208,ethereum,USDT,issuer_freeze,,,2025-08-01
0x47e553546a125b57a4802e75a942fc4d0fe4d524,ethereum,USDT,issuer_freeze,,,2021-03-17
0x47f78a978868501e5b10fd2218222d21698cb286,ethereum,USDT,issuer_freeze,,,2025-01-24
0x480c437379e34dba27db7fbec6ee971990e1f3ae,ethereum,USDT,issuer_freeze,,,2025-03-06
0x4812042a9fdf864ffd80d298628b23a3cc4f8988,ethereum,USDT,issuer_freeze,,,2020-10-26
0x4847761d6576f911345ae2998397e6d4dfb2ad73,ethereum,USDT,issuer_freeze,,,2021-11-07
0x487860d44e5c27c467343da9da0f263a958c9575,ethereum,USDT,issuer_freeze,,,2020-11-04
0x487f14c3b13db5d62283454e8a013920b3c054d3,ethereum,USDT,issuer_freeze,,,2025-01-10
0x48badfa52ec26d335e775e2c9587e023e9990260,ethereum,USDT,issuer_freeze,,,2021-08-05
0x48baf0244f2dbeffb564072f3c37de272da710af,ethereum,USDT,issuer_freeze,,,2026-02-20
0x48bead89e696ee93b04913cb0006f35adb844537,ethereum,USDT,issuer_freeze,,,2023-07-08
0x48bfbd318aaec4ebe2d828120fddb3be5d60206a,ethereum,USDT,issuer_freeze,,,2024-07-09
0x48cfafe2460570575e80eacd4f762c7cf8f6f3b3,ethereum,USDT,issuer_freeze,,,2024-04-02
0x4926889a6e354def48d5d83082e60b2674b224ce,ethereum,USDT,issuer_freeze,,,2025-01-30
0x4933038d1ab1e8d042c3944fee2c2d4cb2b02fcf,ethereum,USDT,issuer_freeze,,,2020-10-26
0x4936fc77cb0605d64037a0e88949133a62620bf2,ethereum,USDT,issuer_freeze,,,2026-05-13
0x49662eba5ae85c5d2a64c6e59021b5c5831ecff6,ethereum,USDT,issuer_freeze,,,2021-03-17
0x4971a47493f3700a629c20ff5281ce568a4a9704,ethereum,USDT,issuer_freeze,,,2024-12-06
0x497cea51ac9bfc1ada8b17cfad2322c30c32d565,ethereum,USDT,issuer_freeze,,,2024-11-04
0x49904c3fd861845b0c967063cceda7656a9933fd,ethereum,USDT,issuer_freeze,,,2024-04-13
0x49e48c946593d793e0ea06ceb371eeb3e5a1ea52,ethereum,USDT,issuer_freeze,,,2021-10-21
0x49f2145d6366099e13b10fbf80646c0f377ee7f6,ethereum,USDT,issuer_freeze,,,2023-07-06
0x49f508bd95c3e7fba1678f5e486e4d9b1bcc8eeb,ethereum,USDT,issuer_freeze,,,2022-10-06
0x4a0730993125a6fa22342d72c7ff34f86a2bd535,ethereum,USDT,issuer_freeze,,,2025-07-28
0x4a09c768c61681849c31a1602fd9ea79b8a85b30,ethereum,USDT,issuer_freeze,,,2024-09-09
0x4a4693fcb71204d6c84a6a7e5f795f57b1d44b7b,ethereum,USDT,issuer_freeze,,,2024-02-13
0x4a650f44a196cc7c879470f31ff9777d4ee78779,ethereum,USDT,issuer_freeze,,,2023-09-01
0x4ac436e1a66f61e9521d9740275e534e5b43e8e8,ethereum,USDT,issuer_freeze,,,2024-06-07
0x4ad0aaaee18a66b12caff45df515c0047a8dac0c,ethereum,USDT,issuer_freeze,,,2026-06-16
0x4b2b102daebefaeb0034fc655173fc7533fb3229,ethereum,USDT,issuer_freeze,,,2026-06-14
0x4b2ed1d8c679985719ef5a5a822f3ed7ada5fda6,ethereum,USDT,issuer_freeze,,,2024-07-10
0x4b3f2fd48e9ff45a50e10f774ec28a9103e80cf6,ethereum,USDT,issuer_freeze,,,2024-02-06
0x4b4d2e899658fb59b1d518b68fe836b100ee8958,ethereum,USDT,issuer_freeze,,,2021-01-29
0x4b6d1ce5887f5dbfbf91797917c1d19f912eaed2,ethereum,USDT,issuer_freeze,,,2022-03-17
0x4b9e20ce658ae224176105f709dcc74948604a77,ethereum,USDT,issuer_freeze,,,2026-07-31
0x4b9f1c01099a4ea4b5272d8f61ea6dfb0c84f3ba,ethereum,USDT,issuer_freeze,,,2022-06-30
0x4bac7c006255a612348d28e9141258319f8aa852,ethereum,USDT,issuer_freeze,,,2025-07-07
0x4c248143cc00a19a204716576cc2b4b9823ee7be,ethereum,USDT,issuer_freeze,,,2025-10-09
0x4c7fe16d85dc0e1c2f68ded823e7127b35c4e694,ethereum,USDT,issuer_freeze,,,2025-10-02
0x4c817bfbc703eff688b3fa39ef626627b6460b03,ethereum,USDT,issuer_freeze,,,2024-06-18
0x4cba3fd2875510807f75fa73b9689c1a7d7295ce,ethereum,USDT,issuer_freeze,,,2026-06-27
0x4cbc672f5c4870c455032267be1893af7e040f28,ethereum,USDT,issuer_freeze,,,2022-03-17
0x4cbeb09caa4dddde613cedfe2f73a92f07fc858f,ethereum,USDT,issuer_freeze,,,2025-01-15
0x4cd05d0634697276a6fda7b7de2afb0123444d08,ethereum,USDT,issuer_freeze,,,2023-05-09
0x4cd063c38b1602fabc6248da68f25efdfad00dbf,ethereum,USDT,issuer_freeze,,,2026-04-12
0x4cd1761af5c771fb4046ed0f6ed39239f466f63b,ethereum,USDT,issuer_freeze,,,2021-06-07
0x4cd625d4daefa931464ae41b3be0f1360e34d14b,ethereum,USDT,issuer_freeze,,,2025-07-12
0x4ce8f6dcc5368f20538885591c994f2a4abe9d19,ethereum,USDT,issuer_freeze,,,2024-07-20
0x4d195277855c60e09ac8c25dfc95d4768e1f1332,ethereum,USDT,issuer_freeze,,,2021-06-02
0x4d4c7b8dbaef3b23248d4d22179e0a74410d3d3f,ethereum,USDT,issuer_freeze,,,2022-10-06
0x4db8dc124302285674510e440f1822d51167c1d3,ethereum,USDT,issuer_freeze,,,2025-09-30
0x4de23f3f0fb3318287378adbde030cf61714b2f3,ethereum,USDT,issuer_freeze,,,2021-07-11
0x4debafea523bd94dbe030836e1dd3b6e64a79ea7,ethereum,USDT,issuer_freeze,,,2020-10-26
0x4e02638d32b8c3d7fdf39ed9ce6f4d26ace39951,ethereum,USDT,issuer_freeze,,,2024-03-15
0x4e0c5f78efeeedf31031fcec7bb41330e179a9aa,ethereum,USDT,issuer_freeze,,,2024-09-20
0x4e220a522a7473319534968e5935f54755c1ed29,ethereum,USDT,issuer_freeze,,,2021-01-29
0x4e31f4ee7ee7dd58cca2be6b4934469e61a634d6,ethereum,USDT,issuer_freeze,,,2021-01-11
0x4e31fb0b3f55d5b12cb307222373ae2dc186b346,ethereum,USDT,issuer_freeze,,,2024-07-10
0x4e5cda8f0d772ac57e947545192a0657ad47abb5,ethereum,USDT,issuer_freeze,,,2024-06-25
0x4e67f8ec639c06e4bd5faba4c7a71cd0ac03afc6,ethereum,USDT,issuer_freeze,,,2025-09-23
0x4e691d92c4615d7cfe927762b657e06422e6b709,ethereum,USDT,issuer_freeze,,,2025-10-08
0x4e6980fff3c75eb870900ea2e08ef6f70bee18f3,ethereum,USDT,issuer_freeze,,,2026-07-06
0x4e6d4f64f0a72e54f43b148706e85a1a0f7c7b06,ethereum,USDT,issuer_freeze,,,2021-07-28
0x4e73c5f93b3de80cac4c3474039b313e2e8ae799,ethereum,USDT,issuer_freeze,,,2021-10-22
0x4e9dba141924219fc2c4cffc1f48e6baf113e48a,ethereum,USDT,issuer_freeze,,,2024-05-15
0x4ea95fdaa57b8594b7ef740d2a7e163e05c67b59,ethereum,USDT,issuer_freeze,,,2020-11-04
0x4eaa957fdded610f13e0bb03416f0b0093b99851,ethereum,USDT,issuer_freeze,,,2022-10-06
0x4ef0064a2620eab099428b33033a99f66a282d46,ethereum,USDT,issuer_freeze,,,2026-09-08
0x4f0d64974f26f6af17fa783dd1c5f459576990c3,ethereum,USDT,issuer_freeze,,,2025-11-05
0x4f1e734cfb2720ccf94345e5d90f17f8c459ce32,ethereum,USDT,issuer_freeze,,,2022-06-30
0x4f87f64d1914c7032e4b40368b89b6c61e91a71c,ethereum,USDT,issuer_freeze,,,2025-04-29
0x4f9bef057ae1fb07c0ba2045b18b57359ce664a8,ethereum,USDT,issuer_freeze,,,2024-03-18
0x4fac0f6a28ddce3b5ec81a08499fb75a3fb421d1,ethereum,USDT,issuer_freeze,,,2024-04-09
0x4fea63cbdb28f9a8fe2b4a55fe503db71dbf5807,ethereum,USDT,issuer_freeze,,,2026-06-08
0x4feb71333c2a9fe81625a5727ab0ed33dc77b841,ethereum,USDT,issuer_freeze,,,2024-03-15
0x5018cf5f48a09c46b4833890cc2cf0df2533d16a,ethereum,USDT,issuer_freeze,,,2023-11-10
0x506dd68c3a9f51606831c2112ca524992748df9e,ethereum,USDT,issuer_freeze,,,2022-04-01
0x50716fc69c64be50eb122d162ebb65d09835791e,ethereum,USDT,issuer_freeze,,,2026-06-26
0x5095617268d07772ef684ee0f81b399f0a386ec8,ethereum,USDT,issuer_freeze,,,2025-01-16
0x50b6071561f068963bcfe2b341126cd6accafafb,ethereum,USDT,issuer_freeze,,,2020-10-26
0x510230cf57a20d427446412b48eadf8d17cea81f,ethereum,USDT,issuer_freeze,,,2024-05-31
0x510629aff70c21f53aae6ab00a4cccbe1c636d50,ethereum,USDT,issuer_freeze,,,2026-09-02
0x511d50d6ee60080cc5166ab16cafede534c8d72c,ethereum,USDT,issuer_freeze,,,2022-08-10
0x512851f5c5665da0834e6d4d97e8d512c9749157,ethereum,USDT,issuer_freeze,,,2026-08-27
0x51710b457852a08ea07404b9a61f2ab3e352197a,ethereum,USDT,issuer_freeze,,,2023-01-17
0x5183fed33e8bc603b3b6100c46cf866ed200b66e,ethereum,USDT,issuer_freeze,,,2026-09-11
0x518bf030c99c9f67fb708fdda1f2932358987bb8,ethereum,USDT,issuer_freeze,,,2025-12-03
0x5194a3e82eb92896e63d50232d2292cbb716ed70,ethereum,USDT,issuer_freeze,,,2023-12-01
0x5198029e2f40c6893232316b25a5aa0fe9492ee3,ethereum,USDT,issuer_freeze,,,2023-12-04
0x51b79c041ced15fa66c02719625cba0787b8fc3e,ethereum,USDT,issuer_freeze,,,2025-10-24
0x51c73513c4902b8e12747041747aff7021f7cee5,ethereum,USDT,issuer_freeze,,,2024-07-10
0x51d0d3a1912263bdf3b103ad13b6b03598c5680d,ethereum,USDT,issuer_freeze,,,2020-10-26
0x51d5c14c7c90c41b4c49daf0ff9def851cd2a25d,ethereum,USDT,issuer_freeze,,,2022-03-05
0x51dc0d08a01ce128897b200bc47639ffaa9ca8d5,ethereum,USDT,issuer_freeze,,,2025-08-18
0x51fd633077046cd726332b595e3a8a25750ea9d5,ethereum,USDT,issuer_freeze,,,2025-03-14
0x520bbe035b3a84cbb63b29d35c51ec7f4f8a0161,ethereum,USDT,issuer_freeze,,,2024-12-05
0x520c1a9173b82f45195abccba29839526558c43f,ethereum,USDT,issuer_freeze,,,2026-03-24
0x523a32b76df1099fa0bac841f1ea846fdad39232,ethereum,USDT,issuer_freeze,,,2024-06-01
0x523eeafdac23fa2cb0c3873cda4818cdc80e28e8,ethereum,USDT,issuer_freeze,,,2020-10-26
0x5247136e1fe6a86b9cddce7c97dbe6c930e67aeb,ethereum,USDT,issuer_freeze,,,2025-10-19
0x5253cf26459b71da2ac3152329f010f42058c284,ethereum,USDT,issuer_freeze,,,2025-07-31
0x5259279e97b795c9cd5fa533143ca0d47ae1d9d3,ethereum,USDT,issuer_freeze,,,2024-07-10
0x526e4783aa4be86d49b8e4a31e7394864b1a1eda,ethereum,USDT,issuer_freeze,,,2022-06-30
0x5299a8b76ca80a7c7ca6b4e567e2cab64bc82d72,ethereum,USDT,issuer_freeze,,,2024-07-10
0x529c3a6253e803fe6cffe9b8f3eb735df2e19c28,ethereum,USDT,issuer_freeze,,,2021-01-20
0x52c625b3920bb70e3a12daa2895eb0dbfebddf85,ethereum,USDT,issuer_freeze,,,2023-04-21
0x52ca381e39de2ccaa4db315cbf338e14e9c14bda,ethereum,USDT,issuer_freeze,,,2024-10-28
0x52f6335d6b6fe435f0c0898d8a007b633b7978df,ethereum,USDT,issuer_freeze,,,2021-04-28
0x5313466d94678524dc877aa78056cddecf3ae53d,ethereum,USDT,issuer_freeze,,,2023-05-31
0x531e9dcf6b0ce81935ed8a95ade84f6d3fef8966,ethereum,USDT,issuer_freeze,,,2024-10-26
0x532961b23a28a9e5a8b1769bdb3e8906fc7c7a01,ethereum,USDT,issuer_freeze,,,2025-01-18
0x5357ca709f0469c4a4de562d96cfec65e87e7e8d,ethereum,USDT,issuer_freeze,,,2020-10-26
0x53683188758dd7278d9b350af5dafb87c8cac684,ethereum,USDT,issuer_freeze,,,2024-10-28
0x53789a30899efad6613c39d7da51dea1e39bd220,ethereum,USDT,issuer_freeze,,,2024-03-18
0x53ba94ac472dbec5ad4cb28da03e366f73db45ec,ethereum,USDT,issuer_freeze,,,2021-03-17
0x53ed67bbdc9d8a3d4822bb5320f086074ab563a7,ethereum,USDT,issuer_freeze,,,2025-11-05
0x53f891c692b9fedb3a7e4edb63bfe8b2aa9d1349,ethereum,USDT,issuer_freeze,,,2024-03-29
0x5411fc83cd10b24166aae4912c0009029bed3723,ethereum,USDT,issuer_freeze,,,2024-06-06
0x54142c5c49ac0172a0ab1dc7c637e226229a7007,ethereum,USDT,issuer_freeze,,,2024-10-28
0x5422668559212840db64ad81f79226d82340e5a6,ethereum,USDT,issuer_freeze,,,2024-10-17
0x5435b8e637d70cfc505ed46d32c81ece1508aa65,ethereum,USDT,issuer_freeze,,,2023-10-13
0x5435ee8414d495d6eb15c79f5b10ed5f6684f448,ethereum,USDT,issuer_freeze,,,2020-10-26
0x543bfa3d40848da53994b3a08dcd6638752ad56f,ethereum,USDT,issuer_freeze,,,2021-01-29
0x54502f5760ca4e46cae8365871a95498c0ffae62,ethereum,USDT,issuer_freeze,,,2025-09-26
0x545ba724c75521c7962537ebc1e708064c64a2d0,ethereum,USDT,issuer_freeze,,,2024-09-20
0x54681ea2a9aec17322b9b594a121868976ca42be,ethereum,USDT,issuer_freeze,,,2026-04-09
0x54a71549cc3bb5fbfe851226e1bb920ad4f5415e,ethereum,USDT,issuer_freeze,,,2023-12-09
0x54b0419ddb2ae131b53ac6edf78016552b90f233,ethereum,USDT,issuer_freeze,,,2024-06-17
0x54cb97b4481e8c8d4df7bb5cabf28030093c249e,ethereum,USDT,issuer_freeze,,,2025-07-17
0x54fda318fcb1bf0e83705002e4b5864442170480,ethereum,USDT,issuer_freeze,,,2024-09-03
0x550849b21caeaa1d6c6a66e2803764a9f8d042f9,ethereum,USDT,issuer_freeze,,,2024-07-18
0x5510bcfbdb65d512ad415b7e35d670f9b1e49376,ethereum,USDT,issuer_freeze,,,2024-11-04
0x552804d08eb7abbf89c131e4c4b1e9e259d90751,ethereum,USDT,issuer_freeze,,,2020-04-03
0x55d398326f99059ff775485246999027b3197955,ethereum,USDT,issuer_freeze,,,2021-03-17
0x55e521d5247a001afdaed57ba4c21ab3e02f089e,ethereum,USDT,issuer_freeze,,,2024-04-19
0x55f2f094e6c5565564ee026c353fd1fb3803b3fb,ethereum,USDT,issuer_freeze,,,2026-07-06
0x5649ad8001070b3c501bd9877de5f44918086c7a,ethereum,USDT,issuer_freeze,,,2025-01-17
0x564e11ace70bfe6c943a973f1289faa6e8a0fe16,ethereum,USDT,issuer_freeze,,,2023-11-20
0x565d395bdc2b6f4a4dc506c2158c3f8d21b81f18,ethereum,USDT,issuer_freeze,,,2025-09-04
0x5665b926c0ce90f595231683c29ce17fbf33b459,ethereum,USDT,issuer_freeze,,,2021-03-17
0x56963398a6a6a8ab89ea4a10415f4561f4c0ed7c,ethereum,USDT,issuer_freeze,,,2025-09-24
0x569c8f6c3be737134b2d33397de3a34c3644faae,ethereum,USDT,issuer_freeze,,,2025-08-01
0x56ac6ba3a0dac34ceec4096a5db8fd3739a967f3,ethereum,USDT,issuer_freeze,,,2021-11-04
0x56b990885afdf1573767705edfb3e2963e57c64c,ethereum,USDT,issuer_freeze,,,2022-08-10
0x56d811088235f11c8920698a204a5010a788f4b3,ethereum,USDT,issuer_freeze,,,2020-10-07
0x56db0fe0b35584bd94542417f578ed8b79d099a7,ethereum,USDT,issuer_freeze,,,2024-06-18
0x56e70f3599ece030ad5159d5204a49585fe145b9,ethereum,USDT,issuer_freeze,,,2024-02-06
0x56f6fe92a1cd322ad01b2616bfb808db55f69d7a,ethereum,USDT,issuer_freeze,,,2025-03-14
0x5701b36b2361aa8853f47b5759ef74344349cd43,ethereum,USDT,issuer_freeze,,,2025-12-24
0x5707aa6944e357cea1a25ff991fb3a2e60268ab5,ethereum,USDT,issuer_freeze,,,2023-03-03
0x5728e0a96af3d89ab2b2c1de633fd892aa87c51a,ethereum,USDT,issuer_freeze,,,2025-12-18
0x5748029dd7b42416f5ce584baf2d1572710499b0,ethereum,USDT,issuer_freeze,,,2024-07-26
0x575d0149422fe888b18194f106614067fdcc1c2f,ethereum,USDT,issuer_freeze,,,2021-03-17
0x579aec2e6c3d505c38d480490333ba4038cd8abd,ethereum,USDT,issuer_freeze,,,2021-03-17
0x57c2a9c2a2bc280f5c748a9eb5b74195d5b83cb8,ethereum,USDT,issuer_freeze,,,2026-05-21
0x581f1d3be741613796c68b3040e188a5e0bd00c2,ethereum,USDT,issuer_freeze,,,2025-11-04
0x58259c48a2221fb740daee38bd69ff1fba01b6c7,ethereum,USDT,issuer_freeze,,,2021-03-17
0x583317aff859976e029ef662c770ad375f910131,ethereum,USDT,issuer_freeze,,,2026-01-28
0x583409a4a643b4a347d40ea0252e80f569e10d47,ethereum,USDT,issuer_freeze,,,2022-06-30
0x583dfffbabc9fb1994d324748699d62d992dd3e4,ethereum,USDT,issuer_freeze,,,2025-10-30
0x583fe94ecebd530474fd550403870481fd460b28,ethereum,USDT,issuer_freeze,,,2026-01-31
0x5874fa981c592958b6ab231d5662456c5bf4429d,ethereum,USDT,issuer_freeze,,,2024-11-08
0x58955f1be4c2ee32dcb31469c529fbdd0aade9d6,ethereum,USDT,issuer_freeze,,,2024-06-04
0x58a4d6b6f50b3e49a2af4a17f6d7c5b2d83c8201,ethereum,USDT,issuer_freeze,,,2025-05-16
0x58ab26b8c9e866ee0bf941462442d5f9205a8367,ethereum,USDT,issuer_freeze,,,2026-02-20
0x58ca31fe3cbc7a459f040e49cc17ce60002b1547,ethereum,USDT,issuer_freeze,,,2026-06-27
0x58f2f452b5500a95e92b1c8b8ca44e996712606d,ethereum,USDT,issuer_freeze,,,2020-10-26
0x5923684828fc9493705fa9833cb6ece36bbd0bf4,ethereum,USDT,issuer_freeze,,,2025-06-23
0x5924adf5919f7c27f323fbc88cbc35563779006e,ethereum,USDT,issuer_freeze,,,2025-10-27
0x5931e0b955eb1140f69b28af0b631e62e558aae7,ethereum,USDT,issuer_freeze,,,2024-05-30
0x593a823e356eceafb9bcc7648391dd4b1ffd80ac,ethereum,USDT,issuer_freeze,,,2024-06-07
0x594aac698825e5dcb526fcf8a1736561c78ba1a2,ethereum,USDT,issuer_freeze,,,2025-07-07
0x5952e08ea5b46d89d800471c4e98321b6c6a78f1,ethereum,USDT,issuer_freeze,,,2021-03-17
0x5954ba518eceaa8444e221a7b169397eb198a563,ethereum,USDT,issuer_freeze,,,2025-01-23
0x59597e67e1e8186119b3e5923f197b505f7db336,ethereum,USDT,issuer_freeze,,,2025-09-26
0x59639d3f2df85212c2b317cc10e543082445756d,ethereum,USDT,issuer_freeze,,,2021-03-17
0x598074513aff45ffc882069f9a7314285c51177b,ethereum,USDT,issuer_freeze,,,2023-07-18
0x59be4b92855cdf6e46c33e6a30959898a44705db,ethereum,USDT,issuer_freeze,,,2025-05-11
0x59d0d7c64fa4616f22f832ba56d78f6dc12b3aef,ethereum,USDT,issuer_freeze,,,2022-10-06
0x59d8d24c612ba63b0de09d0b67daf13a1d759016,ethereum,USDT,issuer_freeze,,,2023-12-09
0x5a48236c78f20773129aac477ee752f024d98197,ethereum,USDT,issuer_freeze,,,2026-06-08
0x5a8dcb225ba5b61f23b8cd37e197cc349f9ba3b2,ethereum,USDT,issuer_freeze,,,2024-10-28
0x5aaace475669ef0be27b241ee7eceb74ea5e36b7,ethereum,USDT,issuer_freeze,,,2020-10-26
0x5aacd0b530b2ddcaeddce6e1316650480213f423,ethereum,USDT,issuer_freeze,,,2022-08-25
0x5ac70f2e1f5b97d9cfe46ee2623dfa5824f8a780,ethereum,USDT,issuer_freeze,,,2025-10-23
0x5ad59bc969beef5afc862ceb2e00f563bcd29ae6,ethereum,USDT,issuer_freeze,,,2025-06-26
0x5afaf8b6081eb1fe9beec6dcb01663fa1afb1a91,ethereum,USDT,issuer_freeze,,,2024-11-04
0x5b1bc9345cbac7e0184cc7a6a85e776c814b95c6,ethereum,USDT,issuer_freeze,,,2023-07-05
0x5b717eb4c2b3c337bb36dd20ec2c05279bfc80a2,ethereum,USDT,issuer_freeze,,,2024-07-10
0x5b8c8222bbb6175d917ffcce7262a66eb2a4932a,ethereum,USDT,issuer_freeze,,,2026-03-10
0x5b92253afb9e8123eb84071d468221b9a17259d4,ethereum,USDT,issuer_freeze,,,2026-07-31
0x5b9b32b0d01d9cc9f9027cc1e81e27569ad05b5d,ethereum,USDT,issuer_freeze,,,2025-05-09
0x5bad1235fe85104da8ad35969f1c7f9934576124,ethereum,USDT,issuer_freeze,,,2024-03-16
0x5bb96f6cefa7660589b9374a410b4bcd492bbcdc,ethereum,USDT,issuer_freeze,,,2025-09-26
0x5bbb49d0d67525688bfe98c7301d634c1c1d585a,ethereum,USDT,issuer_freeze,,,2024-07-09
0x5bd579e4a386d16b4c373713880f72687432d59e,ethereum,USDT,issuer_freeze,,,2024-10-28
0x5c01070476bc60861dbd40a1b0995f2e0c491880,ethereum,USDT,issuer_freeze,,,2025-07-19
0x5c27cc68fe01a3994807b60a6c81d8ba638b4ba1,ethereum,USDT,issuer_freeze,,,2020-04-05
0x5c3cb9a9d0bc64be0bf57cd877c4f345b99b1412,ethereum,USDT,issuer_freeze,,,2022-10-06
0x5c6417f1b74d7341107dba477b2418d233a28e95,ethereum,USDT,issuer_freeze,,,2023-10-10
0x5c6d81b752b7c42c7797d05916298e4a7c597454,ethereum,USDT,issuer_freeze,,,2023-11-09
0x5c6f81af2765a35f6882196058e76c9964805bcf,ethereum,USDT,issuer_freeze,,,2025-08-26
0x5c917331e5d7aaa04f45d3b9a919bc9dffa1f3f2,ethereum,USDT,issuer_freeze,,,2026-01-30
0x5cb182a51c452937abecc9e81a9663efbeb425f5,ethereum,USDT,issuer_freeze,,,2022-03-08
0x5cc388c3bab51fa8b9ea8e7dd56dd6717dcdf786,ethereum,USDT,issuer_freeze,,,2024-03-16
0x5ce757844d3dbcedb31a7a0730b52752293b1810,ethereum,USDT,issuer_freeze,,,2024-08-23
0x5ced8dc729662eab1f923b3c43bfe6bb2dcd2ae6,ethereum,USDT,issuer_freeze,,,2023-12-14
0x5d1d3646585a6752be4682cf46b331f37c321923,ethereum,USDT,issuer_freeze,,,2024-06-05
0x5d442668f0920d6ae7e086d29412c70108f9ceef,ethereum,USDT,issuer_freeze,,,2026-08-13
0x5d5b220fb29291f988c1a5600efe63c442ef06a5,ethereum,USDT,issuer_freeze,,,2024-05-16
0x5d6ce1b14c4333830f48e291c1c7e19405c2e28e,ethereum,USDT,issuer_freeze,,,2024-06-07
0x5d8353072bc0f62dacb7e3937d4c58a808db4d0e,ethereum,USDT,issuer_freeze,,,2022-03-17
0x5d84fc7e012c0e1d7fec53d8d5a3d8a47f384c3e,ethereum,USDT,issuer_freeze,,,2024-02-06
0x5da3488223f54b05e676b955139f3f67e495d96b,ethereum,USDT,issuer_freeze,,,2025-12-15
0x5da7970bc6b14e31cc0ee64c94bf347d16e33d04,ethereum,USDT,issuer_freeze,,,2020-08-10
0x5dace77f5454fba5175850ee0715a61de244c6a4,ethereum,USDT,issuer_freeze,,,2023-10-10
0x5dca0b1fb14fbb61de5d6e6e557bddcbc9dc7990,ethereum,USDT,issuer_freeze,,,2025-02-26
0x5def1b6089045a9cbaa45f500b8f3c6d81058fc8,ethereum,USDT,issuer_freeze,,,2026-04-10
0x5def1f2f8aa773fb92ec5028ebbdd33edac6e850,ethereum,USDT,issuer_freeze,,,2020-10-26
0x5dfbd56d0ae08063573478da2916b87ca69b5f92,ethereum,USDT,issuer_freeze,,,2023-04-17
0x5e29800be4fb7ac85a13b2b9a50d03be7ef4aceb,ethereum,USDT,issuer_freeze,,,2025-09-04
0x5e6ba75e0fbdc9a9dd0fbdee5d4b0bfeac9f0fb6,ethereum,USDT,issuer_freeze,,,2024-04-02
0x5e98f0ffef7aafa75d18f24dc7a35171b4d03142,ethereum,USDT,issuer_freeze,,,2021-03-17
0x5eb95f30bd4409cfaadeba75cd8d9c2ce4ed992a,ethereum,USDT,issuer_freeze,,,2021-12-04
0x5ecf7b3c2b72347d4ecebd7cffc367958528a4c2,ethereum,USDT,issuer_freeze,,,2026-03-01
0x5edf10086498afbe0ac1f24414d23b81022fd0bb,ethereum,USDT,issuer_freeze,,,2026-05-21
0x5ee1479718cf9a30bf258ce4a10f6d9f390caef5,ethereum,USDT,issuer_freeze,,,2026-06-08
0x5ee2574a7a2a1decacff18a81931d45fec6accfa,ethereum,USDT,issuer_freeze,,,2025-01-23
0x5ee9df360dafcc745fe2ee69ab68e3c0dc4bb028,ethereum,USDT,issuer_freeze,,,2024-06-22
0x5ef66b85f3033a2a515832716d98d81e3521ea3c,ethereum,USDT,issuer_freeze,,,2024-08-07
0x5f039d8ad22376aaa63f1b075a1fc4e4070b901c,ethereum,USDT,issuer_freeze,,,2024-05-22
0x5f07a408d80ebd893c63e90180b89f9801776f0e,ethereum,USDT,issuer_freeze,,,2024-05-29
0x5f30e761b5f8274dd04ee0c4b1a15952d202be47,ethereum,USDT,issuer_freeze,,,2021-02-10
0x5f63f39d1f95b7087ddeac173e197b560e558c59,ethereum,USDT,issuer_freeze,,,2026-02-11
0x5f64d5710a58af5688054b026c562ec8136a875f,ethereum,USDT,issuer_freeze,,,2025-09-27
0x5f784ebc4ab697206bfc8df42eafb73fdda39a44,ethereum,USDT,issuer_freeze,,,2025-08-14
0x5f8ab16fa80703ae86166d9af606fd68e58cd505,ethereum,USDT,issuer_freeze,,,2026-08-14
0x5f9bcd9d3a73988782ba8f3cf9c78dd2cf8363f9,ethereum,USDT,issuer_freeze,,,2024-07-10
0x5fadb7661e4134e5dde1c92c962e4ba9a081c0a0,ethereum,USDT,issuer_freeze,,,2026-03-26
0x5fcfd6fd1629c6fbd19590d550792ca90004722f,ethereum,USDT,issuer_freeze,,,2025-12-18
0x5ff793c01a443a22b925df59d1b2c427347db36e,ethereum,USDT,issuer_freeze,,,2024-03-15
0x600ae3c68fe447e4aeb02a0a237d7376279a44f1,ethereum,USDT,issuer_freeze,,,2020-08-10
0x601162c13aa0da184828b8577b07ea6bb54212c7,ethereum,USDT,issuer_freeze,,,2025-08-05
0x604ff14242725f95f8a9a1a7b65b7dbf4308b980,ethereum,USDT,issuer_freeze,,,2024-04-05
0x60665b420b0fb1d04ef775b3d5dca2228e367377,ethereum,USDT,issuer_freeze,,,2021-03-17
0x606909559309ed059387636e4c5d5215cefab0f9,ethereum,USDT,issuer_freeze,,,2024-03-29
0x6069c9223e8a5da1ec49ac5525d4bb757af72cd8,ethereum,USDT,issuer_freeze,,,2023-04-21
0x60a073331d11eb01d0696d7df6347b24cabd7c24,ethereum,USDT,issuer_freeze,,,2025-11-12
0x60a8f9b6115564d280a58e6f5ef6e5b66f9add77,ethereum,USDT,issuer_freeze,,,2025-09-30
0x60bd000b619e7ac467f9581a991d69338db18dba,ethereum,USDT,issuer_freeze,,,2020-10-26
0x60f18b1f4522267e5e4ef19a8cf98b652e8022e1,ethereum,USDT,issuer_freeze,,,2024-11-04
0x61176ec17c014516eecd889b0262e5582558a0a8,ethereum,USDT,issuer_freeze,,,2025-09-26
0x611855429f12663405269d77db39da9408a24f8d,ethereum,USDT,issuer_freeze,,,2024-10-28
0x614238dec03a4a3515c0d65e39d16e54b0261354,ethereum,USDT,issuer_freeze,,,2025-03-05
0x614dc691df771af462e4c0ffc93073de29738ffa,ethereum,USDT,issuer_freeze,,,2023-09-01
0x6175c3093fbd6f979299c4714e3715cb1edb813a,ethereum,USDT,issuer_freeze,,,2024-11-06
0x617b4c0ef2388e7a893c8c47eb4b6d97a1657610,ethereum,USDT,issuer_freeze,,,2024-11-26
0x617ee8df6e532c23408e9a70f0cdf84545c57527,ethereum,USDT,issuer_freeze,,,2024-10-20
0x619148e5753072907beca86c932172ffbcbbd3fa,ethereum,USDT,issuer_freeze,,,2024-05-24
0x61a16fc2e352647ac9c130be6742ced32c911dee,ethereum,USDT,issuer_freeze,,,2020-10-26
0x61b56d3c0cd91e52382600f9014c0634d7d87434,ethereum,USDT,issuer_freeze,,,2021-06-07
0x61d00452989dd94cc5e2093bf5f9b0a5e97191c7,ethereum,USDT,issuer_freeze,,,2025-09-05
0x61da9186f1e52cc5fa4e992e0a2ff0bdcf257f27,ethereum,USDT,issuer_freeze,,,2025-10-24
0x61de67699be4a07304a38f35a68ed870221ced32,ethereum,USDT,issuer_freeze,,,2025-08-11
0x61dedadfbfc691394eb8881cbd52991de12cfaa6,ethereum,USDT,issuer_freeze,,,2026-06-24
0x61fa37346147117325b92bcafa82d7dc215eed2e,ethereum,USDT,issuer_freeze,,,2021-03-17
0x620dff37e7b3f1a7969c5a678ababd77867bcb95,ethereum,USDT,issuer_freeze,,,2025-02-21
0x6239003391d554ecb3f03bd8d95fd0854c7bcc37,ethereum,USDT,issuer_freeze,,,2023-08-01
0x6239d6cdbd7605b599b79d72004209f12adf0caf,ethereum,USDT,issuer_freeze,,,2021-01-29
0x623d5a267930d1173400b9695ba5e1ad255ea17c,ethereum,USDT,issuer_freeze,,,2025-08-05
0x6275ca02c006e843b11ff9ea3c4d2a051a170e61,ethereum,USDT,issuer_freeze,,,2024-04-17
0x628ca385e006c0d0442e765d6f00ad4c9e4771ea,ethereum,USDT,issuer_freeze,,,2026-08-30
0x62f8eaab937583c55a8f62f6fafef6e0f057b53b,ethereum,USDT,issuer_freeze,,,2023-12-11
0x6303f52c03602c92b94655486acdfd3b2e77d9e2,ethereum,USDT,issuer_freeze,,,2022-03-17
0x63179c7bf99d67a7483a3d98bdf91ab78297e35d,ethereum,USDT,issuer_freeze,,,2025-07-19
0x63419d0e14b4910b2e3842fea67033814b30c22e,ethereum,USDT,issuer_freeze,,,2023-12-11
0x63489f0a8493d84309589d75b791da315e67d35b,ethereum,USDT,issuer_freeze,,,2021-10-22
0x634e8cb66a54ef4eed4566cc1f65579c60e8653c,ethereum,USDT,issuer_freeze,,,2025-08-05
0x63f8e1fb9304fc6f7c613023c8104ba464122fd1,ethereum,USDT,issuer_freeze,,,2020-08-08
0x641a67e0583f05e3fb93fce93bd3bdfe47301c3e,ethereum,USDT,issuer_freeze,,,2020-10-26
0x6445d23a761e9a58e1ba9e315429708293ba1efc,ethereum,USDT,issuer_freeze,,,2026-07-09
0x644dff3edf8db585552b0fff5ae30acd17f375aa,ethereum,USDT,issuer_freeze,,,2025-05-19
0x64a33420253a905d096052c70fe0147559beb340,ethereum,USDT,issuer_freeze,,,2024-06-06
0x64b200346d3b79b7a48e06a943c983e4fc1ef3c0,ethereum,USDT,issuer_freeze,,,2025-10-09
0x64b9de4ede0d4d8c0155c5f1899aa727d539f258,ethereum,USDT,issuer_freeze,,,2024-09-13
0x64c325d64f1b1342f1d17d74184138ef9639eb0c,ethereum,USDT,issuer_freeze,,,2025-01-10
0x6504f63429f6e0f329b01eb5f9a29df48893487a,ethereum,USDT,issuer_freeze,,,2023-12-22
0x6508d6dae9e7ce408581b6552803ee71653582be,ethereum,USDT,issuer_freeze,,,2024-07-10
0x6529cffdfbcdb1edabc46fd4e9ed35909f98c4a7,ethereum,USDT,issuer_freeze,,,2022-08-18
0x652d7f9edaaa8891be2de74ea568d70af823d89e,ethereum,USDT,issuer_freeze,,,2025-03-14
0x655113606aafe1549dccfed4e120da22b6cdda24,ethereum,USDT,issuer_freeze,,,2024-04-02
0x6551fb9be444987f7482012cbf7ea95a1ee8dd0e,ethereum,USDT,issuer_freeze,,,2021-11-05
0x6566fd32e6440b4268d616479707321851f354df,ethereum,USDT,issuer_freeze,,,2021-03-17
0x657b83a0336561c8f64389a6f5ade675c04b0c3b,ethereum,USDT,issuer_freeze,,,2021-06-07
0x658682b2e34ded80d22bd7ca15b44ed8356c9b35,ethereum,USDT,issuer_freeze,,,2025-12-10
0x658729879fca881d9526480b82ae00efc54b5c2d,ethereum,USDT,issuer_freeze,,,2023-12-14
0x658bd8012c7946d9d221e10300df9a7656d11c7c,ethereum,USDT,issuer_freeze,,,2024-10-28
0x65956a0b879c719167b4339b82d28b9b94963368,ethereum,USDT,issuer_freeze,,,2024-12-09
0x65a9da826dfdb0b6aa7edd413286b27c99a771ca,ethereum,USDT,issuer_freeze,,,2024-05-14
0x65c9c0db32af99885b5c4fa3ce7bb6d01d9b9a12,ethereum,USDT,issuer_freeze,,,2022-06-30
0x6614503a5a050c7d324731f57a35993e14c19e37,ethereum,USDT,issuer_freeze,,,2025-03-03
0x6625ca35fd3002813977a9cbf347916c34815c70,ethereum,USDT,issuer_freeze,,,2026-06-07
0x6650bc211261c9ee1b19c10dc759823bed2f18f4,ethereum,USDT,issuer_freeze,,,2024-07-10
0x665cc8809320d549c8c99f5ad9a4a02cb3cb9a90,ethereum,USDT,issuer_freeze,,,2026-04-15
0x668dbf100635f593a3847c0bdaf21f0a09380188,ethereum,USDT,issuer_freeze,,,2020-09-30
0x66b37234b9cf5a7fbbda45076e70164962dc7c8d,ethereum,USDT,issuer_freeze,,,2024-11-19
0x66bd27b6a12ebc6b6ce6285c1ab351e216da86a9,ethereum,USDT,issuer_freeze,,,2022-01-20
0x66f1d9635715c202653615f413153964967ee3a9,ethereum,USDT,issuer_freeze,,,2025-12-22
0x6716ec4eeb458c56e6707fb6e92b75940e91a144,ethereum,USDT,issuer_freeze,,,2025-05-21
0x673739762657f359f45bb5217ddf67383b62e12c,ethereum,USDT,issuer_freeze,,,2026-02-26
0x673c1243844250719262d9950582b39d1726e151,ethereum,USDT,issuer_freeze,,,2023-11-02
0x678a5b58993927a65db29e2206cf2b321afa2167,ethereum,USDT,issuer_freeze,,,2024-10-28
0x67abc0374de526ee508bef461655cc76879d89fc,ethereum,USDT,issuer_freeze,,,2026-05-05
0x67b815f48d9e8197a1116d10bf503f8e5830d310,ethereum,USDT,issuer_freeze,,,2024-07-10
0x67e277115e35bfbe6a643dc26b13ba6d60319a66,ethereum,USDT,issuer_freeze,,,2025-12-23
0x67e82caa6ddd8aa4abc3685974ccee8b8e054d03,ethereum,USDT,issuer_freeze,,,2026-07-27
0x682270df9d76b946e1b45fb197202a89398bd451,ethereum,USDT,issuer_freeze,,,2026-02-18
0x686b8b7540a6f8174afb76303719234c8cc2b1dc,ethereum,USDT,issuer_freeze,,,2021-03-17
0x68795f7da7ccfa7cb26155b6984d8742111a47d9,ethereum,USDT,issuer_freeze,,,2025-03-28
0x68890a936a2ca8fe0bb01025a2ca823727d429f7,ethereum,USDT,issuer_freeze,,,2025-11-25
0x68c132f3cc84d7871e3f2eb9ddbfdc8afff2a677,ethereum,USDT,issuer_freeze,,,2021-10-22
0x68c88fccbc6d5a218711bd897add734aeefd1270,ethereum,USDT,issuer_freeze,,,2021-08-17
0x68c970a0bcc88a47ddef757b7e2322de385678a1,ethereum,USDT,issuer_freeze,,,2024-10-28
0x68d914112e85ae2248478a2980849c2479361565,ethereum,USDT,issuer_freeze,,,2023-10-31
0x68e51c0bb6a83602765860deaa4be15ddf590d8b,ethereum,USDT,issuer_freeze,,,2024-07-09
0x68f64608fcb137f8ceccaa08e41678cde0a73de6,ethereum,USDT,issuer_freeze,,,2020-10-26
0x68fb290830d77b658de65cd5ab3414acfcb0aab7,ethereum,USDT,issuer_freeze,,,2025-06-03
0x69053a15b763e6094ca68f7c14cd5f72926516e7,ethereum,USDT,issuer_freeze,,,2023-12-14
0x691169914a13465bd9528292f8fbdd0301354941,ethereum,USDT,issuer_freeze,,,2023-12-19
0x691a5adff71803fcb098665e8f3d1b78ece18423,ethereum,USDT,issuer_freeze,,,2024-09-20
0x691adb34fc64391bb7e37aa26a3138708fdc551b,ethereum,USDT,issuer_freeze,,,2021-01-29
0x6926408f55c4f322ebe1a3cc7e4fff380c5543df,ethereum,USDT,issuer_freeze,,,2026-06-04
0x69299c641f8c762bd52d7c6427b99d90d45f5c45,ethereum,USDT,issuer_freeze,,,2025-01-07
0x69406ea8be85c30581e32cdd95d437ac2fd47904,ethereum,USDT,issuer_freeze,,,2025-01-27
0x6949027fc7973c3ad07b645edd2c126d924c5616,ethereum,USDT,issuer_freeze,,,2025-05-09
0x69643145c3bf63605f3b797831d02a3571ab801a,ethereum,USDT,issuer_freeze,,,2022-06-30
0x69692d3345010a207b759a7d1af6fc7f38b35c5e,ethereum,USDT,issuer_freeze,,,2020-12-11
0x6973422799389e8013fb1938bb6da0f898820211,ethereum,USDT,issuer_freeze,,,2026-07-22
0x69a92b37659d1682e39a403a9a2ccedaef13b77c,ethereum,USDT,issuer_freeze,,,2022-01-20
0x6a0012bddda0bc958c28691b373f6236e8fabaa0,ethereum,USDT,issuer_freeze,,,2024-04-02
0x6a054c13799055db287cfeb27426b4904421c28e,ethereum,USDT,issuer_freeze,,,2022-10-06
0x6a24cdc7858d912b3b30356b4dbb5a64270fbd76,ethereum,USDT,issuer_freeze,,,2025-05-11
0x6a35326f5cdac8e46c645abcd9cb0731997cc603,ethereum,USDT,issuer_freeze,,,2021-03-17
0x6a39f8f228e8210f4ff490a4928ccde95bb74552,ethereum,USDT,issuer_freeze,,,2023-12-04
0x6a41fe42d9ef0ce5b1f801fb8edea7b643e07165,ethereum,USDT,issuer_freeze,,,2026-09-10
0x6a4bce1f27a08e33617231d90acb650a502822f2,ethereum,USDT,issuer_freeze,,,2026-06-27
0x6a67ecf57bf9f97671785b38ad3df85b6c683bdc,ethereum,USDT,issuer_freeze,,,2023-02-27
0x6a715c4cd36a00bf61994f15c725063f7ed692c3,ethereum,USDT,issuer_freeze,,,2020-08-08
0x6a7a8d1a23d44904a19d98e152f07318b13d6d38,ethereum,USDT,issuer_freeze,,,2024-06-28
0x6a826ca940bcfd3e8edaa5ea8bdbc2feb1a32006,ethereum,USDT,issuer_freeze,,,2025-07-15
0x6a835367d2ede9dc2731713ef4439842ba53410a,ethereum,USDT,issuer_freeze,,,2024-04-25
0x6a888ea3fce04de9bfda2aa54b41b1039d5a1f9c,ethereum,USDT,issuer_freeze,,,2024-05-02
0x6a8fd46f88dbd7bdc2d536c604f811c63052ce0f,ethereum,USDT,issuer_freeze,,,2022-03-17
0x6a98e8d8bceb42f70e1bb9817ad3fa170519057f,ethereum,USDT,issuer_freeze,,,2024-10-17
0x6ac8945d9f6ac773062dd4176330bdd9026535f7,ethereum,USDT,issuer_freeze,,,2024-10-28
0x6aec28a88246f83a1087b2bd1c4be1449b6d179c,ethereum,USDT,issuer_freeze,,,2024-10-28
0x6b0e979da01eff6f256733d2d031abf8717ae429,ethereum,USDT,issuer_freeze,,,2024-06-03
0x6b3595068778dd592e39a122f4f5a5cf09c90fe2,ethereum,USDT,issuer_freeze,,,2020-09-08
0x6b53e62e638015be9887608f9617dc9ef535e0b1,ethereum,USDT,issuer_freeze,,,2026-03-19
0x6b65d61d1d7ea919c878a34b75cbb58c4603945f,ethereum,USDT,issuer_freeze,,,2026-08-28
0x6bb8cf7f1daf7818c0ae6db2eccc75711cb4eebb,ethereum,USDT,issuer_freeze,,,2022-10-06
0x6bc15bdf15fa2fe095e4e5ca5377425ea7e3ccf6,ethereum,USDT,issuer_freeze,,,2025-09-17
0x6bd6d4847a53001163c1973c4b492ec8d0cedcb0,ethereum,USDT,issuer_freeze,,,2025-07-28
0x6be0873c769cb4e9fb3cd42fa25bc179945cd2b9,ethereum,USDT,issuer_freeze,,,2024-04-02
0x6bf98d8e351ca6456df540de0f5aff97ab5e5df2,ethereum,USDT,issuer_freeze,,,2026-05-19
0x6c1ad34ca2527e8fc3a6345a14f22a2cca705114,ethereum,USDT,issuer_freeze,,,2023-10-09
0x6c3ce666a5b030e82d08881216d4aac582604f3f,ethereum,USDT,issuer_freeze,,,2022-10-10
0x6c5ba91642f10282b576d91922ae6448c9d52f4e,ethereum,USDT,issuer_freeze,,,2020-12-11
0x6c9a14be891a1ded77512a4672361df640566a3e,ethereum,USDT,issuer_freeze,,,2024-03-28
0x6cb294e3c1a47c6776e7ae414492ae79cc3d79dc,ethereum,USDT,issuer_freeze,,,2025-04-17
0x6cd6ca476808b57d1ba1df118c8944de31341e19,ethereum,USDT,issuer_freeze,,,2026-02-20
0x6d037cdedb6ce0f9828e0ee9527728c966c449cc,ethereum,USDT,issuer_freeze,,,2025-06-05
0x6d1063727fcecf388d6725c8fa3af62f3ce4f854,ethereum,USDT,issuer_freeze,,,2025-10-14
0x6d4df9f6f42c07b627c5afdf01740ecd0a6fed0d,ethereum,USDT,issuer_freeze,,,2021-10-22
0x6d56c2e163f8b377002c2df31e44db687474e3fc,ethereum,USDT,issuer_freeze,,,2023-12-04
0x6d82a3743261e0ac77116f4cf153338bec3c69c6,ethereum,USDT,issuer_freeze,,,2023-12-19
0x6d876eac54f4fc6d3523b83ded578c67cc704ecb,ethereum,USDT,issuer_freeze,,,2023-11-17
0x6d9a192a6e24f2d71b5bcc49b103ea5209f3677e,ethereum,USDT,issuer_freeze,,,2025-07-07
0x6dc301b6ea463fe17fc2548f98ef5cf78014dd21,ethereum,USDT,issuer_freeze,,,2022-10-27
0x6dc90d5c6e320f6b675274ae0ea4df2feffa7ce2,ethereum,USDT,issuer_freeze,,,2025-10-30
0x6dcb27ddb7a9689128b6434055d37ff0d832fe27,ethereum,USDT,issuer_freeze,,,2025-12-17
0x6dd6392aa2b7ebbfa6073bb34e3b897a3baa6cfc,ethereum,USDT,issuer_freeze,,,2024-06-22
0x6dd9a2ff7617c07a2bda29b44b1ea22c257ea7a7,ethereum,USDT,issuer_freeze,,,2021-03-17
0x6dee00aa921242af9ee53613488fb505bdf6cd2a,ethereum,USDT,issuer_freeze,,,2022-06-30
0x6df9510c5237e0de785995c8cf908588f7bc5b86,ethereum,USDT,issuer_freeze,,,2025-01-17
0x6e204350fd0ad93706d4ab09fd4b47502652b607,ethereum,USDT,issuer_freeze,,,2024-12-19
0x6e2c604a1d0256a79340037d8f948e566714db5f,ethereum,USDT,issuer_freeze,,,2025-01-21
0x6e2f0deab1c358547b353342524489e32640d530,ethereum,USDT,issuer_freeze,,,2023-03-31
0x6e61ad6b4c560ed989481f5ec61a0afd090bc700,ethereum,USDT,issuer_freeze,,,2024-06-06
0x6e70d5f0160ea2a560fbd3e3fe0cc95cb220c924,ethereum,USDT,issuer_freeze,,,2024-10-28
0x6e7d2bb56ea5ced0979b87bf1b54af4ca57d68b5,ethereum,USDT,issuer_freeze,,,2024-10-31
0x6e82ab852f0584d61142adc2b5f196a661292e16,ethereum,USDT,issuer_freeze,,,2020-10-26
0x6e927f04a0280e5303017e5f51990d80975770dd,ethereum,USDT,issuer_freeze,,,2023-07-14
0x6eb23bfa84a55c84ac215f4925462c5d2713f8d9,ethereum,USDT,issuer_freeze,,,2024-06-04
0x6eb2c41547b524900b2310d0f23bafff923684a3,ethereum,USDT,issuer_freeze,,,2026-08-10
0x6ef45e8d694c35f6cf00b9e9d31ce05b24a384d4,ethereum,USDT,issuer_freeze,,,2020-10-26
0x6f29b5b1462f3875e5e39c9fe5143e1a1fd85ab7,ethereum,USDT,issuer_freeze,,,2020-08-10
0x6f2dc921de69ae6d901f5e2a400562f2fd724164,ethereum,USDT,issuer_freeze,,,2023-10-31
0x6f2f58817db62a31a0253495c7550444958daf17,ethereum,USDT,issuer_freeze,,,2021-10-29
0x6f35a5e6a7301627a090822895e5e7209ed72f77,ethereum,USDT,issuer_freeze,,,2022-06-30
0x6f4446aadbd1916a7f9cc9b88f6449a1c6177c08,ethereum,USDT,issuer_freeze,,,2025-03-07
0x6f446b03a63cc68aad86395bc2d8a38f358d3d69,ethereum,USDT,issuer_freeze,,,2020-10-26
0x6f4617a2b686e722fa7550caec775148c20b8626,ethereum,USDT,issuer_freeze,,,2021-03-17
0x6f9aeec6e3e74025d5a58a25ef5d6bc4757c9dba,ethereum,USDT,issuer_freeze,,,2021-08-05
0x6f9ede43ee7da8c1adf4a07a562d5720b871960d,ethereum,USDT,issuer_freeze,,,2024-06-10
0x6fa0952355607dfb2d399138b7fe10eb90f245e4,ethereum,USDT,issuer_freeze,,,2021-03-17
0x6fe56c0bcdd471359019fcbc48863d6c3e9d4f41,ethereum,USDT,issuer_freeze,,,2021-03-17
0x6ff05ab2f2e47a9ca5d4d8ffc8b3e163e6a74876,ethereum,USDT,issuer_freeze,,,2023-05-14
0x701bf21402df5d83e9d6ae03a55834877dd61a3c,ethereum,USDT,issuer_freeze,,,2024-10-18
0x7055d9e20c28e5209807be6001846c88d98a1edf,ethereum,USDT,issuer_freeze,,,2026-06-25
0x707176b584d0ae0c77d3035da8686f8b58cda73b,ethereum,USDT,issuer_freeze,,,2021-05-06
0x7085bf6f54ef6c823af247efb4d934e5ab1c18ae,ethereum,USDT,issuer_freeze,,,2022-10-06
0x709e1fceda4c36842d3e7fceb785c8c2814caea8,ethereum,USDT,issuer_freeze,,,2026-02-19
0x709e7f7f612a99febd9b1243e6d61d4eb9257d26,ethereum,USDT,issuer_freeze,,,2024-05-24
0x70a1a95178c8b8188157ba64e798184a4363d748,ethereum,USDT,issuer_freeze,,,2022-06-30
0x70ad5cf7fdca10517b0129e0a8fff2ff3233756e,ethereum,USDT,issuer_freeze,,,2021-03-17
0x70cd43ff653682e5c037f82ec472e6a3c4af2251,ethereum,USDT,issuer_freeze,,,2025-12-08
0x70db3dacb5db55d24215be8f77e3cebe82fa5c99,ethereum,USDT,issuer_freeze,,,2025-10-30
0x70dce8efe47f46fb5511e4c3aa49a59c8f0183f9,ethereum,USDT,issuer_freeze,,,2022-10-06
0x70fced58b1928467415c4b1e7e45511ecadbeffb,ethereum,USDT,issuer_freeze,,,2026-02-19
0x71259b92b69d1876975f9dd0e493a54ede73dd86,ethereum,USDT,issuer_freeze,,,2022-01-20
0x713246b11b61d14fb5dfad984f7a7c1383d57d73,ethereum,USDT,issuer_freeze,,,2025-07-28
0x715dd76ae9ddb4d03b9df071a78ecdb75c431b13,ethereum,USDT,issuer_freeze,,,2022-10-06
0x7164a643224f29d63b149d0e83c4a451892e8303,ethereum,USDT,issuer_freeze,,,2022-05-11
0x7188465237ce13b95d593dacaad387c19b25423a,ethereum,USDT,issuer_freeze,,,2022-03-17
0x71ba0ad477c07449e46c3f11ca77e77b13a4d246,ethereum,USDT,issuer_freeze,,,2026-05-11
0x71df136cdfa1a1d8c09a1e5a011dc0256a057847,ethereum,USDT,issuer_freeze,,,2025-02-21
0x71e8ab7c141a58bd79948c11c9d8d1f7ef041f47,ethereum,USDT,issuer_freeze,,,2024-04-02
0x71ed1f20d598cf3aa34186a9a4ebb652eaca3bb7,ethereum,USDT,issuer_freeze,,,2026-04-20
0x7202e03b5cde32ec58e7fdfbde853173570594e3,ethereum,USDT,issuer_freeze,,,2020-11-06
0x722d6a30631f99656f3c1a0c5e4ab486ee7b8dc6,ethereum,USDT,issuer_freeze,,,2022-10-06
0x7277a0ec704b5274fa1c192c7e588cd441a06e46,ethereum,USDT,issuer_freeze,,,2025-07-01
0x728355da7f81fb80f23525d208321154de86949d,ethereum,USDT,issuer_freeze,,,2025-05-21
0x728e2e4123ae9f27a70642ed19d86cfc421ecdb4,ethereum,USDT,issuer_freeze,,,2022-06-30
0x729191805f6bbe845de6e3e4a554c40111bc6c26,ethereum,USDT,issuer_freeze,,,2020-09-21
0x72c7ca996bb133acb16e9963c9f955a5b04edbb0,ethereum,USDT,issuer_freeze,,,2020-10-26
0x730fb92c77eb5eda8202be8fd1c9f6a852be9d71,ethereum,USDT,issuer_freeze,,,2024-05-14
0x735ebe3ed47877a11023b904054a0ffe44e91ab7,ethereum,USDT,issuer_freeze,,,2021-06-07
0x737ce958710ded795692cf26edadfd094f1d9f32,ethereum,USDT,issuer_freeze,,,2025-01-07
0x737f8a1c3558753292735f021d419b180602dd85,ethereum,USDT,issuer_freeze,,,2021-03-17
0x73a9f3b1443bf22fb11d7db59a5a9082b6d8c908,ethereum,USDT,issuer_freeze,,,2025-02-10
0x73b841abf3e79b5936c4df46d5e5e704a08cac4d,ethereum,USDT,issuer_freeze,,,2025-09-01
0x73c59dfab8f924351c0f3ad3d326d92b366e4a61,ethereum,USDT,issuer_freeze,,,2024-03-18
0x73cd55b6dbf09efb6b2743020cedd3f0751c3d1b,ethereum,USDT,issuer_freeze,,,2025-05-11
0x73f590bdaaeaa993a4a1d230517f5b7a06f95b7e,ethereum,USDT,issuer_freeze,,,2025-11-19
0x73fda05b5225fff20327075d4537396855997b1b,ethereum,USDT,issuer_freeze,,,2026-04-13
0x74002a06b4225cb151a23173d66901da351ed4a6,ethereum,USDT,issuer_freeze,,,2024-10-28
0x7405a6b74df0952ff97f5d7df5af9fd112eeba98,ethereum,USDT,issuer_freeze,,,2021-10-21
0x740ec3d7289c820de07c690c387b2fbc71985c6e,ethereum,USDT,issuer_freeze,,,2024-10-17
0x741564f5563abbe85f1b091eb39e38c000cb3e70,ethereum,USDT,issuer_freeze,,,2023-01-18
0x7420b4b9a0110cdc71fb720908340c03f9bc03ec,ethereum,USDT,issuer_freeze,,,2022-03-17
0x74487eed1e67f4787e8c0570e8d5d168a05254d4,ethereum,USDT,issuer_freeze,,,2021-11-05
0x74530e81e9f4715c720b6b237f682cd0e298b66c,ethereum,USDT,issuer_freeze,,,2023-09-14
0x745b0a99a563219c458a5b5c4504b690ef810731,ethereum,USDT,issuer_freeze,,,2024-12-20
0x748cd46ce6f8881725047684f8b8202649086b23,ethereum,USDT,issuer_freeze,,,2026-05-17
0x749177007d6b55f1cbfddc28b386d25f6c65c592,ethereum,USDT,issuer_freeze,,,2022-06-30
0x74b76a5ce326bcdab7c9ba4c8b4c204cc42b1cb2,ethereum,USDT,issuer_freeze,,,2020-10-26
0x74d3cd5ed77781f04405b5f11458a062bc4123c3,ethereum,USDT,issuer_freeze,,,2025-08-07
0x74f645934fd288dfcb6359870779f68c2b0c48b8,ethereum,USDT,issuer_freeze,,,2026-08-05
0x7500f0c7b6de1987e5bf617f681c0e10f0b73cae,ethereum,USDT,issuer_freeze,,,2020-10-26
0x751acef1a33fef522abd98f6e3a3c6d546c93923,ethereum,USDT,issuer_freeze,,,2022-08-15
0x751ba11cec9d92a13974b9a982a5a2f8810be423,ethereum,USDT,issuer_freeze,,,2023-12-22
0x752ee434a826dde914fd150890bbc070a054ad7c,ethereum,USDT,issuer_freeze,,,2025-07-03
0x75313697627f5fa3fd35c017b5bcb48cc262656d,ethereum,USDT,issuer_freeze,,,2024-03-18
0x754a7d510311dd13a8909de088dd767275ff19d3,ethereum,USDT,issuer_freeze,,,2022-10-06
0x75720b408dec3110d4432f9a87498261968efdc6,ethereum,USDT,issuer_freeze,,,2022-10-06
0x757a22bd624b91fd86db87b9973fe71d1c262588,ethereum,USDT,issuer_freeze,,,2023-02-17
0x757c1d80637ef0816136b55d5433abb51f485887,ethereum,USDT,issuer_freeze,,,2024-09-19
0x758dec99e07f5e589b1256f536cbb003b528e5dd,ethereum,USDT,issuer_freeze,,,2024-06-24
0x75954b2cce7726b1afba2c1bc7724348e3dd1b87,ethereum,USDT,issuer_freeze,,,2021-10-21
0x75988a51ec5a943c02fbcf5f91b71f0733ceb373,ethereum,USDT,issuer_freeze,,,2026-08-21
0x75b09e181a8bcfc4e05db22b673d92bc55fee150,ethereum,USDT,issuer_freeze,,,2025-05-09
0x75b3308a9a8904aa2c40cfcb4eaf958700d4b3e6,ethereum,USDT,issuer_freeze,,,2021-05-12
0x760ee593861973b4cbc372a2cc31892e80f22ecd,ethereum,USDT,issuer_freeze,,,2020-10-26
0x7621c52d926074fcce3f4e2476f4e418efca2387,ethereum,USDT,issuer_freeze,,,2025-05-21
0x7625222d0c035c479717ef6b37a9a3ba054d7cc1,ethereum,USDT,issuer_freeze,,,2023-10-31
0x76549618b8d2ec22bed0ef7afc044b2c7159444e,ethereum,USDT,issuer_freeze,,,2024-03-18
0x766c83cd96e6dc7e5d253905f38bccfc5476d4f7,ethereum,USDT,issuer_freeze,,,2024-04-09
0x7679a8b5e13db0f549672b18d76751db5092ea58,ethereum,USDT,issuer_freeze,,,2023-01-06
0x76cb701f3b6ee48e44ebc6fac678b51c4067391b,ethereum,USDT,issuer_freeze,,,2023-10-10
0x76cd1cc6999a22903ffdc3a529086304c4bb780c,ethereum,USDT,issuer_freeze,,,2022-01-20
0x76cfc13743a1150c9126108fdda9d59dacd67c63,ethereum,USDT,issuer_freeze,,,2022-01-20
0x76de1ae4e4f530cee8905da513648f0b0316474f,ethereum,USDT,issuer_freeze,,,2024-07-10
0x76f5fddaf53ac7a76a6596fa7aafb75f7e8eff7d,ethereum,USDT,issuer_freeze,,,2023-08-25
0x772f79cf46b3ddda5fb1d69554221ac69e47249b,ethereum,USDT,issuer_freeze,,,2024-07-10
0x7748ebfe40fb4ca6ae9e4a7ea826a359609d353f,ethereum,USDT,issuer_freeze,,,2020-11-04
0x774e26f8fd4ce57eae599612a768709ff81e1d41,ethereum,USDT,issuer_freeze,,,2024-11-25
0x77844fc0be83bb8e88c60b44c1281c5055f5e83a,ethereum,USDT,issuer_freeze,,,2021-08-05
0x77fc179f0de44fd77c2f00dbdf4535abdb73afb0,ethereum,USDT,issuer_freeze,,,2022-08-02
0x7816095d41be0ef5875aa8046816ca64a506576a,ethereum,USDT,issuer_freeze,,,2022-03-17
0x781ade5b26e54acfe07bbcc9fa280b12f1b81a5b,ethereum,USDT,issuer_freeze,,,2020-10-26
0x7821430612a15d0d67f3f125bdd2533864b2ddf6,ethereum,USDT,issuer_freeze,,,2025-05-02
0x78257d4bdb56cc50e610e40ab4fdccb6f250a8b7,ethereum,USDT,issuer_freeze,,,2025-07-07
0x782f170243ea5b322aab78f87894cea69e33e060,ethereum,USDT,issuer_freeze,,,2026-03-17
0x7864b3efffc912ee22811599ebcebadf1c06e0cd,ethereum,USDT,issuer_freeze,,,2024-07-31
0x787d3cc57a040e623268072ead69181bf5e4033e,ethereum,USDT,issuer_freeze,,,2024-06-08
0x788bc56b67c289399cd6e2022f0d76484f04724a,ethereum,USDT,issuer_freeze,,,2023-08-11
0x7896be22e9d71a9b9caf4226145d1670dacafeec,ethereum,USDT,issuer_freeze,,,2025-10-30
0x78ac19094adc496be18e7147fff73a6e6e22c88b,ethereum,USDT,issuer_freeze,,,2025-07-23
0x78bc05de11d5504beb9857bf20418240d7d64af6,ethereum,USDT,issuer_freeze,,,2020-10-26
0x7913e50983f0ce6c2ce54aa873db0a87f87486ea,ethereum,USDT,issuer_freeze,,,2023-11-10
0x791ac834fadb3ea2f69322fa2578022d50a895c8,ethereum,USDT,issuer_freeze,,,2024-05-31
0x79304976eb75c6a081bee57f3cf5c830f8d35e0a,ethereum,USDT,issuer_freeze,,,2025-06-21
0x7952eb6ae8b7c7038a3f8915520cf86cff065493,ethereum,USDT,issuer_freeze,,,2023-11-09
0x796b8dc0db70ce3048cd4767f50bfc2de309770d,ethereum,USDT,issuer_freeze,,,2026-03-18
0x79f81fcd0d59876b40fbe1a44cf783e150fbc811,ethereum,USDT,issuer_freeze,,,2021-06-23
0x7a0c5bf3ac8778bd63efb914f89c048447331dab,ethereum,USDT,issuer_freeze,,,2022-11-04
0x7a15afff7a3cafefb3fe80e5f4c4028d68c2fadf,ethereum,USDT,issuer_freeze,,,2025-10-30
0x7a200e3c836478b45b53a1ebd7563ee343a00ecb,ethereum,USDT,issuer_freeze,,,2024-05-21
0x7a58c0be72be218b41c608b7fe7c5bb630736c71,ethereum,USDT,issuer_freeze,,,2022-01-20
0x7a6d37d7637a4ae334a8bec5a3ae414460c4ff5b,ethereum,USDT,issuer_freeze,,,2021-06-07
0x7a806d434bd721ce0e4a7726364558f7fc5f10fc,ethereum,USDT,issuer_freeze,,,2025-03-04
0x7a93af474843c4acdbd39579fa7282bf5c58556c,ethereum,USDT,issuer_freeze,,,2026-05-16
0x7add00966a64ba6e741ac5718c198c2d8bd3cda8,ethereum,USDT,issuer_freeze,,,2025-10-21
0x7b35e857e51db94638907dd99de7cc33c07bd11d,ethereum,USDT,issuer_freeze,,,2023-07-28
0x7b65b10c3fae61336c27dce19c15324495eb826e,ethereum,USDT,issuer_freeze,,,2024-05-13
0x7b6a4e83aa602dd629e2e5518f37540b42c6975b,ethereum,USDT,issuer_freeze,,,2025-05-11
0x7b879d453d5471f3d05f85547ddd32202139f078,ethereum,USDT,issuer_freeze,,,2024-03-15
0x7b8c3644bff1a2407d369b7218aec08de96414e0,ethereum,USDT,issuer_freeze,,,2021-03-17
0x7b96ad4e0098ccabf1357a1951032c8e8295a09f,ethereum,USDT,issuer_freeze,,,2025-08-19
0x7b99fea8f296fd21b4fc75aac8ae602c247fb7af,ethereum,USDT,issuer_freeze,,,2021-10-21
0x7bbeeef8fb84c443e1e3d3db44c8eb3506afc438,ethereum,USDT,issuer_freeze,,,2024-06-12
0x7bc2326599db178d200d2a7b7ade3938be413770,ethereum,USDT,issuer_freeze,,,2021-03-17
0x7bec98609cb6378d6f995e8f8097ee78376fbec9,ethereum,USDT,issuer_freeze,,,2023-07-06
0x7bf7f0131e183c859fa8128eb6abecb5d35af51d,ethereum,USDT,issuer_freeze,,,2025-09-10
0x7c03917d2895b14dab00cb084989824d280f96d1,ethereum,USDT,issuer_freeze,,,2025-05-21
0x7c19376181eb719d7f1f9eb251e433c50700f10e,ethereum,USDT,issuer_freeze,,,2024-03-19
0x7c214b43350b51b8c2b72c0c2b10b764fc9774c6,ethereum,USDT,issuer_freeze,,,2023-03-24
0x7c73e2eba3d1f73d1d45e4d74168cab6b9ce3964,ethereum,USDT,issuer_freeze,,,2021-03-17
0x7c7d71c0f93a4f42d8126c214f9900f97c547f47,ethereum,USDT,issuer_freeze,,,2024-03-18
0x7c879169f739aabfd13a1e4842ed201393311708,ethereum,USDT,issuer_freeze,,,2025-12-01
0x7ca3e3e41c885a47a50bc487a81aacca646fdb2c,ethereum,USDT,issuer_freeze,,,2024-06-01
0x7caabce0f32b3aa21fa44d30e42b5700952ee2db,ethereum,USDT,issuer_freeze,,,2024-10-28
0x7ce7b36d296c664cd357f4cf264ebc4dc0477027,ethereum,USDT,issuer_freeze,,,2025-07-08
0x7d575ad14603360b26acc007c398f0fa748a8306,ethereum,USDT,issuer_freeze,,,2023-12-21
0x7d7755d9959f2fcf17d0a7406711ddf144682952,ethereum,USDT,issuer_freeze,,,2025-05-09
0x7d8115947cea2966aa61fdfaa4d58053aeac4e2f,ethereum,USDT,issuer_freeze,,,2020-08-10
0x7dbe6db0bb3428147d1d7df1846dc0ff4cc615da,ethereum,USDT,issuer_freeze,,,2024-07-10
0x7dc8b150675474dfd1f9ae5735385fdb66d29f5b,ethereum,USDT,issuer_freeze,,,2024-09-26
0x7dfe6cff49e5a2f8a589c1873df8d6ac7a80a9d0,ethereum,USDT,issuer_freeze,,,2026-07-15
0x7e35c489a0d0864a990dcfc20a809e1b3cf3ae97,ethereum,USDT,issuer_freeze,,,2024-03-29
0x7e5c85bcb39b59e9910f6e271e20433c7b0561c4,ethereum,USDT,issuer_freeze,,,2020-10-26
0x7e7d6cc7e8a376828ce66ae187ac2a43cddf8fa8,ethereum,USDT,issuer_freeze,,,2021-03-17
0x7e85d72aa6da1dd91a4c38180ac3686bcb006754,ethereum,USDT,issuer_freeze,,,2025-10-30
0x7ea4ff532f7c90422cbc4e63250f82acbc0e59b2,ethereum,USDT,issuer_freeze,,,2022-03-17
0x7ef94684238844ac5616a3d1366348c8fac81bee,ethereum,USDT,issuer_freeze,,,2024-08-16
0x7f232cb8247f11a60cb2be8f4d9d911a177ab3bd,ethereum,USDT,issuer_freeze,,,2024-12-30
0x7f4fddcc0ee2d3b8e1fa85e27a4cd8210b967980,ethereum,USDT,issuer_freeze,,,2022-10-06
0x7faac9711d24541347db6c2d8a79e8e3696c9feb,ethereum,USDT,issuer_freeze,,,2024-07-26
0x7fd5fd7cfca09eaffdb369c424f40b59edd8d62d,ethereum,USDT,issuer_freeze,,,2024-05-22
0x7ff9bbed32fb217aaa79c0e95b02fb2ccae07e13,ethereum,USDT,issuer_freeze,,,2025-05-11
0x7ffa91ac71d474ccdcb3a5bc75bc3d0f3e650537,ethereum,USDT,issuer_freeze,,,2024-10-28
0x800cd15b08604d028e1c3db1c45deb3acc9f7352,ethereum,USDT,issuer_freeze,,,2024-07-10
0x8013e1b5ccc9b508092941ec8ec6f6aa903d3e60,ethereum,USDT,issuer_freeze,,,2024-03-01
0x8088cda65f084b186d322d2c9f074a65d4f3d4ac,ethereum,USDT,issuer_freeze,,,2024-10-16
0x809de039828e5e690cb1d488bedc1278ad247708,ethereum,USDT,issuer_freeze,,,2025-12-17
0x80b40a60d5d706b7964a9a06960b34f937789c20,ethereum,USDT,issuer_freeze,,,2026-06-21
0x80edf323dd0f0a67464d10c6f491c2c49891cb64,ethereum,USDT,issuer_freeze,,,2023-04-04
0x80f7b1977eaa6afb3b18752d7184fbf49ac5e1a8,ethereum,USDT,issuer_freeze,,,2024-07-10
0x813ab3d3618420057b0d27106ae4f2a4a10ac056,ethereum,USDT,issuer_freeze,,,2022-10-06
0x81a4869e941ca22d1a0ecff934abf87976d4578a,ethereum,USDT,issuer_freeze,,,2023-12-04
0x81e83833f7b45bcefafdf15c288aedbb19d2f38c,ethereum,USDT,issuer_freeze,,,2025-01-23
0x81eb6bd1951ad87953721efcfe5446b722bb0b9c,ethereum,USDT,issuer_freeze,,,2022-10-06
0x81ed5c22360b52d5ba84382ba9987ac10e45cb18,ethereum,USDT,issuer_freeze,,,2024-03-20
0x821f82660abdc6a2ac1c3e2e9b2284656e17aa7a,ethereum,USDT,issuer_freeze,,,2025-01-10
0x822d25b7496ec9853504a12b9125f501d903b374,ethereum,USDT,issuer_freeze,,,2024-07-09
0x82324a2e2cbe569edcae3c5784eb4fa0bdb52fd5,ethereum,USDT,issuer_freeze,,,2024-07-10
0x8241df85bfc8279d8d8a2ae483488780a9402074,ethereum,USDT,issuer_freeze,,,2024-11-04
0x825bb95cdeaa1f1b4cfbee6682c2af1810eb93b8,ethereum,USDT,issuer_freeze,,,2026-06-14
0x82c9b5e5e3b4d4042e95381921ac2e272a5c2fa6,ethereum,USDT,issuer_freeze,,,2025-03-17
0x82e1d4ddd636857ebcf6a0e74b9b0929c158d7fb,ethereum,USDT,issuer_freeze,,,2023-11-20
0x832970f1bc731d8119bf022072bb1015e3ad87f1,ethereum,USDT,issuer_freeze,,,2021-03-17
0x8335afe66c3c766eaed6cbe547f7d17111a28b87,ethereum,USDT,issuer_freeze,,,2024-03-18
0x833ac74da066a29cf877d442311ac5c8e90c87ac,ethereum,USDT,issuer_freeze,,,2026-09-06
0x83628769e715dc863af813cde34133ffe4378e55,ethereum,USDT,issuer_freeze,,,2024-10-26
0x8369e85fdc3c739d7d13aa41022181b4058b8ae8,ethereum,USDT,issuer_freeze,,,2024-02-13
0x83864a986e9ac2e66d4cdadf7a08748fd62fb215,ethereum,USDT,issuer_freeze,,,2023-10-31
0x83b379afaf9a0553f4dd41f1358d6a95dcb0e814,ethereum,USDT,issuer_freeze,,,2020-12-30
0x83b62243e8c850b4bc21d5f7d9a4da606ba64538,ethereum,USDT,issuer_freeze,,,2024-06-06
0x83d670cb1c584da2597a18eed92e5a031425cffe,ethereum,USDT,issuer_freeze,,,2024-09-11
0x83d75c6de18bfcd5eb3c2c6e142462d146b1e2fa,ethereum,USDT,issuer_freeze,,,2025-02-22
0x83edfa69a51bf904456a6829eb3fc223160fdaa1,ethereum,USDT,issuer_freeze,,,2023-10-05
0x8412372a5d7af4aa5deeac5d94bc797052cfdf4c,ethereum,USDT,issuer_freeze,,,2025-04-15
0x84189833c6b11450fb7dbd2e0d8bd3382b4032e0,ethereum,USDT,issuer_freeze,,,2022-03-17
0x84199a22948a7ab0b04126a6c8b9b13562088651,ethereum,USDT,issuer_freeze,,,2026-03-17
0x8419a1ac68d96bf4b7bbd1d25e4ef1dc621481a9,ethereum,USDT,issuer_freeze,,,2024-03-18
0x8429e2622b7aefef5ddc493126020e8f7dd438aa,ethereum,USDT,issuer_freeze,,,2023-08-22
0x845839bd0f1d88966e2ee157be9e8d5a0c906f0b,ethereum,USDT,issuer_freeze,,,2022-06-30
0x84a6517497050ef784d8fbc591b8437906cc443b,ethereum,USDT,issuer_freeze,,,2026-06-04
0x84ad3ad89cc96e82ee1d57151fdbdcaa823e6acc,ethereum,USDT,issuer_freeze,,,2024-04-02
0x84c03c2c14e73e90bf8cea11d625271b3a92dfac,ethereum,USDT,issuer_freeze,,,2020-10-26
0x84cbe3dbe1fb4002ea60b71dd21f32c76dc89c91,ethereum,USDT,issuer_freeze,,,2022-10-06
0x84e6837653c0632f7bd56af81042df7af220c566,ethereum,USDT,issuer_freeze,,,2025-08-15
0x84f9a83b58f11e16e119454ac02afae17666de06,ethereum,USDT,issuer_freeze,,,2025-10-01
0x853a9652a11d0352cfa4494d95aec9ce72cf73df,ethereum,USDT,issuer_freeze,,,2025-11-09
0x853caebf6eb85aab8a8a44ce2d7ce8905539fa65,ethereum,USDT,issuer_freeze,,,2024-03-15
0x85498e42e71a4bdfe67aacde2639aaa641c4d9c9,ethereum,USDT,issuer_freeze,,,2022-01-20
0x8569167ee0ba79cfafd2501aeec1c4de5127085c,ethereum,USDT,issuer_freeze,,,2023-11-06
0x857104a241e70ef134a05110c5af891547560bac,ethereum,USDT,issuer_freeze,,,2025-01-07
0x8593cdea3acb49ca93909d57de77c0b682fd673c,ethereum,USDT,issuer_freeze,,,2026-04-23
0x85b1c1d541f401b518fecd4140e80f1a3128ec92,ethereum,USDT,issuer_freeze,,,2024-03-18
0x85f3470d86e404ba8acecf5e8e833fb7387cd9bc,ethereum,USDT,issuer_freeze,,,2024-07-18
0x85f4e048bf830621c67ecf99c8f7a3b1c87df809,ethereum,USDT,issuer_freeze,,,2022-04-11
0x85fc9e2445710d91ab113d7c395f39696f801f81,ethereum,USDT,issuer_freeze,,,2026-06-26
0x85ff61467777c25a23ba0a7c99a241ae860b1a23,ethereum,USDT,issuer_freeze,,,2024-09-14
0x8611cd7a44d8d50b6f66f85c61571711a96f6ccd,ethereum,USDT,issuer_freeze,,,2024-06-06
0x86772b1409b61c639eaac9ba0acfbb6e238e5f83,ethereum,USDT,issuer_freeze,,,2021-03-17
0x8679b074480c47d6e4b4c4bb24e5970e1a0d0cfc,ethereum,USDT,issuer_freeze,,,2020-10-26
0x86aba7b5d13d8013462914ffe5bfeb10a02ee665,ethereum,USDT,issuer_freeze,,,2021-03-17
0x86d086d67bfc744f5992081a707be96900ac7025,ethereum,USDT,issuer_freeze,,,2022-10-06
0x86fc3f151ae8432dd9a8e5aaf50ce2f99946dbc8,ethereum,USDT,issuer_freeze,,,2024-07-17
0x873132bdecf05929305cf562c834114073b9cfa2,ethereum,USDT,issuer_freeze,,,2021-03-17
0x87370ec2e2686952e4dfbcdde5641f03956ceebb,ethereum,USDT,issuer_freeze,,,2022-08-26
0x873e288d432d1e8dd93defa63406fd9a80580491,ethereum,USDT,issuer_freeze,,,2023-12-19
0x874071288290361738ea12cd1389f4bcb4875ef3,ethereum,USDT,issuer_freeze,,,2024-04-17
0x8765b1a0eb57ca49be7eacd35b24a574d0203656,ethereum,USDT,issuer_freeze,,,2023-07-06
0x876e936acae44abe67f6348a94d7c7df5999bc20,ethereum,USDT,issuer_freeze,,,2026-07-13
0x8789a7fc231e506aa8e4a136047a0d1c45e59faf,ethereum,USDT,issuer_freeze,,,2025-09-04
0x878c5f76609d32eec85507f8e33c707d889d2254,ethereum,USDT,issuer_freeze,,,2026-07-10
0x87b220c084466dd429f9fc767f53592f35ec94bb,ethereum,USDT,issuer_freeze,,,2022-11-25
0x87d9cf48409bf2d75deef92d5e0c569e5d6b49be,ethereum,USDT,issuer_freeze,,,2025-01-07
0x87f7a1b09a00a512c1825ee8a6649f8f23f5fa3d,ethereum,USDT,issuer_freeze,,,2023-04-21
0x87f99c2cdc177a503993f209605206e0b8986977,ethereum,USDT,issuer_freeze,,,2025-10-14
0x8805a9ad229992add7a3c8c78d1dc3df0b9023f6,ethereum,USDT,issuer_freeze,,,2025-11-22
0x881d40237659c251811cec9c364ef91dc08d300c,ethereum,USDT,issuer_freeze,,,2021-08-05
0x882c244394595c7b26bdeab00ce224f71ffda3a2,ethereum,USDT,issuer_freeze,,,2021-03-29
0x886bdb008df249710b031a8a3be9c1f4f0e0491f,ethereum,USDT,issuer_freeze,,,2026-04-28
0x8891148ee45df6ab36e4742bf0175dd3b1f12497,ethereum,USDT,issuer_freeze,,,2026-06-27
0x88a8355d3769ddc0f03ecae09b394f92286215b2,ethereum,USDT,issuer_freeze,,,2024-10-28
0x88b11b315cc731a9e53e35bff82e7129098eb87c,ethereum,USDT,issuer_freeze,,,2026-04-16
0x88d003bb2e5ca9418223816f50900ae3d4165fd7,ethereum,USDT,issuer_freeze,,,2025-01-22
0x88d8dc3bf6d1db73da985ff618c95466389c1656,ethereum,USDT,issuer_freeze,,,2024-07-09
0x88e31cc2abe65bb53ccbe94a7d8cd87aa3830b0e,ethereum,USDT,issuer_freeze,,,2024-10-28
0x88e3b4487b6131a0407fd437a93b810653ad23e6,ethereum,USDT,issuer_freeze,,,2024-12-05
0x88e6c440164b14756969be17ae0fb44470ba4d47,ethereum,USDT,issuer_freeze,,,2024-12-24
0x891cb46cf734538cc52eff7b68c9edd8e07ff2c9,ethereum,USDT,issuer_freeze,,,2020-10-26
0x89330e83c8726f4e3f3da4ebe3fc27e0b1b3d119,ethereum,USDT,issuer_freeze,,,2025-05-08
0x8935f8dd425b052be76d37540f51662c4435aba5,ethereum,USDT,issuer_freeze,,,2024-05-31
0x8946a15b530c435fc0fe221f9efad6faa68eeac2,ethereum,USDT,issuer_freeze,,,2021-02-05
0x896def468062a99df96c50eceea601dd56bf74b7,ethereum,USDT,issuer_freeze,,,2025-07-20
0x8993060b04367ffb12a09f9b68e3b0d37cd2c688,ethereum,USDT,issuer_freeze,,,2020-11-04
0x89a55778f8772e2a49b8e2cb920f1a935a8d86df,ethereum,USDT,issuer_freeze,,,2024-07-10
0x89c61abda2a1061182765656dc591306a491643c,ethereum,USDT,issuer_freeze,,,2020-10-26
0x89cf540a89ae0fbdedd4780cd38b3496b65f1da5,ethereum,USDT,issuer_freeze,,,2024-10-22
0x8a55cafb137ef8c206d24d7efa3cc9859bf21415,ethereum,USDT,issuer_freeze,,,2022-10-06
0x8a6babc576e8abd7299dca35cccaeb3d134bdeb6,ethereum,USDT,issuer_freeze,,,2025-04-22
0x8a88ec253662ce5ae2600be6a38c17624d3332ad,ethereum,USDT,issuer_freeze,,,2021-03-17
0x8a8d2e55665efee86e135882ee4d16f144a8a92c,ethereum,USDT,issuer_freeze,,,2025-05-23
0x8ab7404063ec4dbcfd4598215992dc3f8ec853d7,ethereum,USDT,issuer_freeze,,,2020-12-11
0x8abd7d04c54ff189e10fd25cdd37520c01b13d70,ethereum,USDT,issuer_freeze,,,2026-03-17
0x8ac7c0ba14eafdb8fe4378028d540e9ed576afdb,ethereum,USDT,issuer_freeze,,,2020-10-26
0x8adadc307053641d95beecf9550dc594d5779d45,ethereum,USDT,issuer_freeze,,,2024-07-10
0x8aebed593fddbee769ddd2776ea5bdd2b8ce0bc4,ethereum,USDT,issuer_freeze,,,2021-03-17
0x8b042d37c12ce51198609b15eb84b118751ddc36,ethereum,USDT,issuer_freeze,,,2026-03-18
0x8b10c643d42374d63824a39932c3e66c5f07e3f4,ethereum,USDT,issuer_freeze,,,2024-04-17
0x8b17b1cf48d0c85635cc8848345d0b6ac6b115a9,ethereum,USDT,issuer_freeze,,,2025-07-12
0x8b37d9a0eb0ffef19d2082f7c7becc36f4625051,ethereum,USDT,issuer_freeze,,,2021-03-17
0x8b4358076797544ee0cf677499f6bfb5cb54e189,ethereum,USDT,issuer_freeze,,,2024-03-19
0x8b47e7daa3c7471f446f6500243be9b59fd57451,ethereum,USDT,issuer_freeze,,,2021-03-17
0x8b627c5c60982e8a4bf2ed8444a7af8f5deb9758,ethereum,USDT,issuer_freeze,,,2024-05-14
0x8b7eb22507671f441c9cab6be3fb0c3dfb03eab5,ethereum,USDT,issuer_freeze,,,2025-05-11
0x8bc5a57188a2221f5f05ab95af367701d85d792f,ethereum,USDT,issuer_freeze,,,2022-10-06
0x8bc62911db444efa3d4371964567c4b130161535,ethereum,USDT,issuer_freeze,,,2024-07-10
0x8be94a279730eb0aa187ef0b31289a608cf6cef5,ethereum,USDT,issuer_freeze,,,2026-07-02
0x8bebb5bc4f8ee9d2978e70c5dc178543fb9dc0d9,ethereum,USDT,issuer_freeze,,,2023-05-27
0x8c15480b2b67672cf8023f1fed5138f1eb43032b,ethereum,USDT,issuer_freeze,,,2021-03-17
0x8c37b927fa392ad0b1890c8fb49fe939563f768f,ethereum,USDT,issuer_freeze,,,2020-10-26
0x8c4b9f38e5331ce8e3d925309cc52e3cf0b2fcb8,ethereum,USDT,issuer_freeze,,,2025-11-08
0x8c6b4a65e3b442b1d7b4d4b3143049c36d78a173,ethereum,USDT,issuer_freeze,,,2020-10-26
0x8c930c31ff4cd7a35ec9646aeb63e37411f30eaf,ethereum,USDT,issuer_freeze,,,2024-10-31
0x8c955e7695c414df8999bac633751200ec554eed,ethereum,USDT,issuer_freeze,,,2022-10-06
0x8c9bd3a5641d043b65caae2cb358d914d6970883,ethereum,USDT,issuer_freeze,,,2025-01-07
0x8d044b88d1cb3a5202b61e2adadea9ec5766c458,ethereum,USDT,issuer_freeze,,,2026-05-04
0x8d0bf078523de57073dae4bee6b534b7f851588f,ethereum,USDT,issuer_freeze,,,2026-03-01
0x8d1584260a692ed2f92d884c7a36f35cc800db1e,ethereum,USDT,issuer_freeze,,,2023-05-09
0x8d164370b344b627c71469187ca13d21f0d2a5bb,ethereum,USDT,issuer_freeze,,,2026-07-20
0x8d1f79d32a8e8d330f8a084ff22b7f8185d7fbcd,ethereum,USDT,issuer_freeze,,,2024-06-06
0x8d298f7c114deb1972d5e0aebb82600b2418d88f,ethereum,USDT,issuer_freeze,,,2025-08-26
0x8d2d2affd503482dc3145a7cd8438ec2b4e07969,ethereum,USDT,issuer_freeze,,,2024-07-15
0x8d411e049106ed724029649d455b12981c83dd38,ethereum,USDT,issuer_freeze,,,2021-10-22
0x8d56490d5678ae5489a84070eeba1f15e6a96a72,ethereum,USDT,issuer_freeze,,,2024-07-09
0x8d57ff39514fe7954b60402cdaaf28a19496493f,ethereum,USDT,issuer_freeze,,,2024-07-09
0x8d59bca8183d6a75a1db4a5803c763fbbe08c6ab,ethereum,USDT,issuer_freeze,,,2025-03-17
0x8d9cb6e89b5db4e83e1653e4a3ea4daef9981002,ethereum,USDT,issuer_freeze,,,2026-01-10
0x8df2a8c10a7ee001d6e4e0d96704eee59e685f12,ethereum,USDT,issuer_freeze,,,2021-03-17
0x8df95a8f52e6f5a330b5ebfbaeaeaddb2918a060,ethereum,USDT,issuer_freeze,,,2026-09-10
0x8e2eb468d10e53f99639f02d58a19ab3d60cd07d,ethereum,USDT,issuer_freeze,,,2024-04-02
0x8e5a9922f6427d05af990627b0758f4beed17adf,ethereum,USDT,issuer_freeze,,,2022-10-06
0x8e6b5d4eb68829f95484715a7c429db5a4eee672,ethereum,USDT,issuer_freeze,,,2025-05-11
0x8e80b88620e0a2395a46a5fa639e19cb0c493974,ethereum,USDT,issuer_freeze,,,2021-06-07
0x8e83f870e6eec7dd3e33ead59bf667c873c30169,ethereum,USDT,issuer_freeze,,,2024-07-10
0x8e8bd01b5a9eb272cc3892a2e40e64a716aa2a40,ethereum,USDT,issuer_freeze,,,2025-03-17
0x8e950923b1fabd7da91f31996887ad9570b17c3f,ethereum,USDT,issuer_freeze,,,2024-10-28
0x8eab734f5639dcde8197e7b8724ea04556d5d69b,ethereum,USDT,issuer_freeze,,,2021-04-26
0x8ecabbbe96ab60ceb9069dd8bfe4d9f1b8e2f8ec,ethereum,USDT,issuer_freeze,,,2026-07-10
0x8eeaa8b309327c617c74acedd3987bb46824e9a8,ethereum,USDT,issuer_freeze,,,2021-03-17
0x8efdecbf16711cc65446bc626d319aa221d03ece,ethereum,USDT,issuer_freeze,,,2026-07-31
0x8f0bed556acddb93d481fde7b16fc83d538fef89,ethereum,USDT,issuer_freeze,,,2024-07-18
0x8f14fb59fd773c1124433ddaa0af08f9762737c4,ethereum,USDT,issuer_freeze,,,2024-07-16
0x8f4978e6477cc4925eaed94d52fcd7feeb9333f1,ethereum,USDT,issuer_freeze,,,2024-05-31
0x8f553b4aa7223bc9b1e52fb6e9c6c5cffe0b9337,ethereum,USDT,issuer_freeze,,,2025-03-14
0x8f5fd7bb210604e2123811c1e7384c8561402439,ethereum,USDT,issuer_freeze,,,2026-07-31
0x8f836b2122da07d8a20f71856e676f086c7c84b8,ethereum,USDT,issuer_freeze,,,2025-03-21
0x8f859ec8c09d6570f6ec76e525f65f956d7dc103,ethereum,USDT,issuer_freeze,,,2025-08-12
0x8f882eb5e9a17220a21ec14e09b2fcf7b75d204d,ethereum,USDT,issuer_freeze,,,2026-01-07
0x8f8a8f4b54a2aac7799d7bc81368ac27b852822a,ethereum,USDT,issuer_freeze,,,2022-10-27
0x8f9538e45a4434bdc8551d24a2c61097082f1cb0,ethereum,USDT,issuer_freeze,,,2020-11-13
0x8f9620c9b4670beecdea9499f9dc7878f46cdf2a,ethereum,USDT,issuer_freeze,,,2025-07-08
0x8faff11fde21191e7fd50806dcbcdd49265d51a0,ethereum,USDT,issuer_freeze,,,2019-01-21
0x8fd33933ee2a9fc8f98a0428bb6faf74bb0314ca,ethereum,USDT,issuer_freeze,,,2024-05-01
0x8fe3bdfbe4fa3806ee87ef1b65bc7c3e5ffa5937,ethereum,USDT,issuer_freeze,,,2026-04-23
0x8ff94408a82a6995ecd79c675ab749e0ff3ca5ed,ethereum,USDT,issuer_freeze,,,2024-10-28
0x902d9310a2c10a779a4a9a367b69bb58dc87c21a,ethereum,USDT,issuer_freeze,,,2026-03-30
0x905b63fff465b9ffbf41dea908ceb12478ec7601,ethereum,USDT,issuer_freeze,,,2023-12-09
0x905d51d0742259211af757dda2dfda5378b17a98,ethereum,USDT,issuer_freeze,,,2026-01-31
0x908b9ad27dd1de5a3c0b6630790daa541c2384bc,ethereum,USDT,issuer_freeze,,,2026-06-12
0x90a220f3eccb22351970e219af436bda0cfeca04,ethereum,USDT,issuer_freeze,,,2026-07-15
0x90a3309f03cfaa13601678f3fdccc4ec94fef6ab,ethereum,USDT,issuer_freeze,,,2021-05-03
0x90cd02a5cca086f7fd8dbdd86e1ba0189a50b40f,ethereum,USDT,issuer_freeze,,,2025-11-03
0x90e16e6fbaafd644ea9020b7b49df08da90118b8,ethereum,USDT,issuer_freeze,,,2024-04-18
0x90fe603b1b2691b5798f46b53e6173557bde3ec1,ethereum,USDT,issuer_freeze,,,2025-07-20
0x9104e76f7b07e74ee457b9c326243b68b97ff89d,ethereum,USDT,issuer_freeze,,,2025-01-07
0x910fae0636883234a435b00fb32a194cab00fc90,ethereum,USDT,issuer_freeze,,,2025-07-26
0x9114de4df6a8d2def725c6a40f5fa9a8f4049fe5,ethereum,USDT,issuer_freeze,,,2021-10-22
0x911d86c1f88497777c942f44902bd6e6e7f25152,ethereum,USDT,issuer_freeze,,,2024-03-15
0x911d86c1f9949777c942f44902bd6e6e7f251520,ethereum,USDT,issuer_freeze,,,2022-03-17
0x91884bec6ac95c016c21711db165a86b3178868e,ethereum,USDT,issuer_freeze,,,2024-04-18
0x91d17f45bc31a4f8e7ae14383734f17533e581e2,ethereum,USDT,issuer_freeze,,,2025-11-04
0x921117d31fdcdc57095c235574b9e6d2a6b9d4d0,ethereum,USDT,issuer_freeze,,,2024-06-28
0x9223c9f4e71110200049d5080633d37da222f7e1,ethereum,USDT,issuer_freeze,,,2024-02-16
0x9246955cbc46e7d5fd383f4afedc8b621fca1678,ethereum,USDT,issuer_freeze,,,2024-07-10
0x925dce0d8a0ee3a3276ba57598cb37c1229ebf5d,ethereum,USDT,issuer_freeze,,,2026-07-08
0x92652e5191a947b5d4fe3949138f484285719308,ethereum,USDT,issuer_freeze,,,2023-12-11
0x9269fe10d91e434a8742b35b695464e8ecb001e0,ethereum,USDT,issuer_freeze,,,2026-04-27
0x92abd0a749546e2bdb5898627514e921f01a0b60,ethereum,USDT,issuer_freeze,,,2025-04-24
0x92c115281aedb44a90490e560574d61a36c7343d,ethereum,USDT,issuer_freeze,,,2024-07-10
0x92cf4d125b904864b016c8c10b7a8e8504060a4e,ethereum,USDT,issuer_freeze,,,2020-10-26
0x92d1d4f09df46219c57f3fdcd2c38c5a1098fc2e,ethereum,USDT,issuer_freeze,,,2024-07-10
0x931e14b83678654be2f3251cabb9bcf3cd1992a0,ethereum,USDT,issuer_freeze,,,2024-10-28
0x93c02eb89e7b4ecc27da1f63e25ee6be140c21d8,ethereum,USDT,issuer_freeze,,,2024-05-13
0x93d0a6b272ad0c02a6f6f40140ee7cce03a75435,ethereum,USDT,issuer_freeze,,,2023-04-05
0x93d1b565f47319d0511a050fbd14d4a775b5873a,ethereum,USDT,issuer_freeze,,,2023-01-06
0x93e0d8a65a559e5102bbd5624b37e6140e15c237,ethereum,USDT,issuer_freeze,,,2025-07-07
0x93f69a2f8767187dd5d66ba2b7789ce246b49928,ethereum,USDT,issuer_freeze,,,2023-09-11
0x93f9fd1723022e2d3989e7639b0771abb9ce48d4,ethereum,USDT,issuer_freeze,,,2024-06-22
0x9404a2cbd5e46b91e814909c49fa071f31c86b7d,ethereum,USDT,issuer_freeze,,,2023-03-24
0x94087a5d6156f3ec9f00900e34378543713015a7,ethereum,USDT,issuer_freeze,,,2025-03-05
0x941a9e3b91e1cc015702b897c512d265fae88a9c,ethereum,USDT,issuer_freeze,,,2021-07-23
0x948eb4142f578690261491525e030f0c3204c38f,ethereum,USDT,issuer_freeze,,,2024-07-10
0x94abfaa558e3bef6d1336474e815f2635c852559,ethereum,USDT,issuer_freeze,,,2025-10-05
0x94ade1e9e62dd30e32b557e276513be46b109dda,ethereum,USDT,issuer_freeze,,,2023-10-30
0x94b008aa00579c1307b0ef2c499ad98a8ce58e58,ethereum,USDT,issuer_freeze,,,2025-03-17
0x94b73aea0d688af50ecc1195a06d470e20c2b3c7,ethereum,USDT,issuer_freeze,,,2021-03-17
0x94bf8a5ea95c837f72729abe0fdfb249fa9e6880,ethereum,USDT,issuer_freeze,,,2020-10-26
0x94d76d217843b80c56903040ce95cc93c691aa4f,ethereum,USDT,issuer_freeze,,,2021-03-17
0x94e9af736ac05cb8312ff21816a7b6dbf8d62816,ethereum,USDT,issuer_freeze,,,2025-01-10
0x94eda88abbb6f6abcafff433a14fcf71bcbe88e8,ethereum,USDT,issuer_freeze,,,2025-05-08
0x94f6f36c5e53999771b113ca5fb74e9ed7db2545,ethereum,USDT,issuer_freeze,,,2025-02-18
0x94ff67d04dc0338295dc848a1a6ca06856124b52,ethereum,USDT,issuer_freeze,,,2024-06-06
0x950a107858524427ea5baadd626060804e1a5314,ethereum,USDT,issuer_freeze,,,2025-12-29
0x9531ef6c64138af5ca38016cbafee8f40877f828,ethereum,USDT,issuer_freeze,,,2024-01-13
0x9557a95e4e59b224d2af9592c4011f28778ba631,ethereum,USDT,issuer_freeze,,,2025-06-03
0x957126019d0bc1458513b94a341f82902950c6e3,ethereum,USDT,issuer_freeze,,,2021-03-17
0x958713b08536ba87165002b167e3911787f083be,ethereum,USDT,issuer_freeze,,,2025-05-29
0x95a7cd7e2ad346f46eb59371a23f12eae90e5653,ethereum,USDT,issuer_freeze,,,2025-12-18
0x95aa9d6c220ba5b1815c8aefc67e3910df69d388,ethereum,USDT,issuer_freeze,,,2025-09-01
0x95ac3e931986a3207c494c54683ba83b614d456d,ethereum,USDT,issuer_freeze,,,2024-10-25
0x95dc80adc97724275312ce37079e7395295263dd,ethereum,USDT,issuer_freeze,,,2025-11-08
0x95f5cec195b5781e09b9bae0731c7d4704bffe4d,ethereum,USDT,issuer_freeze,,,2025-12-29
0x961b6fab6281bb760c9114c3ea92f9897a963ff0,ethereum,USDT,issuer_freeze,,,2023-12-09
0x964873bfef3bf5e2d74368114d6dae9e52e47941,ethereum,USDT,issuer_freeze,,,2023-10-05
0x96610186f3ab8d73ebee1cf950c750f3b1fb79c2,ethereum,USDT,issuer_freeze,,,2023-01-06
0x966913c26ab93a856f4b2372ecf6ba46a76e2b57,ethereum,USDT,issuer_freeze,,,2024-12-07
0x966bded931cc7495b264b0c4510aeec22ee96fdb,ethereum,USDT,issuer_freeze,,,2022-06-30
0x967bb571f0fc9ee79c892abf9f99233aa1737e31,ethereum,USDT,issuer_freeze,,,2021-11-05
0x968f20b2dcd2cc3f430b5873ed7c6b665efa1c87,ethereum,USDT,issuer_freeze,,,2024-03-29
0x969315d667be52f0b4036e79253d30ac05040f94,ethereum,USDT,issuer_freeze,,,2022-03-17
0x969af6051f286a7d958d7d5db44f7828b1e18ff0,ethereum,USDT,issuer_freeze,,,2024-06-06
0x96bd030b35732b9cb971655ed762635e3e753f94,ethereum,USDT,issuer_freeze,,,2020-08-08
0x96c801d317a39946ab1d351725e94cec0e0ffc67,ethereum,USDT,issuer_freeze,,,2025-10-01
0x96de2b69a47686e34769ffe50f97bd3dfaab2347,ethereum,USDT,issuer_freeze,,,2021-05-12
0x97005d821905bd11ca0574cf0319956e4c7eec09,ethereum,USDT,issuer_freeze,,,2020-10-26
0x9702230a8ea53601f5cd2dc00fdbc13d4df4a8c7,ethereum,USDT,issuer_freeze,,,2025-10-19
0x9766015e1acdcd67277dfd47a7ee25aa9cfe940a,ethereum,USDT,issuer_freeze,,,2026-02-19
0x977a00f2c7af6e4287d73e34611ed8a2ea5e80b7,ethereum,USDT,issuer_freeze,,,2022-06-30
0x97915f7decbec83814afe9d6bfc773431942acc4,ethereum,USDT,issuer_freeze,,,2025-10-16
0x9798e11938ddf58f103410111c56da9d2f00b9c8,ethereum,USDT,issuer_freeze,,,2024-11-13
0x97becbb90ff30513e7984e3bdce4863d03d59fc4,ethereum,USDT,issuer_freeze,,,2024-04-02
0x97e37a4d289681d0842f9ad8fe72dbd4662f65a5,ethereum,USDT,issuer_freeze,,,2024-05-02
0x97e934b523a632651d86b32e3e34f98dc2a00ef2,ethereum,USDT,issuer_freeze,,,2022-03-17
0x97eb195bdae6a3afa19567a68d475c1006c2cbcb,ethereum,USDT,issuer_freeze,,,2021-03-17
0x981c0676e9e2e06d91615a87326e6edd8b250a62,ethereum,USDT,issuer_freeze,,,2022-06-30
0x981d30f446121d571dd914a117e3d32038b27755,ethereum,USDT,issuer_freeze,,,2024-09-18
0x983598fb25c991131c5e639f6a066ec9554049b4,ethereum,USDT,issuer_freeze,,,2025-07-07
0x98378025e21b40583dbb2b4c6833a20f4dc972f3,ethereum,USDT,issuer_freeze,,,2022-06-30
0x984e052bc3ab1acd1dfa6946dab7d41a58f325d9,ethereum,USDT,issuer_freeze,,,2025-10-24
0x9850b28a826fc2a88504087eef7d965824c0e2e6,ethereum,USDT,issuer_freeze,,,2025-03-22
0x98742385f4388c6573177cfa966ed5b7442afb91,ethereum,USDT,issuer_freeze,,,2025-01-07
0x98a65067424a2a512eb22d0919bf772d4acb7dd4,ethereum,USDT,issuer_freeze,,,2020-10-26
0x98b9224ef26b6e105fe7ff3d904bebc1091ab949,ethereum,USDT,issuer_freeze,,,2024-06-06
0x98e2e73b8bebbd693ac1fad90c21a378b27a344b,ethereum,USDT,issuer_freeze,,,2021-03-17
0x98e8e338146910a79edc6ece07aa2338b5bc289f,ethereum,USDT,issuer_freeze,,,2025-09-04
0x98eaba2684b49bbde9842cd48f3bae8caa31dac4,ethereum,USDT,issuer_freeze,,,2020-09-11
0x98f11df3f5275e205731787e8556bc4925715f0f,ethereum,USDT,issuer_freeze,,,2025-10-30
0x990180fc27e2f5109df446c579b21604ead52442,ethereum,USDT,issuer_freeze,,,2022-06-30
0x9905c53ae2ff11590db620256ab518b914fb502b,ethereum,USDT,issuer_freeze,,,2024-07-10
0x992b97648a9aba4b0b0037c844f1d45842ce91f0,ethereum,USDT,issuer_freeze,,,2022-03-17
0x992cdffcfd04eb07293d792928c1c85b58abebbe,ethereum,USDT,issuer_freeze,,,2024-06-06
0x99611c7489e36e2be03abb8338da000b16e353bd,ethereum,USDT,issuer_freeze,,,2024-05-23
0x997300928a3592736ab87a31bc2c473c79bf46d0,ethereum,USDT,issuer_freeze,,,2025-03-03
0x998a3b25d37d58781863dac61ed11f0a2178bc19,ethereum,USDT,issuer_freeze,,,2025-03-07
0x99caa2dd9f1f845a9a01422c991c472d15ced1d1,ethereum,USDT,issuer_freeze,,,2024-04-02
0x99ebaf3661065dc1e44feff4b80365678bdff6ce,ethereum,USDT,issuer_freeze,,,2023-11-20
0x99f1120cdd44312abdf268c1751f2d43f0a625d6,ethereum,USDT,issuer_freeze,,,2024-08-22
0x99fb8ea7fd859c1d8425f4f7a024bf355db476d9,ethereum,USDT,issuer_freeze,,,2020-10-26
0x9a0a19f94e15265c0b39f06193d12a26c85c2ec4,ethereum,USDT,issuer_freeze,,,2024-06-12
0x9a0aba393aac4dfbff4333b06c407458002c6183,ethereum,USDT,issuer_freeze,,,2021-03-17
0x9a19b363cf34445d5490cab137e9e6c681b5d285,ethereum,USDT,issuer_freeze,,,2024-07-09
0x9a1fb45deadd3bd8bb5c9e7bb20a67942cd40f7c,ethereum,USDT,issuer_freeze,,,2025-10-30
0x9a4be8d0d4a213aeb7edbfca7ca459485971605a,ethereum,USDT,issuer_freeze,,,2026-03-09
0x9a716b8619956a55c4bc669cc55474dbffbdd019,ethereum,USDT,issuer_freeze,,,2024-07-20
0x9a9fd8435a02cb1dc4c8f5db33f31aa5c56ca3e7,ethereum,USDT,issuer_freeze,,,2024-04-02
0x9aa55e032ab43b052884d20e96b37ba527080adc,ethereum,USDT,issuer_freeze,,,2025-07-11
0x9aa998ee454c4562555daf3ac94908f1dcfb7033,ethereum,USDT,issuer_freeze,,,2023-10-31
0x9aab7e69aad5a585fb5f2fd0fd2c5b1cba447eb5,ethereum,USDT,issuer_freeze,,,2025-07-28
0x9abdd86c8eb50b75a51226ba4f440e4ec2de1e3d,ethereum,USDT,issuer_freeze,,,2026-03-19
0x9ac6ec1df4e6365ee9fa1964f5384fef7e2a0332,ethereum,USDT,issuer_freeze,,,2025-08-05
0x9ac94bf18c762cfcdbe8f435a734d3957bf05605,ethereum,USDT,issuer_freeze,,,2022-06-08
0x9ad0fe3b1fa00cecd24ed21ce36882bf86d357bf,ethereum,USDT,issuer_freeze,,,2021-03-17
0x9adc15ff2a0906531a5a58801589ae8c9e3d3227,ethereum,USDT,issuer_freeze,,,2024-06-25
0x9afc36b20c961cd34450ae0c3941c302bfd6b1f1,ethereum,USDT,issuer_freeze,,,2024-07-30
0x9b2328055872e7470e9cfdafa0186c1c72c3bac4,ethereum,USDT,issuer_freeze,,,2025-12-26
0x9b3029657a63ca0f8c4cdbb29848acb356ce5282,ethereum,USDT,issuer_freeze,,,2023-03-14
0x9b44c34e5fb054005614798ae19eef9494ccedc8,ethereum,USDT,issuer_freeze,,,2026-02-23
0x9b6e4aeb0d5118e876e3c8daa45e9446cb937b54,ethereum,USDT,issuer_freeze,,,2023-07-06
0x9ba3e88e1949f848de3b5b9046a5346fb5a55b46,ethereum,USDT,issuer_freeze,,,2025-07-18
0x9bb6e6c28b5c9eaf1687f21c668c935eae782db3,ethereum,USDT,issuer_freeze,,,2023-12-09
0x9be9dd1feb1d4bacdc620df52606181ce95b929f,ethereum,USDT,issuer_freeze,,,2023-10-31
0x9bec45e81acc4e18a5419e180d00ab8408282e7f,ethereum,USDT,issuer_freeze,,,2025-09-09
0x9bf02d6d82fe56ef29bf4a608719ce4052010ce7,ethereum,USDT,issuer_freeze,,,2025-10-09
0x9c19f49016f5ee109a86c77c9702494ddfa72aed,ethereum,USDT,issuer_freeze,,,2024-06-04
0x9c1aec4fa72b7c3ff135999b2087868ec85d9ed2,ethereum,USDT,issuer_freeze,,,2022-04-19
0x9c350fe2ae9c47fa402312cfc3f17719566a0335,ethereum,USDT,issuer_freeze,,,2022-10-06
0x9c354a8ef51c24154c03ac495ca6b528a685e0cc,ethereum,USDT,issuer_freeze,,,2024-06-03
0x9c399c4859c95330d4cd03dbedd8f03566b1ab70,ethereum,USDT,issuer_freeze,,,2020-10-26
0x9c60a6d1d893341c6861aeb966891adf176f9693,ethereum,USDT,issuer_freeze,,,2025-08-18
0x9c642f8e3c192f30e4054888ab1f82a265830ed8,ethereum,USDT,issuer_freeze,,,2024-06-06
0x9c68687b0e7ef5e15e0b25dd00501daf166465c3,ethereum,USDT,issuer_freeze,,,2025-05-25
0x9cac39efd787f1e74f1021994e0a44bfcfe0ebbb,ethereum,USDT,issuer_freeze,,,2022-10-06
0x9cd13942894b6bb7bba1608628d60b5ab91109ba,ethereum,USDT,issuer_freeze,,,2021-03-17
0x9cd6e808919c3afc78948ab8e9b1488aef716c21,ethereum,USDT,issuer_freeze,,,2024-10-28
0x9cfb73f0c8b494aaf8f00da25cd32286cf56ac98,ethereum,USDT,issuer_freeze,,,2024-10-16
0x9d5765ae1c95c21d4cc3b1d5bba71bad3b012b68,ethereum,USDT,issuer_freeze,,,2023-07-08
0x9d59e088204f5758e0a2580296ed824ac5b1e910,ethereum,USDT,issuer_freeze,,,2025-10-01
0x9d663c1be97eca034bd1b0a1315e6dc40b3455e7,ethereum,USDT,issuer_freeze,,,2025-02-21
0x9d754542ecaddda810df6be21e20faff035a1912,ethereum,USDT,issuer_freeze,,,2024-10-28
0x9d8da58bfa9df34917958c553c21b134a8395c01,ethereum,USDT,issuer_freeze,,,2021-05-12
0x9d93405ebb824d0c859adfe1d619d9f7a7cea67e,ethereum,USDT,issuer_freeze,,,2024-05-23
0x9dc2c41ffd47e44e03863e7dee5bf4bf1b415e16,ethereum,USDT,issuer_freeze,,,2021-05-08
0x9de910d1f817cfc0d86635903b9ddb787821773f,ethereum,USDT,issuer_freeze,,,2022-10-06
0x9def8559c00d290b8eae92b6df0cd9166bb3d918,ethereum,USDT,issuer_freeze,,,2025-05-11
0x9e1a5c1bbfb0e6bd11a52fff463ef5bbb449bfcd,ethereum,USDT,issuer_freeze,,,2020-10-26
0x9e408a4ddbd7b39302adf5d035504f1ff6bf828e,ethereum,USDT,issuer_freeze,,,2024-09-26
0x9e570f7c7068b4accc519dda3a92544cd5947692,ethereum,USDT,issuer_freeze,,,2022-01-20
0x9e7fa8dd15b4b0bade7245d8c9d51a872e324d2c,ethereum,USDT,issuer_freeze,,,2021-03-17
0x9e9285a90ebebc87d04d092bbfa495d4295c9c12,ethereum,USDT,issuer_freeze,,,2025-01-07
0x9eaef827d1457b66005edae95e7f1977e96069cd,ethereum,USDT,issuer_freeze,,,2024-07-10
0x9ebbbfa8bedb6edf63061a7d232f25932b67b8a4,ethereum,USDT,issuer_freeze,,,2023-10-31
0x9ec2c3add938bdd63fd369afc2800595f69ba00d,ethereum,USDT,issuer_freeze,,,2021-06-07
0x9f23f1dc2b8e79bd90ab62633fdcdea5b5a5953e,ethereum,USDT,issuer_freeze,,,2026-02-02
0x9f284e1337a815fe77d2ff4ae46544645b20c5ff,ethereum,USDT,issuer_freeze,,,2020-09-11
0x9f28e0e816a37face3eb12b55514a0bb31aab081,ethereum,USDT,issuer_freeze,,,2024-05-31
0x9f4e279e87e4b16e0a4c482b01874382f3e627eb,ethereum,USDT,issuer_freeze,,,2022-10-06
0x9f6283d4fe206486c59b133bd1e7bd64bc0939a2,ethereum,USDT,issuer_freeze,,,2024-05-14
0x9f6928b7b0feb7d4fe364d1fee1f6c0fcf1784e4,ethereum,USDT,issuer_freeze,,,2026-06-08
0x9f8916e92d99a12951c5d655ee1c4e26455e68b8,ethereum,USDT,issuer_freeze,,,2024-07-09
0x9f9223e29cd50a76363695f59f82d43dadf2c2e0,ethereum,USDT,issuer_freeze,,,2026-04-30
0x9fb91735f9f1545761220c33f5b32e11555000bb,ethereum,USDT,issuer_freeze,,,2025-09-11
0x9fc46f9a66a861810d2ecfde5871d9bb34d83949,ethereum,USDT,issuer_freeze,,,2026-01-21
0x9fea9a591a26153ef507f100c61a4884905f3a55,ethereum,USDT,issuer_freeze,,,2025-08-01
0xa00ef78f83188abc1efb001ea32ce233bcf55d9b,ethereum,USDT,issuer_freeze,,,2024-03-18
0xa0246c9032bc3a600820415ae600c6388619a14d,ethereum,USDT,issuer_freeze,,,2020-09-30
0xa055b6d9780d803b86bf54edf07aa7739cd7c04f,ethereum,USDT,issuer_freeze,,,2025-07-18
0xa069b1d6414ae0f05dfbb4d0f6a368a0cfccca86,ethereum,USDT,issuer_freeze,,,2026-04-03
0xa06eda0e35cb340051679d683082370ae6103937,ethereum,USDT,issuer_freeze,,,2024-07-10
0xa0716dae3132701e49ff83d7fc57c7231e21e05a,ethereum,USDT,issuer_freeze,,,2026-03-17
0xa077a605ddd0fddb85891f745a48e2bfa8634dee,ethereum,USDT,issuer_freeze,,,2024-03-20
0xa0786e9009587362250e33c749db29714c7b201c,ethereum,USDT,issuer_freeze,,,2021-03-17
0xa0820e7e310a061d92df27540d369f962b708e09,ethereum,USDT,issuer_freeze,,,2020-10-26
0xa08ffd7867dd9eae13c1146857d35733172e349c,ethereum,USDT,issuer_freeze,,,2024-09-20
0xa0a7d2c6b288927cf73a5cf59970373262ea73c6,ethereum,USDT,issuer_freeze,,,2024-07-26
0xa0d50e9b7eaac04ca82197a350fe3ff1c24bd13f,ethereum,USDT,issuer_freeze,,,2024-04-05
0xa0e283a75e498fecae3a5bd0170d89b9fc26bce8,ethereum,USDT,issuer_freeze,,,2021-10-29
0xa0ecd7f12b2f6baba85eff448211cee1426833c8,ethereum,USDT,issuer_freeze,,,2023-04-21
0xa101c769767c549e47c1f0c7783d6cead45c795f,ethereum,USDT,issuer_freeze,,,2024-10-28
0xa134700f29a767270d70295ce2421cce733d4c44,ethereum,USDT,issuer_freeze,,,2025-05-23
0xa134fb9265d3589b19358a21d3f3c94bf1b152d1,ethereum,USDT,issuer_freeze,,,2025-09-10
0xa13edd1a27ab4fb8982c033acb082cdb5f98b79b,ethereum,USDT,issuer_freeze,,,2026-05-01
0xa14d5da3c6bf2d9304fe6d4bc6942395b4de048b,ethereum,USDT,issuer_freeze,,,2021-08-29
0xa15b09facc7de0367604c79f138c6e50efc5e011,ethereum,USDT,issuer_freeze,,,2021-03-17
0xa1770ead287dc8e91631a7a323390d5b744f0021,ethereum,USDT,issuer_freeze,,,2024-06-21
0xa1774404710c85a5197cfc642c9b1504f602bc0f,ethereum,USDT,issuer_freeze,,,2024-09-26
0xa19e4182f9ccdf284b3c292b3554075f619403b5,ethereum,USDT,issuer_freeze,,,2024-06-06
0xa1aa49a68bc57ecf1f455eade17395933ab0f9cd,ethereum,USDT,issuer_freeze,,,2025-03-05
0xa1ba11daa1ca5307b8e31b2d418328bea6fdc6b7,ethereum,USDT,issuer_freeze,,,2020-10-26
0xa1c9222fae5a2b2d84ba9c22143e4df94062966e,ethereum,USDT,issuer_freeze,,,2025-08-14
0xa1d6df714f91debf4e0802a542e13067f31b8262,ethereum,USDT,issuer_freeze,,,2024-03-15
0xa1e9e989b72715b642799c80022a30a99e8ae5a1,ethereum,USDT,issuer_freeze,,,2026-06-04
0xa1ea34d831e6b725119f1fff5e77f3df2707f0f7,ethereum,USDT,issuer_freeze,,,2023-12-11
0xa1eb9dc48c9a9f6908a3fcf5e3be1a4b419ec53f,ethereum,USDT,issuer_freeze,,,2025-04-17
0xa1fc3db9f4f380f7d219e8d70d702d6f7630d77f,ethereum,USDT,issuer_freeze,,,2025-01-22
0xa204bc202dad5ba67c6a1b0997a9010e13a9171f,ethereum,USDT,issuer_freeze,,,2024-07-09
0xa21f748436c0487ec16e09000487adc7a79cea5c,ethereum,USDT,issuer_freeze,,,2022-08-26
0xa2446a02814343218a1288f3d4fe7f01bc783760,ethereum,USDT,issuer_freeze,,,2025-01-27
0xa2457e6c61a5257b5dea870434c9d9626b947127,ethereum,USDT,issuer_freeze,,,2025-06-21
0xa2605dc39f251fee606fb29adedd38cc180b0090,ethereum,USDT,issuer_freeze,,,2023-09-07
0xa2b2320dbf5f1046942544b6b3db327d6d766f04,ethereum,USDT,issuer_freeze,,,2024-11-22
0xa2c452534cfde741392f192c4733a57b583c34d7,ethereum,USDT,issuer_freeze,,,2025-04-29
0xa2d13c688951f2146935514235c1151d195a11a3,ethereum,USDT,issuer_freeze,,,2024-12-09
0xa2f0ca49757ab611ce41f86f7cbb5924f71d5f4a,ethereum,USDT,issuer_freeze,,,2025-06-24
0xa2f2d51852fffd9f4c81290ca8332a87b277724c,ethereum,USDT,issuer_freeze,,,2022-01-20
0xa313d59111aee950fb517c4b1c336d3a3aba6bec,ethereum,USDT,issuer_freeze,,,2021-02-02
0xa37e928cf356992f76801ea78d69d53601a5e345,ethereum,USDT,issuer_freeze,,,2024-06-07
0xa38450b7503f33c803b43539485df45377758e17,ethereum,USDT,issuer_freeze,,,2023-02-20
0xa3bed4e1c75d00fa6f4e5e6922db7261b5e9acd2,ethereum,USDT,issuer_freeze,,,2020-09-30
0xa3cda223bb11e3c2dff7a6574e5dbfa472c92878,ethereum,USDT,issuer_freeze,,,2024-09-24
0xa3e07fd099ff52d79d743d8c0e728947db48c638,ethereum,USDT,issuer_freeze,,,2022-10-06
0xa3e73034a583dffd0a17d4b01ada679d6de6bb39,ethereum,USDT,issuer_freeze,,,2025-03-05
0xa3f41c862405962249155487d638e951d6fc5ae8,ethereum,USDT,issuer_freeze,,,2024-05-22
0xa408546dd8078858e2b291ba6a7b26c622b8dc56,ethereum,USDT,issuer_freeze,,,2022-10-06
0xa418ef421d558f761699b169092831fa8811e05e,ethereum,USDT,issuer_freeze,,,2023-10-03
0xa41f449fb21ecc8c5546705a40d13a3c1a15419c,ethereum,USDT,issuer_freeze,,,2024-10-28
0xa41fc53e6cb56258b1014564e0dca5879bb6a06b,ethereum,USDT,issuer_freeze,,,2020-10-26
0xa425fc16116b646de5261c8f994d60776bf83e7b,ethereum,USDT,issuer_freeze,,,2025-07-08
0xa447766dc12ff3ea21c4772b42fbb6d8b6245024,ethereum,USDT,issuer_freeze,,,2025-10-30
0xa4579b13f5c1ff919d9971188f423d8aa4521f1a,ethereum,USDT,issuer_freeze,,,2023-05-14
0xa479549578f45862f1a1b04695c144883713b464,ethereum,USDT,issuer_freeze,,,2024-07-18
0xa490436844c1e653f1d6cf0959d7eda71da472d8,ethereum,USDT,issuer_freeze,,,2021-03-17
0xa49a06cbf5f40d51f1084457acbc50047854f544,ethereum,USDT,issuer_freeze,,,2024-06-22
0xa49d8519f49ed42fe50afa3e6293f28034b3f272,ethereum,USDT,issuer_freeze,,,2026-07-07
0xa4f5d39c95d40de4b31fba6b3c45d0f3c2d7f914,ethereum,USDT,issuer_freeze,,,2022-03-17
0xa4ffea100809dcc3ab896c706b8a33f35573e999,ethereum,USDT,issuer_freeze,,,2026-01-21
0xa512d9888e90631641d90ca06a3b8ddaa35345a3,ethereum,USDT,issuer_freeze,,,2024-03-19
0xa5186ed8391315f169f914d84ff0a2b4bd28ed24,ethereum,USDT,issuer_freeze,,,2026-01-01
0xa559beab731644cdea7a0c240fac1bf0b470fa28,ethereum,USDT,issuer_freeze,,,2023-01-30
0xa55d142507e1bacd3c18c71a12ecce6aeb36859b,ethereum,USDT,issuer_freeze,,,2021-03-17
0xa56ddd10a7d8a2592a0920de9c20afbd6216fa2a,ethereum,USDT,issuer_freeze,,,2023-12-21
0xa58b120028938cd52a673b366b3a7b96142cabd7,ethereum,USDT,issuer_freeze,,,2020-10-26
0xa5a6a4b2809d78f45a2a325058b681a1bbc469e0,ethereum,USDT,issuer_freeze,,,2024-08-23
0xa5b3d5337fa03bf7cddd5a1492e5b3f1ecfa8ec3,ethereum,USDT,issuer_freeze,,,2024-07-10
0xa5b56f5f64f169cdb3ee635e12d53d9ccffa2fe0,ethereum,USDT,issuer_freeze,,,2024-12-18
0xa5cf163182d009eb48dc90e8f81ffd4647aabea0,ethereum,USDT,issuer_freeze,,,2026-06-24
0xa5e6ca86603fd96d666c02ff08d3b8a50644a5fd,ethereum,USDT,issuer_freeze,,,2026-03-19
0xa5f174e44bfc964624c87f4c51c861269c5d2b38,ethereum,USDT,issuer_freeze,,,2023-05-24
0xa5f91d5c5427dcc5b2dff99e7392e87d2a4b51c3,ethereum,USDT,issuer_freeze,,,2025-10-07
0xa60fcac8a4cf70af2a2e0c0cda73afef208c6daa,ethereum,USDT,issuer_freeze,,,2020-10-26
0xa6173a4128bb9adef4fbe4d858363fbcda23c089,ethereum,USDT,issuer_freeze,,,2023-12-11
0xa63d2a532ca58bee0bb09f12c8fb2b77a2df09a2,ethereum,USDT,issuer_freeze,,,2025-08-26
0xa6424dcbc756427724e9ab24b9ef41524b07d4f5,ethereum,USDT,issuer_freeze,,,2021-07-12
0xa6587f2626e48d66ae285ded11ffecbad07edd79,ethereum,USDT,issuer_freeze,,,2025-04-01
0xa65d8ab49125dc4704c0b29908983db3936cdada,ethereum,USDT,issuer_freeze,,,2020-10-26
0xa680627e73cccc11d9b211f95d2d974ebdf75216,ethereum,USDT,issuer_freeze,,,2025-12-10
0xa693b19d2931d498c5b318df961919bb4aee87a5,ethereum,USDT,issuer_freeze,,,2026-06-17
0xa6bccfd21c5b23965c5f31d70fcef17b83b9c04a,ethereum,USDT,issuer_freeze,,,2023-12-14
0xa6f1076cbba947f3481173890ec04aae8d6206fa,ethereum,USDT,issuer_freeze,,,2024-07-18
0xa6fbe3a6d5b8237fc8d1f91a2f852f77e2a8591c,ethereum,USDT,issuer_freeze,,,2023-11-10
0xa722a35622a6488c827c0e4dd9484afc3f1d8602,ethereum,USDT,issuer_freeze,,,2022-03-17
0xa722a35622a64bbc827c0e4dd9484afc3f1d8602,ethereum,USDT,issuer_freeze,,,2022-03-17
0xa74476443119a942de498590fe1f2454d7d4ac0d,ethereum,USDT,issuer_freeze,,,2020-07-27
0xa75752362f3798801f1a1132310b7d3bdcda7450,ethereum,USDT,issuer_freeze,,,2025-11-14
0xa757edecfbb6f5fda7d35ff018c7aca8e465c6da,ethereum,USDT,issuer_freeze,,,2025-10-01
0xa7610b2ba35756bb01384debea3cb0f0855247b1,ethereum,USDT,issuer_freeze,,,2020-10-26
0xa761f652044774de9456316d008c57a41c8c5e7d,ethereum,USDT,issuer_freeze,,,2024-10-16
0xa79d180a2ca9bb4de7e2490df6d3f582f35f0b47,ethereum,USDT,issuer_freeze,,,2024-08-12
0xa7a44de862cc9a4077d8e1428be977481dea3fa1,ethereum,USDT,issuer_freeze,,,2024-05-14
0xa7a621a76bd0aca522dfda21573a72e7e313b42b,ethereum,USDT,issuer_freeze,,,2020-10-26
0xa7bf48749d2e4aa29e3209879956b9baa9e90570,ethereum,USDT,issuer_freeze,,,2023-08-01
0xa7e32be512ff926caf92a92d635642248dd8a977,ethereum,USDT,issuer_freeze,,,2024-01-25
0xa7ed29b253d8b4e3109ce07c80fc570f81b63696,ethereum,USDT,issuer_freeze,,,2021-01-29
0xa7ff152dfb81be34126b37b9bff0f376f08554ab,ethereum,USDT,issuer_freeze,,,2024-05-22
0xa82b776e2a3f33a340eafa61b5ade907b5460bcc,ethereum,USDT,issuer_freeze,,,2024-07-10
0xa84d48e893534262489e94544134644b50670cb5,ethereum,USDT,issuer_freeze,,,2026-01-22
0xa855c51cb3eccddae8910567e770407fde498f59,ethereum,USDT,issuer_freeze,,,2026-06-23
0xa8cbdaee4dfc631055fc229a64fa8e0f989338e3,ethereum,USDT,issuer_freeze,,,2024-06-17
0xa8d106387f639301f6ede90ca7484408a34cc8cb,ethereum,USDT,issuer_freeze,,,2024-04-10
0xa8d1a4f9c3a26eb19e5b585e16a384311b7fb1a8,ethereum,USDT,issuer_freeze,,,2020-08-10
0xa90bd044d699136adc55e1f633001c29aa1df61f,ethereum,USDT,issuer_freeze,,,2025-07-23
0xa93c721ccaa299e15b3281be8fec9557f426a525,ethereum,USDT,issuer_freeze,,,2021-08-25
0xa93d78cacca9b56e48bc20524a117c7519d713b7,ethereum,USDT,issuer_freeze,,,2025-03-05
0xa95662473f0bc4644dbcafdabdec17922d042def,ethereum,USDT,issuer_freeze,,,2021-10-26
0xa96101f4fff3d4034ebedb4262fc274c88022b60,ethereum,USDT,issuer_freeze,,,2024-09-18
0xa972d4d4e71f815552c6f35cb0483ff0824582d1,ethereum,USDT,issuer_freeze,,,2026-05-05
0xa99e15a0b3c50bf75ce688f2213f1972c60eb5b8,ethereum,USDT,issuer_freeze,,,2025-10-31
0xa9a274b921894b4264bb36467626b8f50c7723c5,ethereum,USDT,issuer_freeze,,,2022-03-17
0xa9a466e28a593f0dcde9074ef8c319643d4d402c,ethereum,USDT,issuer_freeze,,,2022-04-18
0xa9a7f92628d791f8af7e7ac2b64071fdbaa975d5,ethereum,USDT,issuer_freeze,,,2025-10-01
0xa9c54b177cd4f5b42336ae3ea265a55781beffb1,ethereum,USDT,issuer_freeze,,,2025-07-07
0xa9c71d9074b5a8c915cbc9078befdff0cb8e4480,ethereum,USDT,issuer_freeze,,,2025-03-04
0xa9e8c881b448e9e18ca3acaaf1e7cd69ab68c81f,ethereum,USDT,issuer_freeze,,,2020-10-26
0xa9f851e6543a25972886b86b1160c47c9240d685,ethereum,USDT,issuer_freeze,,,2020-10-26
0xaa0b167e3c851f25a1870bf81344582d7e4b2c64,ethereum,USDT,issuer_freeze,,,2025-04-09
0xaa4436a1d19fd53275817d38b5282b9c3951599e,ethereum,USDT,issuer_freeze,,,2024-04-02
0xaa5ec4e96d2ea3b38e481db16e77102163e1a019,ethereum,USDT,issuer_freeze,,,2024-05-21
0xaa6edb1f014838440d5d3a2c489c5fb0a2d910d5,ethereum,USDT,issuer_freeze,,,2020-07-27
0xaaae21b96542cc52d9e0f8e7b74cfb171d6ba339,ethereum,USDT,issuer_freeze,,,2020-08-10
0xaaca86b876ca011844b5798eca7a67591a9743c8,ethereum,USDT,issuer_freeze,,,2021-10-21
0xaad31691c0a725bf847da5a5236e813132933f3c,ethereum,USDT,issuer_freeze,,,2021-03-17
0xaad73d4523a41c1eb595683606c10448dc957a82,ethereum,USDT,issuer_freeze,,,2021-03-17
0xab019806fc72bfdfeee1331798e13e707db020b9,ethereum,USDT,issuer_freeze,,,2021-03-17
0xab46360d61ed2df619f316240824d7cabfd0b9f8,ethereum,USDT,issuer_freeze,,,2024-06-06
0xab51326e7102d38a73a71e66e4709f3a6da5722c,ethereum,USDT,issuer_freeze,,,2024-03-18
0xab5bbffcf978ff6fb21399718de91db253972259,ethereum,USDT,issuer_freeze,,,2025-08-14
0xab73b5b2ffc116721d6f01d9fddd64b478f1758b,ethereum,USDT,issuer_freeze,,,2024-09-12
0xab9a22fc412a332079951319622610462816a668,ethereum,USDT,issuer_freeze,,,2025-10-07
0xaba8cac6866b83ae4eec97dd07ed254282f6ad8a,ethereum,USDT,issuer_freeze,,,2020-09-11
0xabad52d5be8b3c6eb9835073730fa85b35715dc3,ethereum,USDT,issuer_freeze,,,2025-02-25
0xabc7896f534a358dc38d8524f62d67c96f46b366,ethereum,USDT,issuer_freeze,,,2023-09-01
0xabcf6a9c759133f9013542b8dc9d3c8aa4533167,ethereum,USDT,issuer_freeze,,,2025-02-26
0xabe7db85b0685eaeb9829794a91357d662ba97c6,ethereum,USDT,issuer_freeze,,,2026-04-10
0xac1ebd7f51de478c1fc29bc195aa8551029b1dc5,ethereum,USDT,issuer_freeze,,,2026-03-16
0xac2936b10aa9ae3fc36c5c77718ce9bcdfb7a0b7,ethereum,USDT,issuer_freeze,,,2024-12-09
0xac516d2484b4ca30c643ee839875bedfee19dfe4,ethereum,USDT,issuer_freeze,,,2022-08-10
0xac6403c5fa00499f1cce0e97f5d0a66f5def40ea,ethereum,USDT,issuer_freeze,,,2021-03-17
0xac67b321a3f622fa066416d356db14f5d6487fb8,ethereum,USDT,issuer_freeze,,,2025-06-24
0xac97e9d9f9111613df8cabbf6435f70139528882,ethereum,USDT,issuer_freeze,,,2023-12-22
0xace03f077ab93edad192aa32940699b1f445c7dd,ethereum,USDT,issuer_freeze,,,2020-10-26
0xacfa9310c6235f4e67ab9c9469581d058010e51c,ethereum,USDT,issuer_freeze,,,2023-07-06
0xad0f49cc8aa54f775748c6cc25a494facd9f0d2a,ethereum,USDT,issuer_freeze,,,2022-10-06
0xad404269d1e6f2d52957cb9e5a89abf3e7811380,ethereum,USDT,issuer_freeze,,,2025-08-05
0xad5cd161399b3686461164d2e086055dc8e53c55,ethereum,USDT,issuer_freeze,,,2026-03-10
0xad9e40685786c1009cbbbdc2dd62f9ca9174b5ed,ethereum,USDT,issuer_freeze,,,2025-01-07
0xadd9a2695db855cd25f171dbd088eebb4ea7436d,ethereum,USDT,issuer_freeze,,,2026-05-01
0xaddcee8ecb0c92f717134c2220d3ec7c1450651e,ethereum,USDT,issuer_freeze,,,2024-07-10
0xae05eb856cb28c156d9722094f5eefd5693bc181,ethereum,USDT,issuer_freeze,,,2025-10-17
0xae1c66afd3add84f1054a86268b10dcf7567b95a,ethereum,USDT,issuer_freeze,,,2020-08-10
0xae1dae308ec729752d882d983f308a95ccd6e01b,ethereum,USDT,issuer_freeze,,,2025-12-03
0xae2273f2a38dfde5925ae89ce3ada6b637a0519c,ethereum,USDT,issuer_freeze,,,2025-05-31
0xae5cdb7b34ad0f966a65e7fd5c5cf30c389aff14,ethereum,USDT,issuer_freeze,,,2026-03-24
0xae9570eb8d56adb65d6c64eb28771fe300d62a2b,ethereum,USDT,issuer_freeze,,,2021-03-17
0xaec82edfdae51ec06407fb459cf7465427f24212,ethereum,USDT,issuer_freeze,,,2021-08-05
0xaed14bbd05671d8dbc14cab8fa48983543d84c07,ethereum,USDT,issuer_freeze,,,2025-10-30
0xaed4fa526cbf10ccdf6278a871b3155d7ce21664,ethereum,USDT,issuer_freeze,,,2020-10-26
0xaf0f30d580d1ace6e81ab3285786e14d91a118f8,ethereum,USDT,issuer_freeze,,,2021-03-17
0xaf33b8f70e803b812e01ac67674eaeaa233f0fe1,ethereum,USDT,issuer_freeze,,,2022-10-06
0xaf3dc653c66f8edc77202956f3dd470202a07869,ethereum,USDT,issuer_freeze,,,2024-07-10
0xaf401da0e995f397ef4cc7baa1f5b502a20dc505,ethereum,USDT,issuer_freeze,,,2025-09-11
0xaf5ca18a5f92f035e56872f7c5e8c04385603f95,ethereum,USDT,issuer_freeze,,,2024-10-28
0xaf5d53b9682119d0b3fb2afa8bd10a28192dcd91,ethereum,USDT,issuer_freeze,,,2026-03-12
0xaf60ac3178567ef1a8110c0cfc4e3df68c61f3e2,ethereum,USDT,issuer_freeze,,,2022-11-04
0xaf68a4fa31f807c8189f24ae5eeda2b7bc8b0f75,ethereum,USDT,issuer_freeze,,,2024-12-31
0xaf9539c3d46dc1ea4ae81e780ecc9c1c99ebfcc0,ethereum,USDT,issuer_freeze,,,2022-10-06
0xafa984b065b6fd36f14842e6b1be797a99365466,ethereum,USDT,issuer_freeze,,,2024-03-18
0xafabec45652aaf9ad0d7d52c28fdc20635442be7,ethereum,USDT,issuer_freeze,,,2026-06-08
0xafad9352eb6bcd085dd68268d353d0ed2571af89,ethereum,USDT,issuer_freeze,,,2021-11-05
0xafd770d8898a0e323c607fe91358345e7b2378a5,ethereum,USDT,issuer_freeze,,,2024-06-21
0xafd9003a25014449eee7fb4ce766f524fd1e2766,ethereum,USDT,issuer_freeze,,,2026-07-15
0xafff1c3534880ff1d9e99c1ce64b4f3189452f03,ethereum,USDT,issuer_freeze,,,2023-03-14
0xb00173ff529d225709fd6975e345203dcdbc45ff,ethereum,USDT,issuer_freeze,,,2024-07-09
0xb015973cdc520fc8affcb3bd9bae3429d1036bcf,ethereum,USDT,issuer_freeze,,,2024-11-29
0xb04ea6423e9a45aaeae39557475365589286dc3e,ethereum,USDT,issuer_freeze,,,2025-05-06
0xb05686a17ed23360d6bbb37652bc0424b12af5fd,ethereum,USDT,issuer_freeze,,,2021-05-06
0xb064a2a76262db9ac1a4e4606ae0532b3f565db8,ethereum,USDT,issuer_freeze,,,2022-05-03
0xb0830664a01d939c96b8063c017a57250cafe2c5,ethereum,USDT,issuer_freeze,,,2024-06-04
0xb085c31be9a4315f3b7165021ede616cac5201d7,ethereum,USDT,issuer_freeze,,,2024-12-24
0xb09323411bbc6a2e3b03c2f4017ec196748dd59c,ethereum,USDT,issuer_freeze,,,2025-03-03
0xb0c5f3100a4d9d9532a4cfd68c55f1ae8da987eb,ethereum,USDT,issuer_freeze,,,2021-06-07
0xb0d25af9047cfd9b1bed8f1fd58479c9202bc483,ethereum,USDT,issuer_freeze,,,2024-07-06
0xb1192b03b914e31acf917932c148d973f39dc3ac,ethereum,USDT,issuer_freeze,,,2021-03-17
0xb1245cabbe4b508172c0b69fd8c7b4f97bb599bc,ethereum,USDT,issuer_freeze,,,2024-10-20
0xb1248a881fcca400ed85feb35984f9df8b792c54,ethereum,USDT,issuer_freeze,,,2024-06-01
0xb13557924803cb5c4a4b951f07003d11fbd91e1e,ethereum,USDT,issuer_freeze,,,2024-11-23
0xb139093471bab760363d45ef097687c2d6aca00c,ethereum,USDT,issuer_freeze,,,2024-04-10
0xb1555cc16c901d15ff568f36c3ddd3761fab6ade,ethereum,USDT,issuer_freeze,,,2025-08-26
0xb179fe021147bae18c00feaa8e09183a36429d43,ethereum,USDT,issuer_freeze,,,2021-01-06
0xb195eaab97c169f2107926d4cd158a26d015a438,ethereum,USDT,issuer_freeze,,,2026-06-14
0xb1a741cf274d790476e8b9d5c5a377f635be97cb,ethereum,USDT,issuer_freeze,,,2026-02-05
0xb1f66997a5760428d3a87d68b90bfe0ae64121cc,ethereum,USDT,issuer_freeze,,,2020-10-26
0xb21c9273b3970bfbfb8b27359122fb3a079b0ce7,ethereum,USDT,issuer_freeze,,,2026-06-17
0xb220ed19d49cd4bb974b1e7d80d33dc6724a64c1,ethereum,USDT,issuer_freeze,,,2025-03-15
0xb22e965635fbe3d2551257b06472a3b53653da22,ethereum,USDT,issuer_freeze,,,2026-01-17
0xb25a1f3a7084ef8aff33c2e94ee02045cbcfa869,ethereum,USDT,issuer_freeze,,,2020-08-10
0xb25d20c752c6f9337569e76e71be552170e0f180,ethereum,USDT,issuer_freeze,,,2025-08-19
0xb26d406050bedcde4ce1f76c7eed02963bf11ce1,ethereum,USDT,issuer_freeze,,,2022-06-30
0xb271036d95b205a26bae5cb2d4eb922c000903a2,ethereum,USDT,issuer_freeze,,,2025-03-03
0xb2888d5153af19469c9b809544c13fd16ba12f7c,ethereum,USDT,issuer_freeze,,,2022-10-06
0xb2a55570ae16cb8b04432790ada44d6008e1111a,ethereum,USDT,issuer_freeze,,,2022-10-06
0xb2e1342b7a2e9669fa1e8ff775e5765e5cd0964a,ethereum,USDT,issuer_freeze,,,2024-05-01
0xb2e77a7370dfa7949bbc05f22beb1967f63dd699,ethereum,USDT,issuer_freeze,,,2021-10-22
0xb2ed95dce110270a75739b978b5b3bac8a611a35,ethereum,USDT,issuer_freeze,,,2024-12-21
0xb319298fdd286148e80dc418e5efe27d98f50f63,ethereum,USDT,issuer_freeze,,,2026-03-19
0xb31d374d54ffcfba5330ece49aa50c07380c1948,ethereum,USDT,issuer_freeze,,,2021-03-17
0xb323a404a1b391b8072ba86b5746f9cc862b21cd,ethereum,USDT,issuer_freeze,,,2020-09-30
0xb3273dd8b99884bc3b37844df44f6a2575d2b8d1,ethereum,USDT,issuer_freeze,,,2021-03-17
0xb3282c5caefb26c24e462e828ea977d8dfe9effb,ethereum,USDT,issuer_freeze,,,2020-09-30
0xb389b4b4a8a6e267ca0712321cdca5c856ef8a72,ethereum,USDT,issuer_freeze,,,2023-03-03
0xb39c7b287c6a18f953a6bc0946492576df89e957,ethereum,USDT,issuer_freeze,,,2025-08-18
0xb39ef6ea3cde54002fe3bf275345b45dd83fe52d,ethereum,USDT,issuer_freeze,,,2025-09-05
0xb3b4be9db6f4c3a0eccf9c40ccc97c73ad0cc14d,ethereum,USDT,issuer_freeze,,,2021-02-02
0xb3b8c329f91873d54d06296c830199560487bf40,ethereum,USDT,issuer_freeze,,,2026-05-19
0xb3eb0e4a6931f2c9fc2e586bfd7f083bcb607484,ethereum,USDT,issuer_freeze,,,2025-08-15
0xb41ed79226eef18e995260c07f6556d50f181c77,ethereum,USDT,issuer_freeze,,,2020-10-26
0xb47a6f53827171c136701c2f85cdb8b01e85919c,ethereum,USDT,issuer_freeze,,,2022-10-06
0xb48a8fd4356f0d9dd023b3829d9d06b45b0cdd8c,ethereum,USDT,issuer_freeze,,,2025-10-09
0xb4a2e40158a1251bb42b458371edbe9dcd6c5924,ethereum,USDT,issuer_freeze,,,2022-10-06
0xb4a4422f1d9e153e5009b845d44bcecdbd1576a9,ethereum,USDT,issuer_freeze,,,2023-05-31
0xb4b52d943c5c2b39dcab1f4ec217dcc331f14780,ethereum,USDT,issuer_freeze,,,2026-01-12
0xb4c6892b8c9d599d9c8713fc17ef9657ce9242d3,ethereum,USDT,issuer_freeze,,,2025-12-18
0xb4da3ea40c2548765ca5ba8a10c0cef3c24f5ee6,ethereum,USDT,issuer_freeze,,,2020-10-26
0xb4f6cef96e36fba2ebfabd8ea72720910debee55,ethereum,USDT,issuer_freeze,,,2021-03-17
0xb4ff83cc6a694ac7985554005fba890185ae1043,ethereum,USDT,issuer_freeze,,,2023-11-30
0xb51aaca6f8d603c3ac335c79bc2d5104c461d4fa,ethereum,USDT,issuer_freeze,,,2023-12-14
0xb521d013b2613162220cdc87c92c84deacc12601,ethereum,USDT,issuer_freeze,,,2022-01-13
0xb5451661101c45ba4bbc89abd0b30c254a90e85a,ethereum,USDT,issuer_freeze,,,2020-11-04
0xb547cf047d7ecd65e199c9c77f1938a95da5dc61,ethereum,USDT,issuer_freeze,,,2024-08-23
0xb55b5dffd9d45b0563e644e47773d4f283137164,ethereum,USDT,issuer_freeze,,,2022-06-30
0xb59a08c3887a250f9f26252bf638d69a8381a76b,ethereum,USDT,issuer_freeze,,,2026-04-23
0xb5a027fd7959a38bb5398430df957fbe43ef600d,ethereum,USDT,issuer_freeze,,,2025-10-09
0xb5a73cbee0af2f98fdf8ba515aa8fabdf307a47c,ethereum,USDT,issuer_freeze,,,2026-02-17
0xb5baed90ee210f1610e747c5239b9d310b6b9a85,ethereum,USDT,issuer_freeze,,,2025-01-07
0xb5f9ccc51b5387c2f97ce19b17346abb20499794,ethereum,USDT,issuer_freeze,,,2025-09-04
0xb601c78a05f7c388be73a698a07b5140ee58bf36,ethereum,USDT,issuer_freeze,,,2026-03-01
0xb60fbba496bed5dfc3be19b90a892351b07abb2b,ethereum,USDT,issuer_freeze,,,2020-12-11
0xb64059da2425c87208317f3839db5acec4538b20,ethereum,USDT,issuer_freeze,,,2023-12-04
0xb648ad8e063ddaf2892d0d05eee6db5ce7188326,ethereum,USDT,issuer_freeze,,,2023-05-11
0xb66a58e0aaa66b2ef9822c75cb577d336acb00bd,ethereum,USDT,issuer_freeze,,,2020-04-11
0xb690b98e7b1e59ff7de1a9ff19af9b98bbef3e92,ethereum,USDT,issuer_freeze,,,2023-12-18
0xb699334ae8b8204e1854eae697ac2a42be77aa12,ethereum,USDT,issuer_freeze,,,2025-11-19
0xb69c39119941700f5c3d3f8e41f5e6cb0ed9d1c9,ethereum,USDT,issuer_freeze,,,2025-07-17
0xb7149f6fc26435748170b5eed9659844fe4984c4,ethereum,USDT,issuer_freeze,,,2024-10-28
0xb71897709fc66eda3f6097561deace3fd83d9c8f,ethereum,USDT,issuer_freeze,,,2022-06-30
0xb74999968a77b4b5dbedc12f1b7ec0851934f93a,ethereum,USDT,issuer_freeze,,,2025-07-29
0xb76a2cc1f8e95028df485130fa1edbf7019196b6,ethereum,USDT,issuer_freeze,,,2025-12-03
0xb782439e9e5af4ac148ddf6d70e81a9f6dd2eaf5,ethereum,USDT,issuer_freeze,,,2024-04-05
0xb78d1edfed9c93d7effd396f95997483f60b869e,ethereum,USDT,issuer_freeze,,,2021-06-07
0xb7944bfe170986fd6230b4c18bc7072cb485686e,ethereum,USDT,issuer_freeze,,,2019-11-01
0xb7a62b9729034fecfcab7ee4256a4ba983eecf7b,ethereum,USDT,issuer_freeze,,,2022-10-10
0xb805c79f03a4230170b4c1d0ff3bb6c070c79d11,ethereum,USDT,issuer_freeze,,,2020-10-26
0xb814072ccd2613af671494303b5570c438e91ffb,ethereum,USDT,issuer_freeze,,,2023-10-31
0xb8170082763c0e6ded2c465e65446e26b5b45f30,ethereum,USDT,issuer_freeze,,,2025-01-08
0xb822e045def6777271daaa28a754bc046b903cf5,ethereum,USDT,issuer_freeze,,,2024-07-09
0xb8500fb47adeda3c0262e18e333f432aa6ac8ff1,ethereum,USDT,issuer_freeze,,,2020-10-26
0xb86369ed3754a404c5c0d5aa9da6400a9466053e,ethereum,USDT,issuer_freeze,,,2024-04-02
0xb886d7d39d05663af7e2779e9848c3794a722323,ethereum,USDT,issuer_freeze,,,2025-10-05
0xb88d8defad365704722068daf045481f3205cfa6,ethereum,USDT,issuer_freeze,,,2021-04-30
0xb89a62e5d9128d7cfbb058a152524deac807ae9e,ethereum,USDT,issuer_freeze,,,2026-02-19
0xb89cba688b26004b58ce8c630c0ded65a6bff8a3,ethereum,USDT,issuer_freeze,,,2024-05-14
0xb8a886423d63063b67638ca29f849d8df611ef00,ethereum,USDT,issuer_freeze,,,2020-10-26
0xb8b421e4db9a10712aca82a22645229bbad56d1a,ethereum,USDT,issuer_freeze,,,2026-04-03
0xb8baa0e4287890a5f79863ab62b7f175cecbd433,ethereum,USDT,issuer_freeze,,,2020-09-11
0xb8c348f248ad0493ae2e6640d30ce3986413af23,ethereum,USDT,issuer_freeze,,,2023-03-24
0xb8c50b608f20ab84344a8cd10e71bbb658c658b2,ethereum,USDT,issuer_freeze,,,2022-04-11
0xb8c77482e45f1f44de1745f52c74426c631bdd52,ethereum,USDT,issuer_freeze,,,2022-01-20
0xb8dad58a14528b8355412dafae10f4ee56483d48,ethereum,USDT,issuer_freeze,,,2024-06-04
0xb8ebee885a2e7f67bc160191bb8a8f5678f0da25,ethereum,USDT,issuer_freeze,,,2026-04-28
0xb937ba9358d20efcdb5f0fd363ca963989a536ec,ethereum,USDT,issuer_freeze,,,2024-09-13
0xb94f551659d8944f7cefaa813a522af30a6cd8ad,ethereum,USDT,issuer_freeze,,,2024-07-10
0xb95c8faf817c5c9385cec66adbeec4c0127659b2,ethereum,USDT,issuer_freeze,,,2021-03-17
0xb964bdcf25dea43b9fd0550d4f8b55585a539764,ethereum,USDT,issuer_freeze,,,2020-12-11
0xb96ca47c8a67dc9ae12254f03810fe8bbbe7c116,ethereum,USDT,issuer_freeze,,,2025-10-05
0xb9e83009aa3e15ac4a6fc255c3642d8f66b9725c,ethereum,USDT,issuer_freeze,,,2022-09-16
0xba0a72d6c4912e9cf8f4407e7c469e3afae4fb35,ethereum,USDT,issuer_freeze,,,2021-03-17
0xba11d00c5f74255f56a5e366f4f77f5a186d7f55,ethereum,USDT,issuer_freeze,,,2021-03-17
0xba3bfac3ef631a48188ed859a02df3ef01a72001,ethereum,USDT,issuer_freeze,,,2024-06-07
0xba5e1c687ac97fcff7f61646e0cecd1f78fad108,ethereum,USDT,issuer_freeze,,,2024-07-10
0xba6b1e0dbedd00707981a84946cde8e556ce259c,ethereum,USDT,issuer_freeze,,,2020-10-26
0xba6d9694b29ead6695bc08807da804df4c7ede46,ethereum,USDT,issuer_freeze,,,2025-07-15
0xba764864ee24c41b891aa0d3f2e406a25a42f935,ethereum,USDT,issuer_freeze,,,2024-07-10
0xba84ac7b6909416975f9b363ccf870ef91e4b1b9,ethereum,USDT,issuer_freeze,,,2022-06-30
0xba9d81f2c62da8796f1c2c164abd2c1086d38fd2,ethereum,USDT,issuer_freeze,,,2024-06-06
0xbaa30ff41c9638219aa7b87e88956fa533c47e7f,ethereum,USDT,issuer_freeze,,,2026-05-04
0xbaa9c186a898c70fa70786aaf02f669f17ed327b,ethereum,USDT,issuer_freeze,,,2025-03-04
0xbaaba6e7c98fb65d9ca01593cebe1bb4315cbb72,ethereum,USDT,issuer_freeze,,,2024-05-15
0xbad329ae8dcd940673e92e53d51f2bfef70ff916,ethereum,USDT,issuer_freeze,,,2024-03-20
0xbaea957390e503f60b3db0ebea9bfd5a4fab9435,ethereum,USDT,issuer_freeze,,,2025-10-30
0xbaf9ab6245b59953afeb1efa0c3aafff26ce3d1a,ethereum,USDT,issuer_freeze,,,2024-06-24
0xbb2affe14391d8b9b8713482f4864f767c13a4b6,ethereum,USDT,issuer_freeze,,,2026-01-05
0xbb33fd06b7e57126b7ece10242aaf3279040e36e,ethereum,USDT,issuer_freeze,,,2022-10-06
0xbb3782048735091ab4c304693a69371965a4ef87,ethereum,USDT,issuer_freeze,,,2026-01-17
0xbb4c226efb11c0d8ffd8bf1d7135dae510000008,ethereum,USDT,issuer_freeze,,,2024-09-18
0xbb51228c37be8868fb4ddaf402bbbdaf5f46d038,ethereum,USDT,issuer_freeze,,,2025-10-19
0xbb6b7dea7ee53b704c959ad895771aa6a0d2f934,ethereum,USDT,issuer_freeze,,,2024-03-20
0xbb821eee8a84b99a1c88c93913b34895c47d9911,ethereum,USDT,issuer_freeze,,,2021-07-08
0xbb864555c9dbfe4ad1922958d768c08b9b50d68c,ethereum,USDT,issuer_freeze,,,2024-03-18
0xbba2b765ce2a8bd0daf7ac6bffb11659be21b8c0,ethereum,USDT,issuer_freeze,,,2022-05-27
0xbba821d92c3c67a51dbd07eb30f4ab2a8637feeb,ethereum,USDT,issuer_freeze,,,2023-07-06
0xbbd0e3c8f09fa8b8cf002b569dbff5a0813df177,ethereum,USDT,issuer_freeze,,,2022-08-26
0xbc8e08ab22769ec160ceb32632a09ff36b87294c,ethereum,USDT,issuer_freeze,,,2022-06-30
0xbca3ab082206c053e9133236fd58b530000eda22,ethereum,USDT,issuer_freeze,,,2021-08-05
0xbca444779d643f22cd99173a4022840dab1548f2,ethereum,USDT,issuer_freeze,,,2023-12-11
0xbcb0f86720ae73cb46fdb2c2bac9221fecf1ec0c,ethereum,USDT,issuer_freeze,,,2025-02-05
0xbcb13edf0e7d9dbed724dcc7f9cab66db7c3e685,ethereum,USDT,issuer_freeze,,,2025-09-26
0xbcb9aa6f2cdf344f0bef8a17b1c7eda47803ceb0,ethereum,USDT,issuer_freeze,,,2026-03-03
0xbcd530b6f66a9dcf0862629b16da1c48a8d8de3a,ethereum,USDT,issuer_freeze,,,2024-04-25
0xbcf40339af98fc637c6fb6c52b718ebb98737a65,ethereum,USDT,issuer_freeze,,,2025-10-01
0xbd2830ba5357ec1eb49874e9df14317229ba06d2,ethereum,USDT,issuer_freeze,,,2024-01-02
0xbd2949f67dcdc549c6ebe98696449fa79d988a9f,ethereum,USDT,issuer_freeze,,,2021-03-17
0xbd3bd0f937c00486342699c9954df119edb239ae,ethereum,USDT,issuer_freeze,,,2021-03-17
0xbd4250a24356a988c399a12f4dbe08e519800558,ethereum,USDT,issuer_freeze,,,2024-07-11
0xbd52dfe788a205ff1b263a22aa57f66f626e01bc,ethereum,USDT,issuer_freeze,,,2026-01-17
0xbd8f5b81ddbc39f02d5f9b9a9c77873d78a11b7e,ethereum,USDT,issuer_freeze,,,2025-12-02
0xbd9946df0fa6662ea3d86c0fb0d715425be425cf,ethereum,USDT,issuer_freeze,,,2025-12-11
0xbdaf3e422d2cfa10f34c59f7151dd31499a426b5,ethereum,USDT,issuer_freeze,,,2019-09-06
0xbdd115d14985b24aa0b6a3691ab1d60819984811,ethereum,USDT,issuer_freeze,,,2022-06-30
0xbdd32b0e59f253f37ec97da72c421d8da0e1fb1e,ethereum,USDT,issuer_freeze,,,2024-05-17
0xbdea734323572345892651ba63c62ed25b996836,ethereum,USDT,issuer_freeze,,,2024-06-05
0xbe10a20daf62e499d73b3e2009612a54ce4439ea,ethereum,USDT,issuer_freeze,,,2025-03-27
0xbe2598d7df3b56531316e56e7de21f4dc6d1373b,ethereum,USDT,issuer_freeze,,,2025-05-30
0xbe4a6157b7e9447fb4f392f7a9d18e15b4c916a9,ethereum,USDT,issuer_freeze,,,2024-12-20
0xbe6afbf9a85a65b3c3a77f9e7f4006da11cc82c3,ethereum,USDT,issuer_freeze,,,2020-08-08
0xbe81ba44723584a14944504633da7708d3fd831c,ethereum,USDT,issuer_freeze,,,2024-07-10
0xbea20a10a25baefd05a0995fa2eba86f20163acc,ethereum,USDT,issuer_freeze,,,2025-10-21
0xbeb0036bc0939d805bb9fcfec704af3cb7c29ba5,ethereum,USDT,issuer_freeze,,,2023-04-06
0xbebdccf5988cdd39da2c63a5d1d9093a2254be38,ethereum,USDT,issuer_freeze,,,2024-07-16
0xbee02b40e4016f5b46c76b450ac78f6706ffe9ed,ethereum,USDT,issuer_freeze,,,2025-10-08
0xbeef863bc81abeace8689751009f069be09ac3f0,ethereum,USDT,issuer_freeze,,,2024-02-21
0xbef180ddfa914628791e7a67286e7618d121b579,ethereum,USDT,issuer_freeze,,,2024-08-24
0xbf00c0b054c4083a2c704a7e2a20611855e50d02,ethereum,USDT,issuer_freeze,,,2025-07-20
0xbf3018e9efeedd69f824f101b183d444f11785ba,ethereum,USDT,issuer_freeze,,,2022-01-20
0xbf47b5291ca3ab3ee57d5bede1c4831b592e63cc,ethereum,USDT,issuer_freeze,,,2026-05-08
0xbf60e5c543c1f97900c365200ce543ff6c27acc0,ethereum,USDT,issuer_freeze,,,2026-02-02
0xbf6f63d091b8a699b7344774686f9800db4ccbc6,ethereum,USDT,issuer_freeze,,,2024-05-12
0xbf86690836bc057fd1bdf30eb0ee36d929687293,ethereum,USDT,issuer_freeze,,,2024-10-28
0xbf87d546f64d8216ca996cc1ecd50807b9a4b7a1,ethereum,USDT,issuer_freeze,,,2026-07-10
0xbf8f0c712fce239d41a98d890eacb15b1519535c,ethereum,USDT,issuer_freeze,,,2025-09-04
0xbf93c820868447e997b0b0c0fce5d5498d872538,ethereum,USDT,issuer_freeze,,,2024-08-07
0xbfe192bde24d347cb3b7f0175e8003e30f347a28,ethereum,USDT,issuer_freeze,,,2020-12-11
0xbfe3f9a0f7de6ff6058d3123d545bbe594a5b67f,ethereum,USDT,issuer_freeze,,,2025-01-10
0xc0073e2b93a246f487840bac4169dea349e36dc3,ethereum,USDT,issuer_freeze,,,2025-07-29
0xc024ccb90c055dfb24df62406ac6317f6ecaa62a,ethereum,USDT,issuer_freeze,,,2026-01-23
0xc0302dc505906e967c333fe31b470a8b76d90602,ethereum,USDT,issuer_freeze,,,2020-08-08
0xc0388a58be04564fbab4c21336155c5fe1862629,ethereum,USDT,issuer_freeze,,,2020-10-26
0xc03a7c41b29d750afa0ef360dc37c2fe61cd1fdf,ethereum,USDT,issuer_freeze,,,2025-01-27
0xc0488fb68d9094e37e6498e44069b3490a14d43f,ethereum,USDT,issuer_freeze,,,2025-03-03
0xc0790b3cafd2ea592a214c1f60b9cad54f632ca0,ethereum,USDT,issuer_freeze,,,2025-09-05
0xc07ea7c419000aca90baa28b10e7fbe202f80859,ethereum,USDT,issuer_freeze,,,2024-12-12
0xc0c9baf6bb9b932eef4a60267aa8c530af5cb62c,ethereum,USDT,issuer_freeze,,,2024-03-05
0xc0ce68daa799b0b22ffea34cff2c03bdcbd4f5b5,ethereum,USDT,issuer_freeze,,,2024-07-10
0xc0db456cc0c9d71e793eeaca61148c0473e8bbb2,ethereum,USDT,issuer_freeze,,,2020-10-26
0xc0dd331be3519fe95f7e539823ea0a14016cf3f3,ethereum,USDT,issuer_freeze,,,2024-05-17
0xc0f6ebfdfcc434aa37deab0584eb8d0db3b9e5a0,ethereum,USDT,issuer_freeze,,,2026-01-22
0xc10f8f4b135dcf90b35f4fd02398f845ed38c169,ethereum,USDT,issuer_freeze,,,2022-10-06
0xc11b27640d33bb89d74caac871a7141f99510cd7,ethereum,USDT,issuer_freeze,,,2024-07-09
0xc11f51d942cb8be12e60b93b9f3d3dc5483843ea,ethereum,USDT,issuer_freeze,,,2025-04-25
0xc1230e52146410cd6481d9b80b4d5910a8c64511,ethereum,USDT,issuer_freeze,,,2024-11-06
0xc13006edca0f0d8616d8afd2e78dd0823360dc92,ethereum,USDT,issuer_freeze,,,2026-04-28
0xc13243044cf19011421a441251fcd18e4945bc27,ethereum,USDT,issuer_freeze,,,2021-03-04
0xc1388267566bdc630b88316ed2715db36032347a,ethereum,USDT,issuer_freeze,,,2024-10-28
0xc1410f1e66a1d80b5a92b6be6a0fdf13d8a48dfb,ethereum,USDT,issuer_freeze,,,2023-10-06
0xc14d78c6966d7975d9995ae694815bbbf5743ce1,ethereum,USDT,issuer_freeze,,,2024-02-02
0xc165fa2b0b1158bad266d1948275f451ec1eb525,ethereum,USDT,issuer_freeze,,,2024-08-22
0xc1696d975e52d3bfd0acb62696ca06dcc3443524,ethereum,USDT,issuer_freeze,,,2025-11-22
0xc1806be0f3b8d333bf91395db8a877bb5cbf5e95,ethereum,USDT,issuer_freeze,,,2024-12-20
0xc18360217d8f7ab5e7c516566761ea12ce7f9d72,ethereum,USDT,issuer_freeze,,,2026-03-16
0xc19c38cc069dd19e4dab0dc421b717b8eae3bc5e,ethereum,USDT,issuer_freeze,,,2024-05-09
0xc1a5f6588f6a956170ba8d75aad1cf7ed72ad568,ethereum,USDT,issuer_freeze,,,2023-12-21
0xc1b68434d0ef9a78e7f62e3b9850b70b3d0174bf,ethereum,USDT,issuer_freeze,,,2025-08-04
0xc1bec32be8a68346ad9dabbb0a67ce220d43997c,ethereum,USDT,issuer_freeze,,,2021-10-22
0xc1d8cbf15ddee248caee5f1b1f9ca0edbe13d9de,ethereum,USDT,issuer_freeze,,,2026-05-13
0xc20dcb6c4fec2516e21cf52648177721e2744988,ethereum,USDT,issuer_freeze,,,2024-03-05
0xc2111e551c38271931f151ab29aa7af16193899b,ethereum,USDT,issuer_freeze,,,2023-01-18
0xc247059133c07d1bb19b5f0ca7c2dec157c323d2,ethereum,USDT,issuer_freeze,,,2024-07-10
0xc28e6d01658fe2b7f2ba0bb19341e60382744571,ethereum,USDT,issuer_freeze,,,2025-09-30
0xc2985a287cb782378f4f50fede69242e71a2a509,ethereum,USDT,issuer_freeze,,,2024-05-17
0xc2b59cc404f76a63cf3454a772cb19e210e97ec9,ethereum,USDT,issuer_freeze,,,2024-12-16
0xc2c89011d083592e20ba69e8c6301cb518a4ee21,ethereum,USDT,issuer_freeze,,,2026-02-20
0xc2d752dbbca3afb94e4e55fee5b60af74d66d78c,ethereum,USDT,issuer_freeze,,,2025-02-24
0xc3271ce734d1034a5ecd0a1845515639a9c90998,ethereum,USDT,issuer_freeze,,,2024-07-09
0xc36df56b7bb11f44e0b135017b66d5286c7caa46,ethereum,USDT,issuer_freeze,,,2024-04-05
0xc3771d47e2ab5a519e2917e61e23078d0c05ed7f,ethereum,USDT,issuer_freeze,,,2020-10-26
0xc38ebd839bffc0b7da5c43126b3632e58cf8a69f,ethereum,USDT,issuer_freeze,,,2025-11-09
0xc390a623aabd2964dc72ed8a8f1bd26a8aabd200,ethereum,USDT,issuer_freeze,,,2021-12-30
0xc3a566dc9905987992cbeb700c70ef2c423587a4,ethereum,USDT,issuer_freeze,,,2025-07-07
0xc3a987118322c53c1ffbecb8aeca07228eda8d74,ethereum,USDT,issuer_freeze,,,2026-01-05
0xc4173a794122644870c8fd07c226acf992507897,ethereum,USDT,issuer_freeze,,,2024-10-17
0xc4245d85f2f5f1d15ba0ecd2382f381718a3aa20,ethereum,USDT,issuer_freeze,,,2026-03-16
0xc45afec45feb47b7e0263f5211462cb49e6496a4,ethereum,USDT,issuer_freeze,,,2024-03-26
0xc46242e9324097cd7a68b5fb7631ce300c7b5495,ethereum,USDT,issuer_freeze,,,2022-10-06
0xc462ebc1bcf36a35dde0360eb864be5279f3b019,ethereum,USDT,issuer_freeze,,,2024-09-20
0xc48075b833e79cb3442d513540d84ccb5333cabf,ethereum,USDT,issuer_freeze,,,2026-02-03
0xc48436c1674efcfe8fb8e96c3f6504324dd6d50e,ethereum,USDT,issuer_freeze,,,2024-04-17
0xc4d0858c861b09bddf11704018657df4b4fbbf21,ethereum,USDT,issuer_freeze,,,2025-06-30
0xc4d332f6a6a231c049d388c1975eba1c3a7e3c8d,ethereum,USDT,issuer_freeze,,,2020-10-26
0xc50bf5e25828a13f49ba2081c46d328e1a97f4ce,ethereum,USDT,issuer_freeze,,,2024-03-18
0xc51f80024cc7a1d98cb4052261d73b7f2da9a065,ethereum,USDT,issuer_freeze,,,2025-12-01
0xc559aa8c1f657b7df91862c18b99447913e792f3,ethereum,USDT,issuer_freeze,,,2024-12-20
0xc55d99813818cbe0b60a72f2afe70815dd7743dd,ethereum,USDT,issuer_freeze,,,2024-05-10
0xc55fd9acf6cc5abdaa087380a18586cf2d98d7d1,ethereum,USDT,issuer_freeze,,,2026-01-12
0xc58073d3f9360850210a362443544a0f67f54b6e,ethereum,USDT,issuer_freeze,,,2024-09-17
0xc581ceb66ff53aeb976eae7469a9eb72424a4365,ethereum,USDT,issuer_freeze,,,2025-09-04
0xc5a129e073373f7cab59ff330ff0854716a4d412,ethereum,USDT,issuer_freeze,,,2025-08-29
0xc5a84124ebc9c869f0fcec7085e5697278f24b36,ethereum,USDT,issuer_freeze,,,2023-09-01
0xc5ad2e132215582f2e42fa1592f6c644c5d8615d,ethereum,USDT,issuer_freeze,,,2024-06-05
0xc5b501ebdb183e3d278ff052fc905c796473b045,ethereum,USDT,issuer_freeze,,,2023-01-17
0xc5c0ce4a9794dab10abac2d8cc44dcb991dec67b,ethereum,USDT,issuer_freeze,,,2026-06-16
0xc5dfde6205f1b9a724e5d6ab2a3245f7ca908e56,ethereum,USDT,issuer_freeze,,,2024-12-21
0xc5e6ceda11904b7c21591df5fea2b5f8d1687fea,ethereum,USDT,issuer_freeze,,,2025-03-17
0xc66e7c1ec81f71b4e2c5032f0a33d0f167fec1c6,ethereum,USDT,issuer_freeze,,,2022-06-30
0xc6b27113c92e0764d9d517afc1e2e9f12be72923,ethereum,USDT,issuer_freeze,,,2026-02-20
0xc6bc4d60f83508c933cafaec515a8f4fa7776ac3,ethereum,USDT,issuer_freeze,,,2021-06-07
0xc6bca471d96c0c0d3e5f42d967b1ad4ab6ec6857,ethereum,USDT,issuer_freeze,,,2024-06-07
0xc6e219799eb852f034601d5f00b2cecb3cda1c2e,ethereum,USDT,issuer_freeze,,,2023-01-06
0xc6f730bb738896b803280ddae485a4263237ac1e,ethereum,USDT,issuer_freeze,,,2024-03-18
0xc71d58b1d9f7fb065213a34c93b1e700a6e0069f,ethereum,USDT,issuer_freeze,,,2025-03-28
0xc721190538a516ee315548dbe185cd27e94423e0,ethereum,USDT,issuer_freeze,,,2025-01-17
0xc737652f729dc051e80bb42036482303277fcdd7,ethereum,USDT,issuer_freeze,,,2023-10-30
0xc7571b79d800ebc979e0bd435790e6b8408002ef,ethereum,USDT,issuer_freeze,,,2021-03-17
0xc76556638eb4b15ef3dfa860f49dedaabb452294,ethereum,USDT,issuer_freeze,,,2024-05-08
0xc76afbf0f69ae9be5d855239c50673252cf3f26b,ethereum,USDT,issuer_freeze,,,2023-11-20
0xc7811175b17d7c2b2c90c1be108407b0f685e491,ethereum,USDT,issuer_freeze,,,2024-07-10
0xc7bdba7ffb126f68e8454cf5e7445d3695a58c52,ethereum,USDT,issuer_freeze,,,2024-12-31
0xc7c8f8284c5360d0086a2f0a05bdd07afde23246,ethereum,USDT,issuer_freeze,,,2023-11-20
0xc80f27aebe052bd6de08c1816664056714f5c5a2,ethereum,USDT,issuer_freeze,,,2026-04-28
0xc812bc945f7a9b347dddd6e2e829b7ec3f40e25e,ethereum,USDT,issuer_freeze,,,2024-09-08
0xc81d6551785164fa8873b094ad2334380b125557,ethereum,USDT,issuer_freeze,,,2025-12-10
0xc82a96f370cdf451aed29dbd3ff36a1b54217fe9,ethereum,USDT,issuer_freeze,,,2026-04-10
0xc82dbdb3800145e0dcb1c88f8a6189a8afc33e2e,ethereum,USDT,issuer_freeze,,,2024-06-04
0xc82fe4593caed953eba7c7b3a0b3f1b6fdc2f56b,ethereum,USDT,issuer_freeze,,,2024-07-09
0xc843201342e86da03ee1a5b982c5827312f76765,ethereum,USDT,issuer_freeze,,,2025-10-06
0xc847c27968724764cf716731e6e5f5fefa03e1c9,ethereum,USDT,issuer_freeze,,,2025-11-04
0xc87cae5b870d260ba0dc61d8dbf67d3ede239587,ethereum,USDT,issuer_freeze,,,2025-05-28
0xc8a65fadf0e0ddaf421f28feab69bf6e2e589963,ethereum,USDT,issuer_freeze,,,2021-08-10
0xc8ac00b77e3def5de510036f93afb4b1568ad26e,ethereum,USDT,issuer_freeze,,,2024-07-10
0xc8bd1c40d2720b544f50f2379ff42aed8480ee87,ethereum,USDT,issuer_freeze,,,2025-12-03
0xc8bd2fbfe0437f38394c5d504221fc01cc8df92a,ethereum,USDT,issuer_freeze,,,2025-03-21
0xc8d3207ab730e1efe4dcb218993e409d48ed9052,ethereum,USDT,issuer_freeze,,,2022-01-20
0xc900a7e746c404f155ee0d6a435a83a022c6e273,ethereum,USDT,issuer_freeze,,,2025-07-03
0xc934f4c177fdaae3b615ba4589a3ad6b23cea3fd,ethereum,USDT,issuer_freeze,,,2024-07-10
0xc93c3dda0db55f3f517f758e485f0628879b19a8,ethereum,USDT,issuer_freeze,,,2025-07-25
0xc955915bd7fa544d26d5bb6547a8169cb37130c4,ethereum,USDT,issuer_freeze,,,2024-04-02
0xc97277346ddff4549a48b62cf711fd9621d4f86b,ethereum,USDT,issuer_freeze,,,2023-05-09
0xc979d41b5af6d5347bb4abc7c5182ed8bacb5d80,ethereum,USDT,issuer_freeze,,,2026-07-13
0xc9859cdd8fee0c77a2f39b99e2210738e59c2684,ethereum,USDT,issuer_freeze,,,2023-12-21
0xc9af3dc1a24d89dcc32b0b6936ab7cfc58804236,ethereum,USDT,issuer_freeze,,,2024-03-01
0xc9b5e49ce852557fc3a19d8abcd29e0fe37ad4a2,ethereum,USDT,issuer_freeze,,,2026-01-01
0xc9ce70a381910d0a90b30d408cc9c7705ee882de,ethereum,USDT,issuer_freeze,,,2020-10-26
0xc9eb0d935fa0bae81f2905462cfbd51177eb2009,ethereum,USDT,issuer_freeze,,,2025-11-19
0xc9ed11762ef7acd391f7f28f2847a75ed72da6f2,ethereum,USDT,issuer_freeze,,,2024-06-07
0xca13060a208691e08254e8dcb4f0fd6e864be095,ethereum,USDT,issuer_freeze,,,2020-10-26
0xca44101abe4c3215f94942ca707248c7aa40a4db,ethereum,USDT,issuer_freeze,,,2025-01-07
0xca48f98a3864f9703cf44438aff40db38e14288c,ethereum,USDT,issuer_freeze,,,2023-05-14
0xca830317146bfdde71e7c0b880e2ec1f66e273ee,ethereum,USDT,issuer_freeze,,,2023-02-20
0xca9b65bffef498a17b08e89ea3da190543d373b8,ethereum,USDT,issuer_freeze,,,2025-04-17
0xcaa9fde273f76bc153c688c6f7023a7b46872f8e,ethereum,USDT,issuer_freeze,,,2026-01-21
0xcab3644bdeef0fdb41de86d386c967c5a31f172d,ethereum,USDT,issuer_freeze,,,2025-07-22
0xcab42f331f45938ba086e546255b8724b0cb0557,ethereum,USDT,issuer_freeze,,,2024-10-28
0xcab9a8391f765f6beda0b5bad434b10985bdaad0,ethereum,USDT,issuer_freeze,,,2023-11-20
0xcac0d6ac0fa10c5318e949dd94988325098f066c,ethereum,USDT,issuer_freeze,,,2024-08-22
0xcaca5575eb423183ba4b6ee3aa9fc2cb488aeeee,ethereum,USDT,issuer_freeze,,,2025-03-18
0xcae1f81f03c8b9f8d0fbe82a27b86f40f13a84d8,ethereum,USDT,issuer_freeze,,,2025-06-23
0xcb24b9db23eeb920949233a0fa2c4f3984de848f,ethereum,USDT,issuer_freeze,,,2022-03-17
0xcb3233656fb55dff106de50a4a42d9eb6339de9b,ethereum,USDT,issuer_freeze,,,2023-01-17
0xcb33a016022dc4d025306927024c52598aa0a384,ethereum,USDT,issuer_freeze,,,2025-03-03
0xcb55cdf44032cfa3e48610749bd60b89fc90dc9d,ethereum,USDT,issuer_freeze,,,2021-07-23
0xcb567e89ac29ffb7adb85e8b4b8e7d7b14302f26,ethereum,USDT,issuer_freeze,,,2024-08-29
0xcb5de9175721050c5a5cffb6851af1b6dd081eaf,ethereum,USDT,issuer_freeze,,,2025-03-05
0xcb69b2469967755d3a6c5a359cb7755e92fac07d,ethereum,USDT,issuer_freeze,,,2026-06-22
0xcbb8514622eab1c3d287b0188a4edcd15dccf232,ethereum,USDT,issuer_freeze,,,2020-10-26
0xcbd03f54be3b8a35a41864c0272becf4839cf35c,ethereum,USDT,issuer_freeze,,,2024-08-22
0xcbe80d146e985da7e2a3773c5608e258c13ceaba,ethereum,USDT,issuer_freeze,,,2026-05-04
0xcbe92880a33ce57ffcf286b391e8d80d5a388cba,ethereum,USDT,issuer_freeze,,,2025-10-13
0xcbfd3d40c7ddc138483d6924dddf97e2dd8968ac,ethereum,USDT,issuer_freeze,,,2026-02-22
0xcc115d21446926f68d5a9537bcb5c2c316a49544,ethereum,USDT,issuer_freeze,,,2020-10-26
0xcc1a89c035b9a3dae2110fe891e86eb2c877e500,ethereum,USDT,issuer_freeze,,,2026-01-06
0xcc551eaf344899152e021a033a5117184ce4e108,ethereum,USDT,issuer_freeze,,,2025-01-10
0xcc5717c4eec45f0c426cb767691cfda0fa77ef55,ethereum,USDT,issuer_freeze,,,2024-03-20
0xcc6af57f7516fcbb8d2e1d045a61c0358eab64d8,ethereum,USDT,issuer_freeze,,,2022-06-30
0xcc7366793937ef8045f5554ba652c5b24b8c12e0,ethereum,USDT,issuer_freeze,,,2022-10-27
0xcc8c2186363734667478ea0decfef61ddf7e0f36,ethereum,USDT,issuer_freeze,,,2024-04-05
0xcc8cf26bf7cf32b4c69f8c5a9b8beab01e0e1faa,ethereum,USDT,issuer_freeze,,,2025-10-09
0xcc92e58b1286eb3d14912d6861176d2f05065f48,ethereum,USDT,issuer_freeze,,,2026-02-24
0xcc95e8cc5e9d7145294b9adf88b0f35c85eec0dd,ethereum,USDT,issuer_freeze,,,2024-10-28
0xccdf467e545577f0f3631796dfdc88df5ccaadfa,ethereum,USDT,issuer_freeze,,,2023-02-20
0xcceac446f80b29da9d955297f7758cf7cbf95441,ethereum,USDT,issuer_freeze,,,2024-08-12
0xccf97357eca20ad9f67cd27e6fb2e8f8fc0899f1,ethereum,USDT,issuer_freeze,,,2024-09-26
0xccfc8480f4d9c8a322ad20619dd2de920ab8a089,ethereum,USDT,issuer_freeze,,,2024-06-28
0xcd137402dd937174883b244945f29310d9408af1,ethereum,USDT,issuer_freeze,,,2024-06-17
0xcd1faff6e578fa5cac469d2418c95671ba1a62fe,ethereum,USDT,issuer_freeze,,,2022-01-20
0xcd649f4123272f7e69d047395688226a715a083c,ethereum,USDT,issuer_freeze,,,2022-06-30
0xcd69f8ec7d6b03e66bd13f2829cbc00a416420d6,ethereum,USDT,issuer_freeze,,,2025-03-21
0xcd7b4175c5baffe29422fca4dd15615336f25386,ethereum,USDT,issuer_freeze,,,2022-10-06
0xcd814e39137b4349b8a5288e1de38685cf6174a1,ethereum,USDT,issuer_freeze,,,2025-11-14
0xcd96572a4cc6c9ee99b2f6016da88bf1b137e32a,ethereum,USDT,issuer_freeze,,,2024-11-15
0xcdf4e5b901f7f514d804e23bc41e7199bd5a8730,ethereum,USDT,issuer_freeze,,,2024-05-12
0xce173dfc7b9853704491433084fca4b4357fa0f1,ethereum,USDT,issuer_freeze,,,2025-01-20
0xce54d7355a718a73cfc036cdc397b0c84311a7bd,ethereum,USDT,issuer_freeze,,,2024-03-18
0xcf00120d69ced48465c0aacb6cd82f27460deab9,ethereum,USDT,issuer_freeze,,,2026-06-05
0xcf1a13730747686749865dfd4b4b08726fef2d10,ethereum,USDT,issuer_freeze,,,2024-05-17
0xcf376f95384f254db7d91f5ddfcf322c7b9a6bf9,ethereum,USDT,issuer_freeze,,,2021-03-17
0xcf49b02b75adba9f9b59867cf26e9c26ee58d2b3,ethereum,USDT,issuer_freeze,,,2024-12-20
0xcf54dd006f39d66921d82f2149291cd22ff7b4e2,ethereum,USDT,issuer_freeze,,,2025-12-03
0xcf95ddb8f9b0dc1576c7080d798b6414e43cb7a7,ethereum,USDT,issuer_freeze,,,2025-12-16
0xcf95f287e2856c34130b9d31859f3b2c29b45d50,ethereum,USDT,issuer_freeze,,,2023-03-24
0xcf96650e31379c5e415ee23fc0f58ff6c5504b85,ethereum,USDT,issuer_freeze,,,2021-03-17
0xcfa76534302fe1a18350cbcf5a472932d0abeab9,ethereum,USDT,issuer_freeze,,,2024-03-18
0xcfd8951c50333e696d7e8eda1125e77b7b6d6510,ethereum,USDT,issuer_freeze,,,2024-03-18
0xcfee63bc4404d4e951e3c45e6b7fc01706689d07,ethereum,USDT,issuer_freeze,,,2023-12-11
0xcfef692fb1735959eaba90993d8dfb5a4e6f0d71,ethereum,USDT,issuer_freeze,,,2026-08-14
0xd047bfd153789ccb872edbdc3e2021880c9e99f8,ethereum,USDT,issuer_freeze,,,2025-07-28
0xd062436fc966712503874a8f772ed3df1b43857e,ethereum,USDT,issuer_freeze,,,2022-06-30
0xd090aec3ce5654c355e9f5e6d63f1fc01c3275d6,ethereum,USDT,issuer_freeze,,,2023-08-10
0xd0962edb9ac631a1f653cfd4cf51e54daf87c829,ethereum,USDT,issuer_freeze,,,2024-10-28
0xd0c08ee812e64ccbebfc39b320729eb7c5d2684e,ethereum,USDT,issuer_freeze,,,2026-09-03
0xd0c66ad3e0277a182833ecc051e4cc4aa723bd8e,ethereum,USDT,issuer_freeze,,,2025-03-05
0xd0caeb08be975457253881976977e19bab20a383,ethereum,USDT,issuer_freeze,,,2024-10-16
0xd12aa1fa72814fcb0dfa08f8ee3836ec5043e2b8,ethereum,USDT,issuer_freeze,,,2025-01-10
0xd1353f8d2366102cff9efeee24756b41035cfb97,ethereum,USDT,issuer_freeze,,,2025-03-05
0xd1359596738c8bb8f4076a6b93e3a6a94d7b0fc1,ethereum,USDT,issuer_freeze,,,2020-10-26
0xd155fa55c40d010335aa152891aa687e2f3090bd,ethereum,USDT,issuer_freeze,,,2024-06-05
0xd16fca52f955187eb7afb9503c6876f094cbdbfa,ethereum,USDT,issuer_freeze,,,2021-01-11
0xd1c7ec83e2176d1002b797a6ef692dd02c584c1c,ethereum,USDT,issuer_freeze,,,2024-06-12
0xd1d6f4dfa102c3559803a87b5362b3888ba9dce1,ethereum,USDT,issuer_freeze,,,2025-04-25
0xd1e958489bf837ae6f3c8da026ceb9105f75ca31,ethereum,USDT,issuer_freeze,,,2026-07-31
0xd206fe807d29b34b96d2ea7eccbb7c6cd962b65b,ethereum,USDT,issuer_freeze,,,2024-06-04
0xd20f279d4dc259ab453a5f556b723cd0f468c08d,ethereum,USDT,issuer_freeze,,,2024-03-29
0xd239fee69495fb724199d61097d234f8b60db8cf,ethereum,USDT,issuer_freeze,,,2025-07-07
0xd23afebd92fe2a8e041700219a2b38ae717e6e25,ethereum,USDT,issuer_freeze,,,2026-09-11
0xd27f5390e842ab8a6803ad2ccac91220a936fed1,ethereum,USDT,issuer_freeze,,,2025-05-30
0xd28b494c999b4f43fcc7f0344439d6f082b7d2a1,ethereum,USDT,issuer_freeze,,,2024-10-02
0xd29ca88b5dc0127be9890374a4e6ca09ef1d707b,ethereum,USDT,issuer_freeze,,,2025-07-29
0xd2e42c8c748cdae78f5aa794342a7578de21c30f,ethereum,USDT,issuer_freeze,,,2024-07-10
0xd348833bf90ef2b9c0986d62bf74ca42304ca591,ethereum,USDT,issuer_freeze,,,2024-06-04
0xd35de4498a22fed34f4109c71f00d3c2ddd833c9,ethereum,USDT,issuer_freeze,,,2025-07-07
0xd365849035325a1a49bd43f5f43063f1aec0ccd6,ethereum,USDT,issuer_freeze,,,2023-12-11
0xd37c601f43eae4186b35e7bd1d66264b20dba73f,ethereum,USDT,issuer_freeze,,,2024-06-06
0xd3bd6eced100f79ab557d837ccc2821336d36369,ethereum,USDT,issuer_freeze,,,2024-06-06
0xd3c7223cceb888620dd90141e543fb62e0dc7c7b,ethereum,USDT,issuer_freeze,,,2025-03-25
0xd40a1413a52737598a599f80c11e0adcf45c3de1,ethereum,USDT,issuer_freeze,,,2026-02-26
0xd419fbcd29b4507dc74b9dc176b50d9c14066adc,ethereum,USDT,issuer_freeze,,,2026-03-04
0xd4268b450eb95946cd84500ca516bce781464969,ethereum,USDT,issuer_freeze,,,2020-10-26
0xd4423c11aecf82e1b2c1535c6e1254fb0605ebd5,ethereum,USDT,issuer_freeze,,,2024-09-20
0xd4ac8325131512d792eeadd73b694b744de9d947,ethereum,USDT,issuer_freeze,,,2024-04-02
0xd4c06e5554a2c4f18269126cc5d530dd1d43dc4e,ethereum,USDT,issuer_freeze,,,2024-09-12
0xd4ccb3c7be642981d121e1138daf78bd6d394ac3,ethereum,USDT,issuer_freeze,,,2025-07-03
0xd4e623edd2ecdf220d729fb6c1ef36fd78098302,ethereum,USDT,issuer_freeze,,,2024-06-06
0xd4e7bd8ad8f764e8e6c3c0e24a1dc59633e2bb65,ethereum,USDT,issuer_freeze,,,2024-03-18
0xd4eeb14bfdf9658c0732f89dc9bc662a2a2ee5d0,ethereum,USDT,issuer_freeze,,,2020-11-04
0xd4f133dbfa2801c594e3e4e28ff6a34018984b55,ethereum,USDT,issuer_freeze,,,2024-10-16
0xd518c3159a4b162f52a0e4dd13d5245f45960bc8,ethereum,USDT,issuer_freeze,,,2024-09-07
0xd51ca0d0f7a73ae13f3baf955837c20c7d247f99,ethereum,USDT,issuer_freeze,,,2021-10-22
0xd53058cb87d9fb5555e677383f807d0447920a5f,ethereum,USDT,issuer_freeze,,,2026-01-17
0xd533a949740bb3306d119cc777fa900ba034cd52,ethereum,USDT,issuer_freeze,,,2020-09-08
0xd53f28fc0e6789da0b816ecda96d98cd0128cfa9,ethereum,USDT,issuer_freeze,,,2022-06-30
0xd557ab2db8acaebdf07b63c402a822cc9f14fedc,ethereum,USDT,issuer_freeze,,,2024-03-18
0xd599ac04a1c786972b81e0fef6fb0c3e7b52f8a7,ethereum,USDT,issuer_freeze,,,2025-10-17
0xd5a543ce813d62f9dbf2b723a34257c2a6b9f5dc,ethereum,USDT,issuer_freeze,,,2024-08-12
0xd5d4fe47f66723e45a41c941fd0177449967273d,ethereum,USDT,issuer_freeze,,,2020-10-26
0xd5e878507a40bac49a0e7577c84668a1978c954b,ethereum,USDT,issuer_freeze,,,2025-04-01
0xd5faed37a99373c218a73149f93e47ce1c983dfe,ethereum,USDT,issuer_freeze,,,2020-01-06
0xd60d6fb9efc1e29705818b87b0d641aa608be1af,ethereum,USDT,issuer_freeze,,,2026-02-17
0xd61adc090be48160f44265e4aee854951d8fad09,ethereum,USDT,issuer_freeze,,,2025-05-16
0xd639ac7ace02c667394825e1c2772bce14306efd,ethereum,USDT,issuer_freeze,,,2025-08-05
0xd672aa811f8ed59ca23205a01a37eeb5515f187d,ethereum,USDT,issuer_freeze,,,2026-08-19
0xd67ea534d7944b62c532ae4f0ccff03414b134d5,ethereum,USDT,issuer_freeze,,,2020-10-26
0xd6d6797c28528a6697ea3e3d722324e8af12d254,ethereum,USDT,issuer_freeze,,,2023-11-28
0xd6d6d52df500fd63bc14efd151c4786b3e635aaf,ethereum,USDT,issuer_freeze,,,2025-09-04
0xd6e23f69df24dde628ac94053e55c5e1ec1f5be0,ethereum,USDT,issuer_freeze,,,2023-10-14
0xd6e664c053b4ffd0769a9bcd980aebb81fe2b295,ethereum,USDT,issuer_freeze,,,2026-01-17
0xd73bfaa8a46c4ab04ab8a04208f4d7418d7568a8,ethereum,USDT,issuer_freeze,,,2024-03-15
0xd73d44149deb8aabd4b53197654a286dedfda827,ethereum,USDT,issuer_freeze,,,2024-08-12
0xd753a5427630952e9003c53aca80fec8e987beb1,ethereum,USDT,issuer_freeze,,,2024-12-20
0xd75e3fc325779e36e85180ada20aca17bd6155c9,ethereum,USDT,issuer_freeze,,,2024-07-09
0xd78e2f84603fb4296d9ab62d0158fd7739662dc6,ethereum,USDT,issuer_freeze,,,2024-10-28
0xd7ad5a1db7739c01d9b4471c5b9ffb871f625941,ethereum,USDT,issuer_freeze,,,2024-04-02
0xd7d26b82b52537e4d5a000b4aa7c4f9c339339f4,ethereum,USDT,issuer_freeze,,,2025-09-23
0xd800fdfe61b4673e35dd975d19540cdbf959be2a,ethereum,USDT,issuer_freeze,,,2026-02-11
0xd8035f22bd2cc0ddb27926cd71b9550d103337b8,ethereum,USDT,issuer_freeze,,,2024-07-10
0xd80b103eba455a433798290b4c20e3024c6648c6,ethereum,USDT,issuer_freeze,,,2020-08-10
0xd8108764a3d828435e0d85490b10cee929bad2d4,ethereum,USDT,issuer_freeze,,,2020-10-26
0xd83f00f4ff76882d5945f554b0dd40979fe8e4fc,ethereum,USDT,issuer_freeze,,,2024-06-06
0xd840debe081d15b17116ada04ea9a9fb9fefe47a,ethereum,USDT,issuer_freeze,,,2024-04-25
0xd86592a45dd5c77f233b0422212ff3c1ec304d96,ethereum,USDT,issuer_freeze,,,2020-10-26
0xd8707f7027bbbd99485492d68928612dc2d1965a,ethereum,USDT,issuer_freeze,,,2022-09-01
0xd8c6495b46b8be95e119ad9baac83165b7d07a07,ethereum,USDT,issuer_freeze,,,2025-09-19
0xd8d2b364ac240297e85c16523ad29b6eb2a56e2b,ethereum,USDT,issuer_freeze,,,2021-07-11
0xd8e3fb3b08eba982f2754988d70d57edc0055ae6,ethereum,USDT,issuer_freeze,,,2021-01-29
0xd90fa48809c5bad2c0905d458b311daacbb02fe9,ethereum,USDT,issuer_freeze,,,2023-10-06
0xd90fe5f016e7b3833b236433c625246dea612fe2,ethereum,USDT,issuer_freeze,,,2022-04-01
0xd91400601e87778bf5e0dc15832c31ead8938266,ethereum,USDT,issuer_freeze,,,2023-08-06
0xd94bb87e0799222fc1e44fa34fd73b6aff220f82,ethereum,USDT,issuer_freeze,,,2020-10-26
0xd9587b4b833fafc6ec62e8181c0e5badb352722a,ethereum,USDT,issuer_freeze,,,2024-09-18
0xd96703e78fd82e8f1e718a88d81d476bc1ba83b7,ethereum,USDT,issuer_freeze,,,2024-05-21
0xd976d6982968b2cda337c40e5d13201c740c6a65,ethereum,USDT,issuer_freeze,,,2024-08-22
0xd98a26beeb383ea0971916b3eeb0828fcc50400d,ethereum,USDT,issuer_freeze,,,2022-08-26
0xd9a330f648dc9073a939774d3f7233ed2a2e79f0,ethereum,USDT,issuer_freeze,,,2021-04-30
0xd9a8c707e737a1e63c08024b1fa3caba649b3fe3,ethereum,USDT,issuer_freeze,,,2025-04-14
0xd9b56f584ee14ea1bc8712d0335fbb63e26ae693,ethereum,USDT,issuer_freeze,,,2024-05-14
0xd9d70e54d0b23b229fc051c9d5cc8eafb128973e,ethereum,USDT,issuer_freeze,,,2025-10-07
0xd9d8b1d2337d6a63208e23019aa02cad369e1ff1,ethereum,USDT,issuer_freeze,,,2025-03-03
0xd9da35755cb8338c200a9233cf5b1b71c6d05ad0,ethereum,USDT,issuer_freeze,,,2024-06-22
0xd9f150c7d0749213e59e786e1b366a9d85c1e1e6,ethereum,USDT,issuer_freeze,,,2025-09-04
0xda0913b7b560f419619a1ce1e25c09427d0cef0b,ethereum,USDT,issuer_freeze,,,2024-12-05
0xda0afba3513ae99729dabe4cc7b17340a6390694,ethereum,USDT,issuer_freeze,,,2023-05-31
0xda1759909a1136ac562bfe482946fc6458dd8f6e,ethereum,USDT,issuer_freeze,,,2021-03-17
0xda3145d0a373712e036106fc1fa34b1014807e68,ethereum,USDT,issuer_freeze,,,2020-09-30
0xda3240dec8afac34c6dd7c84fb64603676142c57,ethereum,USDT,issuer_freeze,,,2020-08-10
0xda59cf1c129e2b259d3fcb31f9b873ca9f6e3243,ethereum,USDT,issuer_freeze,,,2025-03-05
0xda66146ec41690ed8392869b0238dae5774f2314,ethereum,USDT,issuer_freeze,,,2019-09-26
0xda66cabdf85b32c36fc5faa7e31f22ed76157eb0,ethereum,USDT,issuer_freeze,,,2020-10-26
0xda6be8bfbca0e6ebc6572bf184b02b176899a023,ethereum,USDT,issuer_freeze,,,2024-10-28
0xda798c83ee3a7461a246d854b3bd51bb4b3a8646,ethereum,USDT,issuer_freeze,,,2024-10-28
0xda87126d6c8491131196bbddb5bd97858373a739,ethereum,USDT,issuer_freeze,,,2026-01-17
0xda926989cf0000bae2b4f53070407b2cd6b4f23e,ethereum,USDT,issuer_freeze,,,2020-12-11
0xdaab0fe414e1deb64ff5c11b2e854547d603a2ba,ethereum,USDT,issuer_freeze,,,2024-12-19
0xdab3e48f7b610edafe6ad404f64ab05531722446,ethereum,USDT,issuer_freeze,,,2026-08-24
0xdac17f958d2ee523a2206206994597c13d831ec7,ethereum,USDT,issuer_freeze,,,2018-12-28
0xdb4238f2b69339cc4b79d1512a16f29a6f63e491,ethereum,USDT,issuer_freeze,,,2024-10-28
0xdb6a05af86ff2cda90aaf7a842ef6309201d83bd,ethereum,USDT,issuer_freeze,,,2024-06-04
0xdb9214bf5060bf992575d03195177e3cdc0ecb6e,ethereum,USDT,issuer_freeze,,,2024-06-25
0xdbe5fde918b646c436dc4ef100499605367754cb,ethereum,USDT,issuer_freeze,,,2025-05-12
0xdc35ce037722e2196a8b3eb9da64648bc0e037c8,ethereum,USDT,issuer_freeze,,,2024-05-14
0xdc3c17f04c2d3b0f8a05b2a3a0fc8312fc44875b,ethereum,USDT,issuer_freeze,,,2023-12-14
0xdc599a126a1af8648bdcd36579613e4cf24976d2,ethereum,USDT,issuer_freeze,,,2020-08-10
0xdc5bbc3ce9abefb91274eda83e1dc934bd6efde5,ethereum,USDT,issuer_freeze,,,2021-03-17
0xdc98d68b2832fedc8628ff62eba2e3494449b4c2,ethereum,USDT,issuer_freeze,,,2022-03-17
0xdc9cf4cd400089b618fb78defb9e90fba815273c,ethereum,USDT,issuer_freeze,,,2022-03-17
0xdcaeef0f2892feb3477a86306dafd516fca5b648,ethereum,USDT,issuer_freeze,,,2024-10-28
0xdcb311b2bc0a9d6a04dec2689c1de0a8084b719a,ethereum,USDT,issuer_freeze,,,2026-03-10
0xdcb7a40366e4c3b35cb30026040a4f84e2a94c11,ethereum,USDT,issuer_freeze,,,2020-08-10
0xdcb7ecf4e68641904ecb9a6e4e70a6fe691ab9e3,ethereum,USDT,issuer_freeze,,,2022-10-06
0xdce043a240980194e03781844640177361533ea5,ethereum,USDT,issuer_freeze,,,2020-10-26
0xdceebcc35ef57dc33d35895f3940e0b3f68353aa,ethereum,USDT,issuer_freeze,,,2021-06-07
0xdd064d6fd70d736dc773430ac62cb5023cfcc65f,ethereum,USDT,issuer_freeze,,,2021-10-16
0xdd1072cd2cb592721085d439baec0130c1208265,ethereum,USDT,issuer_freeze,,,2020-10-26
0xdd899ab2be0f6bd47cb1560c39239c889bb828c4,ethereum,USDT,issuer_freeze,,,2026-03-09
0xdd8a10df4c86a3584d3ef970bbcd85391c8117ab,ethereum,USDT,issuer_freeze,,,2023-04-06
0xdd98ec2d39d7e002b4b359ccce0f36243384547b,ethereum,USDT,issuer_freeze,,,2023-07-14
0xddb5ded6c513747b8b831d7521e00c3202bc08fd,ethereum,USDT,issuer_freeze,,,2024-04-02
0xdddb65c2c7042280504d35078a25f0a6531e38ed,ethereum,USDT,issuer_freeze,,,2024-05-31
0xdde54bcc6b0a01f9d6481720f3dcc731d6062d64,ethereum,USDT,issuer_freeze,,,2021-03-17
0xde0a5359a20a37de6fc42e0331ded17dcd16cc18,ethereum,USDT,issuer_freeze,,,2024-10-31
0xde3c0800adbbaa92765f0a3f0889f1fe5eb186a8,ethereum,USDT,issuer_freeze,,,2024-05-13
0xde8611112820c8c608c5fa2ee7d15398792be74c,ethereum,USDT,issuer_freeze,,,2024-04-04
0xdec7bea2941de3e775fbca3d100ffeb92800300a,ethereum,USDT,issuer_freeze,,,2026-06-04
0xdeef423552055b554dceee741878357e7ae700fd,ethereum,USDT,issuer_freeze,,,2022-06-30
0xdf0675e74db5beb006846c4dc4c7f23e8bcea890,ethereum,USDT,issuer_freeze,,,2025-10-30
0xdf0797c75799e9b2688c000a07532cda5f47e42b,ethereum,USDT,issuer_freeze,,,2024-06-06
0xdf084760c3626b4e48efb86481bca067cac6e23e,ethereum,USDT,issuer_freeze,,,2024-07-10
0xdf11c90d1882257690dca8f6b5013cfd75abf347,ethereum,USDT,issuer_freeze,,,2024-05-23
0xdf159c19e5d0b0bb741b87f29a4ba891566d2d6c,ethereum,USDT,issuer_freeze,,,2026-02-11
0xdf22a5c33944dafa27d11799e62d8310b84bccba,ethereum,USDT,issuer_freeze,,,2024-11-26
0xdf27c3f2a16dc339e2c9a2a787651cce3f5f74eb,ethereum,USDT,issuer_freeze,,,2024-08-22
0xdf53fb4785faeee1c0ca3997ac3bf1543da70dfd,ethereum,USDT,issuer_freeze,,,2021-09-28
0xdf6ac5b1c807d93d309ad54d62e3a4c0a9ad111d,ethereum,USDT,issuer_freeze,,,2026-06-14
0xdf831059231c0187a90b3d83c7fc3250288ba316,ethereum,USDT,issuer_freeze,,,2024-08-22
0xdf90ce24ae7fec99810f9169a017769a536b50df,ethereum,USDT,issuer_freeze,,,2023-05-09
0xdf9d5cb1d706defa9345f677ed9095d727ad6d18,ethereum,USDT,issuer_freeze,,,2024-03-18
0xdfd438220b274d507711b107fb909395ce3824c7,ethereum,USDT,issuer_freeze,,,2022-01-20
0xdfdb7f72c1f195c5951a234e8db9806eb0635346,ethereum,USDT,issuer_freeze,,,2021-10-21
0xe01df2813742b890d5d7e10e2304ba54f586f93f,ethereum,USDT,issuer_freeze,,,2020-10-26
0xe0482f82872b0dc5e935c352602b6ae7525a3574,ethereum,USDT,issuer_freeze,,,2024-03-19
0xe059c791b885f03a40acb035a3d5ab373170e7f6,ethereum,USDT,issuer_freeze,,,2025-07-12
0xe07738cc555defbddd9358556b9368a3fdfb2c29,ethereum,USDT,issuer_freeze,,,2024-07-10
0xe09378e4cc630a8809116b97321f4e014942ede5,ethereum,USDT,issuer_freeze,,,2020-10-26
0xe0c59af0a882938abf5dcc85b21245a1e57d8dc2,ethereum,USDT,issuer_freeze,,,2025-07-12
0xe0d7e4ed38d251799d30fe389cd8d6a5cd5e8a79,ethereum,USDT,issuer_freeze,,,2026-07-21
0xe0ee037b54e94bd837a476fadf111c9aee82abad,ethereum,USDT,issuer_freeze,,,2020-07-10
0xe0f6ef7742e3d39301cdc768e1d738b58bf10dbc,ethereum,USDT,issuer_freeze,,,2024-12-12
0xe0fe2b4c9f7d58a05b4a16b71ef8afb42557aef2,ethereum,USDT,issuer_freeze,,,2022-10-10
0xe13ccc6ecf921a4088887ca0e18e3db188d65136,ethereum,USDT,issuer_freeze,,,2025-01-07
0xe15709bfb1b3c1bd8a29ffe87804bb6767308901,ethereum,USDT,issuer_freeze,,,2025-07-29
0xe15e00fc897eca729b3eef411b2c4526d5a1023a,ethereum,USDT,issuer_freeze,,,2025-10-20
0xe16ea22554b5a99457abfbb79bdc18e3221a00a0,ethereum,USDT,issuer_freeze,,,2021-08-05
0xe1964b9829caca640664978686b791888a5a7bbc,ethereum,USDT,issuer_freeze,,,2026-07-06
0xe1a00f7b04589091693a622b19f97a8b4314b192,ethereum,USDT,issuer_freeze,,,2025-11-20
0xe1ae33078f62dc29790fd95c7bedd4b7bb45ddf4,ethereum,USDT,issuer_freeze,,,2024-10-28
0xe1c07043104b4bcd3455a20dc804b1c9f8a5da39,ethereum,USDT,issuer_freeze,,,2022-01-20
0xe1c63ef1a2f00840cba26d13249a247bc8ad40bf,ethereum,USDT,issuer_freeze,,,2022-11-04
0xe1d60fc312d54c4ea9a932aba37441c81c5cf806,ethereum,USDT,issuer_freeze,,,2021-01-20
0xe2102860361ced07ab9d75dbe815962b72165e82,ethereum,USDT,issuer_freeze,,,2023-12-14
0xe21e7457ffdee184f540d8e4749ef183504f001c,ethereum,USDT,issuer_freeze,,,2020-10-26
0xe233b8ca914ef98918b87d934c879095af71d75d,ethereum,USDT,issuer_freeze,,,2020-11-26
0xe2dfc8c7e4984d85eb226bd4d65c5b5af12bff16,ethereum,USDT,issuer_freeze,,,2026-01-15
0xe2fb19b6d28afcba552e56147f45273c54384a3e,ethereum,USDT,issuer_freeze,,,2025-07-07
0xe33c90dc03a4b1207adc8b208b36c665718c1f8c,ethereum,USDT,issuer_freeze,,,2026-01-23
0xe350708b71243ccd55cdd18833cdee5051ee378e,ethereum,USDT,issuer_freeze,,,2021-06-23
0xe36d7e24b030fbdb556f12a83bdc85a21afa3db3,ethereum,USDT,issuer_freeze,,,2025-01-16
0xe3896c1324fbf4a0786740ed8fdbce6585dcddf4,ethereum,USDT,issuer_freeze,,,2025-10-07
0xe396f24574a2082e28718c5216c5cbd4130c612b,ethereum,USDT,issuer_freeze,,,2024-10-28
0xe39ee9870251c37e53bd7213b96c70edbf01fe3f,ethereum,USDT,issuer_freeze,,,2025-02-10
0xe3a03672443cc48e9c5c0f667357734d4902551e,ethereum,USDT,issuer_freeze,,,2025-03-04
0xe3a0c6d17d629b49297146a7867ed59de17ae8e6,ethereum,USDT,issuer_freeze,,,2021-03-17
0xe3bcc49f21e7aa9230e8576bf3fd285edde54eb6,ethereum,USDT,issuer_freeze,,,2024-10-24
0xe3d1143fccc957186b013fec87c492c31fb15e14,ethereum,USDT,issuer_freeze,,,2024-12-20
0xe430ca14773ff024e245e46aa3a2cb7f993ee20c,ethereum,USDT,issuer_freeze,,,2022-10-06
0xe43233ceceb76b745cca1e242d1352a596626358,ethereum,USDT,issuer_freeze,,,2025-03-14
0xe453f4012c868cb25a0b987fa8d2a60f28300082,ethereum,USDT,issuer_freeze,,,2020-05-06
0xe470a5c333daa8403d9547f5c0ccb5ce300b8dcf,ethereum,USDT,issuer_freeze,,,2025-11-05
0xe47adaed1df28f8a3973288fd715f1e772182045,ethereum,USDT,issuer_freeze,,,2025-12-19
0xe47ee22b3e4ea3f1270dd4345eae2f5ca569d0bc,ethereum,USDT,issuer_freeze,,,2022-04-01
0xe4815ae53b124e7263f08dcdbbb757d41ed658c6,ethereum,USDT,issuer_freeze,,,2021-03-17
0xe493d6d5c461252db5ba890051820b697d0718f0,ethereum,USDT,issuer_freeze,,,2025-11-27
0xe4acdf02715651c125b2d6170d4d5d0cb50bc0b0,ethereum,USDT,issuer_freeze,,,2026-05-18
0xe4af40b5b6a4c7ba9aacfe86a95f3da924648ac2,ethereum,USDT,issuer_freeze,,,2022-11-04
0xe4e02c0e150720a277e6643153f8ed88249e3104,ethereum,USDT,issuer_freeze,,,2021-03-03
0xe4e7438773c97d0970e738ecf14a1ab92b032927,ethereum,USDT,issuer_freeze,,,2025-01-08
0xe4fac553502745c3d5a6558304deccaa05014583,ethereum,USDT,issuer_freeze,,,2025-09-24
0xe4fca73783c82d95724f69b08c30810ce8aa9005,ethereum,USDT,issuer_freeze,,,2026-08-10
0xe5109a2af4da771beb0213fc9c794fb889ccfb92,ethereum,USDT,issuer_freeze,,,2022-03-17
0xe51cc6828d22e22588f69fb48e594c9a3137fe9f,ethereum,USDT,issuer_freeze,,,2026-06-27
0xe5264b95a492f88bec7c9861a43b55e12488c845,ethereum,USDT,issuer_freeze,,,2025-12-01
0xe52fa50e13937aa8f3ffb37d9be761e1c65d6f72,ethereum,USDT,issuer_freeze,,,2025-09-15
0xe53bf45ae80043b4623e4879806f175318f4608a,ethereum,USDT,issuer_freeze,,,2024-04-24
0xe53fbe593fb1a7c195661b1a7ecc506ac58590fa,ethereum,USDT,issuer_freeze,,,2020-10-26
0xe557b10c68103ea88198016d5925aa18039de5c2,ethereum,USDT,issuer_freeze,,,2026-09-02
0xe5729113ad5adfaee08270261f97536ed2f96c4a,ethereum,USDT,issuer_freeze,,,2026-02-17
0xe573e321170a5419697b6355cb829dd9200ed248,ethereum,USDT,issuer_freeze,,,2021-03-17
0xe58ef5058b864d779196dddacd19224927b0e128,ethereum,USDT,issuer_freeze,,,2024-07-10
0xe5a1eaaf30197f24a59122f7ff689c223bc445d6,ethereum,USDT,issuer_freeze,,,2024-10-31
0xe5acd83fbb4872ecb5d7c38e96e9711751e6c86a,ethereum,USDT,issuer_freeze,,,2024-05-03
0xe5bb00f7e8a0939e675c5a4d9ef2922802efa13c,ethereum,USDT,issuer_freeze,,,2024-07-10
0xe5bb157868a34ddc99da236d9003cef9d57a09af,ethereum,USDT,issuer_freeze,,,2024-11-22
0xe5c18c5c28a357a801a30e95ed54eabec757b9ff,ethereum,USDT,issuer_freeze,,,2024-09-17
0xe5caef4af8780e59df925470b050fb23c43ca68c,ethereum,USDT,issuer_freeze,,,2020-10-26
0xe5cefee0a0768fcf31f140d05e57c89b6b361912,ethereum,USDT,issuer_freeze,,,2026-08-11
0xe5d7dee3e3888baf1f9bc765713c0e23ed1a4513,ethereum,USDT,issuer_freeze,,,2021-01-29
0xe61ed31891d9fbdcc92d8705fdec92a2482960f7,ethereum,USDT,issuer_freeze,,,2022-12-12
0xe63322c819e2cc00095ed5f242a7249c4a92a145,ethereum,USDT,issuer_freeze,,,2023-10-10
0xe66ea87924544bf54e032bce07a8c46373e2f599,ethereum,USDT,issuer_freeze,,,2026-03-12
0xe69ff88f702a04fd2c70f78c5d6bfb1c9858e2e9,ethereum,USDT,issuer_freeze,,,2025-01-07
0xe6b13cef9552db99ac25b5d45e59db7cd77534c8,ethereum,USDT,issuer_freeze,,,2025-09-04
0xe6b78809b265811e9c0ec09df41f5864a799da5d,ethereum,USDT,issuer_freeze,,,2024-04-13
0xe6dec5b4790f432e16004aa0cb1df19c9bf12b2d,ethereum,USDT,issuer_freeze,,,2025-10-13
0xe74f306bfbff84f675fdceb770b157b70b017169,ethereum,USDT,issuer_freeze,,,2020-02-14
0xe75442dca4a6ce1abbf92b0fe1337498ebdf064e,ethereum,USDT,issuer_freeze,,,2022-10-06
0xe761bcec17380181d99ebcabd0d2a65b7ab64c6f,ethereum,USDT,issuer_freeze,,,2025-03-21
0xe779240e80ab513675b318baf8a9554808eb5acb,ethereum,USDT,issuer_freeze,,,2025-10-30
0xe7875842ab5c44adbd6b82cdf7a14d23cb531e56,ethereum,USDT,issuer_freeze,,,2022-11-04
0xe8033f96fb5c3cd7faae22e401826d9605187c3e,ethereum,USDT,issuer_freeze,,,2024-04-05
0xe803a8bc090e922aedfcbcdd1efea99582efe3c9,ethereum,USDT,issuer_freeze,,,2021-08-17
0xe8138a3a847a25546250046cd7c5a867c2179f94,ethereum,USDT,issuer_freeze,,,2021-01-29
0xe86efa0f1256f7461770f459c8d17b67fa6d47c7,ethereum,USDT,issuer_freeze,,,2023-11-09
0xe890a961e17a1f63130ef309fcfa5217a72012ad,ethereum,USDT,issuer_freeze,,,2025-08-11
0xe8a727f76c555480b323bc3e0e5b6e174d14dfc6,ethereum,USDT,issuer_freeze,,,2025-06-30
0xe8bdac58cb52fbcb6cc154f44e723a89a82dd131,ethereum,USDT,issuer_freeze,,,2024-09-20
0xe8d193f0b6bb35ecd1b20bb843d87333a772245a,ethereum,USDT,issuer_freeze,,,2025-10-21
0xe8ea3204c3a17ee8963f74a598e9a5e538712fc7,ethereum,USDT,issuer_freeze,,,2025-07-28
0xe8f096ad82c6a50c1a0c8b2e65c74887f58cdd06,ethereum,USDT,issuer_freeze,,,2026-02-17
0xe8f762f264a2d4f0c6f3b6f0b3c1926a67962b2f,ethereum,USDT,issuer_freeze,,,2021-06-07
0xe90e69dbaddf19e7d0938d2a66250846c041f992,ethereum,USDT,issuer_freeze,,,2024-10-28
0xe92057f579abd78e65e20c3d4fc3994aa7fe1604,ethereum,USDT,issuer_freeze,,,2023-09-27
0xe94f8337d6f739caa173bcb7fad2c11f89f5951b,ethereum,USDT,issuer_freeze,,,2025-03-03
0xe952bfe6cb230ce413b8146c8bf09cb370a11998,ethereum,USDT,issuer_freeze,,,2024-03-18
0xe9e59e06db3f9fe19a097727a4429c11254c9293,ethereum,USDT,issuer_freeze,,,2026-02-07
0xea273e95b46fbf6695fea0813e8530f7724c3f36,ethereum,USDT,issuer_freeze,,,2025-11-03
0xea582df503a868b0222da3c849e836b6334e1ef4,ethereum,USDT,issuer_freeze,,,2021-03-17
0xea5881cf309b941e05fdd3ff6b95a73270064756,ethereum,USDT,issuer_freeze,,,2024-03-15
0xea7e96d744b2b5a5106902fc615bd351c645b182,ethereum,USDT,issuer_freeze,,,2020-05-06
0xea8c0cb3766c0e932251304dc29b811f520797a5,ethereum,USDT,issuer_freeze,,,2024-05-14
0xea96a3c2dce9ea37a477ebbb892ee67e66e7f808,ethereum,USDT,issuer_freeze,,,2021-01-29
0xeaf679018daecf16646be3c7453b26286fdb15a4,ethereum,USDT,issuer_freeze,,,2023-02-27
0xeafc14e2af750ff52c13349f13fa3a1bf9061497,ethereum,USDT,issuer_freeze,,,2025-10-19
0xeb056c8874695798352ce74976f788b9846cd045,ethereum,USDT,issuer_freeze,,,2025-10-31
0xeb0951ac1658a5528cddc712c5f158c6e20d4538,ethereum,USDT,issuer_freeze,,,2025-01-28
0xeb28ae1bc8b9ef953355f288c8a31d6d9f6d9b4f,ethereum,USDT,issuer_freeze,,,2025-03-03
0xeb2bde819a63db62c9f323b88a41e8892037dafe,ethereum,USDT,issuer_freeze,,,2024-09-18
0xeb31973e0febf3e3d7058234a5ebbae1ab4b8c23,ethereum,USDT,issuer_freeze,,,2020-09-26
0xeb378d1b8f9cafa573494b64156429aad000de0c,ethereum,USDT,issuer_freeze,,,2023-03-30
0xeb4e346fcb92f3a9184e61395a8c491cc20d59d4,ethereum,USDT,issuer_freeze,,,2025-02-01
0xeb53f63ff2c8f576de0752d0fb603ddc79318b26,ethereum,USDT,issuer_freeze,,,2023-05-27
0xeb683e618156de654ed110c06a414bfa5c3c39e4,ethereum,USDT,issuer_freeze,,,2022-10-06
0xeb9478d602166d3dd9a29c7c45b1287c16ea10cc,ethereum,USDT,issuer_freeze,,,2022-08-26
0xeb963da0ea2d53bfb930edc76f994fca2de7fe5f,ethereum,USDT,issuer_freeze,,,2021-07-11
0xebff9038fc52040272cc17d7a99fc903031d8643,ethereum,USDT,issuer_freeze,,,2021-03-17
0xec046b20d26aedcaad476e21f22feb00ca0ced5d,ethereum,USDT,issuer_freeze,,,2021-06-23
0xec116f70fc7c214d70d90af0b83417f7e0df2578,ethereum,USDT,issuer_freeze,,,2021-03-04
0xec13cfe6f132fd976f93ef9cb5f103df0eec694a,ethereum,USDT,issuer_freeze,,,2020-10-26
0xec47cfe8d22e8c7bb8a97d09fd1255874effcf87,ethereum,USDT,issuer_freeze,,,2024-05-22
0xec565af969ac889387a73844c2ab07ad17e2793a,ethereum,USDT,issuer_freeze,,,2023-02-20
0xec70bd334d2177c014ae7aafead527412dbab5f8,ethereum,USDT,issuer_freeze,,,2025-01-30
0xec9645bf5328ebb37b3cf0464aa86db481c03500,ethereum,USDT,issuer_freeze,,,2026-09-11
0xecbd85e318e83f0358b404b41fb73daaacbeb59e,ethereum,USDT,issuer_freeze,,,2025-10-16
0xecd0954b88bd8af038ff50211af2dc167ee5fd87,ethereum,USDT,issuer_freeze,,,2025-10-02
0xecdc198d90c2edff332b8007e529a54e6927b98f,ethereum,USDT,issuer_freeze,,,2025-12-09
0xecec07e601cebeb9c2503b4e91a01118ca3ceb9c,ethereum,USDT,issuer_freeze,,,2025-01-08
0xed65af79c9a6783563cb40a824d51cb2abbef6c2,ethereum,USDT,issuer_freeze,,,2021-03-17
0xed700411613b53911add5a02f0bce9ff51f94a3d,ethereum,USDT,issuer_freeze,,,2021-03-17
0xeda5066780de29d00dfb54581a707ef6f52d8113,ethereum,USDT,issuer_freeze,,,2021-07-13
0xedcf79de5347a81d9329951ed78f6215cfb27b3c,ethereum,USDT,issuer_freeze,,,2025-03-21
0xeddde8fe82a5685fe76862d92405a142dbf900eb,ethereum,USDT,issuer_freeze,,,2024-10-28
0xedf995d46880848785efad1fc8dc327387640bf8,ethereum,USDT,issuer_freeze,,,2023-07-06
0xee31de335135f4c1aac55724554b8404967303a6,ethereum,USDT,issuer_freeze,,,2026-03-09
0xee392450c46c1ba074bab5cc675d8fa5ac4cc81e,ethereum,USDT,issuer_freeze,,,2025-11-05
0xee5e98d9902e8158965c0b87364c3bb418754da1,ethereum,USDT,issuer_freeze,,,2020-10-26
0xeea3636f2a989ec3d3648402e87a7c62d77a0d94,ethereum,USDT,issuer_freeze,,,2024-05-14
0xeec30809b911b1c3203e7817fa36dc4a4e3dea27,ethereum,USDT,issuer_freeze,,,2024-04-05
0xeee19ee5a7fabdd2285fb3d3759ece40253cb0cd,ethereum,USDT,issuer_freeze,,,2025-07-28
0xeeffeea60a256348e338732e262a1cb6fa41f7d5,ethereum,USDT,issuer_freeze,,,2024-11-04
0xef2797225acef65d583f157bbaf023c290d0e7db,ethereum,USDT,issuer_freeze,,,2023-08-04
0xef4a348f634eb0d251468418f607d139dbf97234,ethereum,USDT,issuer_freeze,,,2026-05-06
0xef4e12b51f1e717bbab900b29ba34a1d6b1b37ba,ethereum,USDT,issuer_freeze,,,2022-06-30
0xef73dfe1d2b005280e9f7ef73b74c51dd59a90f3,ethereum,USDT,issuer_freeze,,,2025-07-19
0xefc1c73a3d8728dc4cf2a18ac5705fe93e5914ac,ethereum,USDT,issuer_freeze,,,2022-10-06
0xeffad5637219d8d785bacaef279f3e41d46c3368,ethereum,USDT,issuer_freeze,,,2023-12-09
0xf041c501f16891a2b23f7d3fde5105c80453db92,ethereum,USDT,issuer_freeze,,,2020-10-26
0xf04d0715605f50f83562cfa87996d4d5038917ef,ethereum,USDT,issuer_freeze,,,2024-06-21
0xf0552831bd53d7ce0b1a6e706db2bb69890418cd,ethereum,USDT,issuer_freeze,,,2026-06-02
0xf08b46b21b0547af52248a49d5444c82529b6a4f,ethereum,USDT,issuer_freeze,,,2024-07-09
0xf0b6c37c91831e7df6a85ab75f88128f61c38e47,ethereum,USDT,issuer_freeze,,,2026-01-17
0xf0ba44010fda2d14f602c6ae564c6f9c57109069,ethereum,USDT,issuer_freeze,,,2025-01-06
0xf0c0dd1c19bc24dcd5e82cc15bdbf89bc74408e8,ethereum,USDT,issuer_freeze,,,2024-06-12
0xf0cdd40fbc3d75d9325f3320fea3c9b0b379d8ec,ethereum,USDT,issuer_freeze,,,2025-07-25
0xf0f0fcda832415b935802c6dad0a6da2c7eaed8f,ethereum,USDT,issuer_freeze,,,2024-06-13
0xf0fac9dce5f2dc3c9112bdd0f824ee2663596c30,ethereum,USDT,issuer_freeze,,,2024-03-18
0xf10b852e54bbe0df4e045a5609e637e2c2484e4c,ethereum,USDT,issuer_freeze,,,2024-07-10
0xf10ccfc82136e5d749ec824d355ff7a3db78c01c,ethereum,USDT,issuer_freeze,,,2026-01-17
0xf12757e7f375347a2dd27a25c772b97df64d8a17,ethereum,USDT,issuer_freeze,,,2025-03-03
0xf13a266d9899ef08e9b1baf972f8a7b7c5317869,ethereum,USDT,issuer_freeze,,,2026-09-11
0xf1407fe7b4f929b2d9a5eaf3a9aea2eaca9799e8,ethereum,USDT,issuer_freeze,,,2024-03-18
0xf149c1b7e829bd87f9768eb32717fb8a82fded6f,ethereum,USDT,issuer_freeze,,,2023-11-02
0xf15630eccf1e13508721313ab67422e4897ce008,ethereum,USDT,issuer_freeze,,,2021-03-17
0xf162fe4c1d1fe7d31a6c399f8c9381a4c651e791,ethereum,USDT,issuer_freeze,,,2025-10-01
0xf16469bb18488b8c0759eca7bfd644fcf7ec399a,ethereum,USDT,issuer_freeze,,,2025-07-17
0xf17a3f9d6b7d296d1774914622f96578c71d7873,ethereum,USDT,issuer_freeze,,,2025-05-14
0xf192f9cd28aa0e268eed28078a432dd4abfe8269,ethereum,USDT,issuer_freeze,,,2019-11-01
0xf1c9d8d440d0edee975f6d525d439c4360492884,ethereum,USDT,issuer_freeze,,,2021-03-17
0xf1decab7faf24d7cdba999464a076af637162311,ethereum,USDT,issuer_freeze,,,2024-03-29
0xf1eb12b77556c03642d882e5241ddaa3f61fe0e0,ethereum,USDT,issuer_freeze,,,2022-10-06
0xf1f78fbd690b41428f3054c21e07f5e2caa92de0,ethereum,USDT,issuer_freeze,,,2026-02-10
0xf240af30cc65b9900a3c3e5b5990f38125e4095d,ethereum,USDT,issuer_freeze,,,2020-11-04
0xf241d389e53e7505503c09c7143c1177936177b4,ethereum,USDT,issuer_freeze,,,2024-05-31
0xf2593cf5371b3423ee2908560245ff830f0d8c5a,ethereum,USDT,issuer_freeze,,,2026-03-17
0xf25e36595ce0dc0ea8cc58da2b7e89d2aba20a6e,ethereum,USDT,issuer_freeze,,,2025-05-01
0xf26fa4f2aca8b607755e8620c7163be8e4a73a27,ethereum,USDT,issuer_freeze,,,2020-11-04
0xf27000acc9c95e8430226765cdaa4a9eacf1f246,ethereum,USDT,issuer_freeze,,,2025-07-01
0xf275d07c3db7e14711290aa4c63cdce17db7bfa9,ethereum,USDT,issuer_freeze,,,2020-09-30
0xf2862493b48a7b64fe8981dd4954169c905fb7c4,ethereum,USDT,issuer_freeze,,,2025-01-23
0xf29d6b600c5ae79cae0a16dde808039e2cf4e60d,ethereum,USDT,issuer_freeze,,,2024-05-13
0xf29eb1bcc4b778e4b44904e575753c5c492c4d11,ethereum,USDT,issuer_freeze,,,2024-02-09
0xf2a03f9503e0d754dfe8b93d962db487d20c2178,ethereum,USDT,issuer_freeze,,,2021-10-22
0xf2c678b283b58ac43b9975d13ab3f7ce87422ce0,ethereum,USDT,issuer_freeze,,,2024-03-05
0xf2f3fa6d045bba08434b5be56f43cffe76a5979f,ethereum,USDT,issuer_freeze,,,2023-12-19
0xf3068a5171ffe957558acfe84f9fd710acc870be,ethereum,USDT,issuer_freeze,,,2024-07-10
0xf30eec43edebbeede06725b533a0601d390dc0f8,ethereum,USDT,issuer_freeze,,,2024-05-12
0xf31ba612d96ad488e008c033b848796a75f96870,ethereum,USDT,issuer_freeze,,,2024-05-14
0xf322a3328f617b9f3d44a088373d1106b6c5e97e,ethereum,USDT,issuer_freeze,,,2025-02-12
0xf34ef00a2183cd762542f2885c123129f7a561ba,ethereum,USDT,issuer_freeze,,,2025-03-03
0xf3ae40d6cd8981f3e04144bad0b44e5826b81301,ethereum,USDT,issuer_freeze,,,2024-02-27
0xf3ae5d769e153ef72b4e3591ac004e89f48107a1,ethereum,USDT,issuer_freeze,,,2021-10-21
0xf3b00d6bd974cccb2dfdca8075559b28307b7509,ethereum,USDT,issuer_freeze,,,2026-05-19
0xf3bfc88b752cfc435fcda87fb4119e80dadba3eb,ethereum,USDT,issuer_freeze,,,2025-10-30
0xf3e027ee6b96972db76f80d413821d9d0173c29e,ethereum,USDT,issuer_freeze,,,2026-03-19
0xf3e229cafcb7e88d8398bc24436ff0f49714dd7e,ethereum,USDT,issuer_freeze,,,2026-05-01
0xf400a6f6839ae1baeb26a5fef75a1b4f544c09f3,ethereum,USDT,issuer_freeze,,,2022-10-06
0xf4323d1d43ebab958f7fdb6cead43aad9d92ea83,ethereum,USDT,issuer_freeze,,,2025-09-01
0xf44e8e3efaba2648a16afc5f896c4bbdcd8601d5,ethereum,USDT,issuer_freeze,,,2025-09-08
0xf45b5860e05f718008baca58a7dcfca3a4458a63,ethereum,USDT,issuer_freeze,,,2026-03-04
0xf47ac669ef5e761a528fee324c1faf09e8133f05,ethereum,USDT,issuer_freeze,,,2023-12-04
0xf48f91df403976060cc05dbbf8a0901b09fdefd4,ethereum,USDT,issuer_freeze,,,2026-02-17
0xf4b25e25dfd904e7f04e089d9831d0da4e5f09ed,ethereum,USDT,issuer_freeze,,,2025-10-30
0xf4bac22ed37c2229107f7d6e4cc9d120da456496,ethereum,USDT,issuer_freeze,,,2022-10-06
0xf4e280b9f3d6db86d68c0df3bfcaf7b2912da243,ethereum,USDT,issuer_freeze,,,2025-07-28
0xf4e52ac88228b596c3044196352eb3e9dcc622b4,ethereum,USDT,issuer_freeze,,,2022-06-30
0xf50f0d97a6677db9f2bdc45e024cd48219a06904,ethereum,USDT,issuer_freeze,,,2024-11-23
0xf510e53ef8da4e45ffa59eb554511a7410e5efd3,ethereum,USDT,issuer_freeze,,,2023-01-06
0xf5197ed23bcba26d9d932616aa10776928ad080a,ethereum,USDT,issuer_freeze,,,2026-07-18
0xf51df61bd44f297e30908a727f5152724de059d6,ethereum,USDT,issuer_freeze,,,2025-12-10
0xf51e5054ff80482d497cc93c0629b593fa7a0645,ethereum,USDT,issuer_freeze,,,2025-05-08
0xf5375c622842786e7efa222cb189feebf0600cce,ethereum,USDT,issuer_freeze,,,2024-12-09
0xf53b551dc126e92b01d6a7eb341d350df9ed0321,ethereum,USDT,issuer_freeze,,,2022-06-30
0xf58ba47a2f8d666073ae4c9d85e6a7224c58b575,ethereum,USDT,issuer_freeze,,,2025-01-18
0xf5902e7402da82d43b2464f1514c4125bac2cfd0,ethereum,USDT,issuer_freeze,,,2025-01-15
0xf5c757885bc82384dac6f9d4f170e82a35ba3b8c,ethereum,USDT,issuer_freeze,,,2024-02-13
0xf5e9f38e559cf86b5eca5e78c4dc71e2268660d0,ethereum,USDT,issuer_freeze,,,2020-10-26
0xf6025dfb3dfeed189d50842dac84dc3939b14b20,ethereum,USDT,issuer_freeze,,,2021-06-23
0xf60641032e115884fc18543ea41b625fef5f01ff,ethereum,USDT,issuer_freeze,,,2024-07-10
0xf6182f9b5a485110b80ae1eefcb554fe8975abbe,ethereum,USDT,issuer_freeze,,,2021-03-17
0xf628c4deaa21d3f682ee3f8eeeb51f1f108b67b5,ethereum,USDT,issuer_freeze,,,2024-02-21
0xf62c01085cb20db61de6ac295332e2fadc7b26d6,ethereum,USDT,issuer_freeze,,,2026-03-17
0xf63599e3c336ee96b597a784a40866914849fb1a,ethereum,USDT,issuer_freeze,,,2026-03-19
0xf6438ded9eb47aab9d41664664f201b498f905d6,ethereum,USDT,issuer_freeze,,,2024-05-14
0xf647546784908ddc73b1ffeddec7b440fcc9d2c8,ethereum,USDT,issuer_freeze,,,2025-02-21
0xf65040b820014a90169e67194de711556d03fc4c,ethereum,USDT,issuer_freeze,,,2025-04-22
0xf6533db35500417149110b49d758c2adc63ed63f,ethereum,USDT,issuer_freeze,,,2024-12-05
0xf6884976bb1af63f7f75c6b27111572367ef6f9f,ethereum,USDT,issuer_freeze,,,2025-01-07
0xf689aefbd33c37d5c0ba76bfd5785e13ea14b3a5,ethereum,USDT,issuer_freeze,,,2026-07-06
0xf6a25fccf12320873555104465862f0d6e7d57d1,ethereum,USDT,issuer_freeze,,,2025-03-03
0xf6a5d0770bf4384c7917b6b92d646acb08fa7739,ethereum,USDT,issuer_freeze,,,2020-10-26
0xf6ab97ab362756984fd31e41319a8b176bf8f61d,ethereum,USDT,issuer_freeze,,,2024-04-05
0xf6d3120f9283adeb8614e8bb127307bd198e6bda,ethereum,USDT,issuer_freeze,,,2025-02-21
0xf6ec8d867a227ff5f84761407da1f85826c17797,ethereum,USDT,issuer_freeze,,,2021-06-07
0xf6f1f8b897cb468881a2558586be4bac4272361f,ethereum,USDT,issuer_freeze,,,2024-03-18
0xf73d8d6f76d5e35ab952f94a6b431a730e5c5c7f,ethereum,USDT,issuer_freeze,,,2020-10-26
0xf748ee465e09cd8db47a271300b1a809d36dd9ed,ethereum,USDT,issuer_freeze,,,2025-09-05
0xf768308c448ca951f0fb2487cebe5598c8fb40e2,ethereum,USDT,issuer_freeze,,,2020-10-26
0xf79917e8775d186de3aa4d6b0d68e4e9fda9279e,ethereum,USDT,issuer_freeze,,,2024-03-26
0xf7cf70461fa385d5344566b71a26b5da09ec54f1,ethereum,USDT,issuer_freeze,,,2023-03-09
0xf7da20cc43580b15ec38cd46572296092448d7cf,ethereum,USDT,issuer_freeze,,,2024-10-28
0xf808085ebc9a56123e7174ee186c083cde130fe8,ethereum,USDT,issuer_freeze,,,2024-03-18
0xf82174d91f4b58cb2de15be35efb520483e639df,ethereum,USDT,issuer_freeze,,,2026-01-01
0xf82767b33918bede21899d303347edfc6663d21d,ethereum,USDT,issuer_freeze,,,2024-06-12
0xf85fc0462b1c5afa44e893fa353a8b6f992d1637,ethereum,USDT,issuer_freeze,,,2026-06-04
0xf896f3773a2ebf94c2464a3fe7fc039f9acbb9ae,ethereum,USDT,issuer_freeze,,,2026-04-28
0xf898adf9e7a6f44f1048a766389e7e0785753c9b,ethereum,USDT,issuer_freeze,,,2025-11-22
0xf8b7e31ec55ebe54a91795b6e2f866a83a60fe48,ethereum,USDT,issuer_freeze,,,2024-11-25
0xf8c3527cc04340b208c854e985240c02f7b7793f,ethereum,USDT,issuer_freeze,,,2020-10-07
0xf8c6b247871e4ec0ff255b8eb235103ffdfbdfcf,ethereum,USDT,issuer_freeze,,,2024-05-29
0xf8e85302bb65e3086f555637757ff0cda241562e,ethereum,USDT,issuer_freeze,,,2020-08-10
0xf90e20d41e137594f56b753a02d1897bad504fa1,ethereum,USDT,issuer_freeze,,,2025-01-21
0xf91b66656a09631d0ee68ad0c3d673f723f5748f,ethereum,USDT,issuer_freeze,,,2026-01-12
0xf92aaa976ba32451aa6fceff9b61397e02ed7d2a,ethereum,USDT,issuer_freeze,,,2022-08-12
0xf92ad00a9185ccf48364e285b875d4e84aa8c917,ethereum,USDT,issuer_freeze,,,2025-12-01
0xf92c96854479b03c2b8fea660493020103d25e31,ethereum,USDT,issuer_freeze,,,2025-10-07
0xf93e99907542bd3a5ac5d1f74d9945c2d748e5b2,ethereum,USDT,issuer_freeze,,,2022-03-17
0xf946a9c1ae8370c568a3eb94a863e797f1b7563f,ethereum,USDT,issuer_freeze,,,2025-10-30
0xf97f84beecf74b5d61a5b5ffda541c9fad847662,ethereum,USDT,issuer_freeze,,,2025-03-05
0xf998da39cd3cf9ff30441f86acca4b1a8e67ddce,ethereum,USDT,issuer_freeze,,,2026-01-12
0xf9c43179d357fcaf8ba5f016e773ef84d56ed4f1,ethereum,USDT,issuer_freeze,,,2024-07-09
0xf9e80a5f300944bfedf2816cbe72b1981c6c5ee2,ethereum,USDT,issuer_freeze,,,2021-08-05
0xf9ec43544a768209fef5748566835552c9d39002,ethereum,USDT,issuer_freeze,,,2023-12-09
0xfa05456f82a0b816cd1dc1e9233be75908fcd9b8,ethereum,USDT,issuer_freeze,,,2024-09-12
0xfa2c6c55e5be0f4b7b3e9370f4b1f094975107ce,ethereum,USDT,issuer_freeze,,,2024-07-16
0xfa3ec87e67ccb4dad952a74df472aac75b669037,ethereum,USDT,issuer_freeze,,,2025-05-25
0xfa898e9f698e3c1464a69c88c79d9824b7ad159a,ethereum,USDT,issuer_freeze,,,2024-10-28
0xfa92bd55b1aac63f704cacc381a6cef2e6776ec7,ethereum,USDT,issuer_freeze,,,2023-11-10
0xfaa05fcff501625acb7659b874461552696b60e9,ethereum,USDT,issuer_freeze,,,2025-06-23
0xfaae1f70fb6e5571102fbee68fa960a51035fc20,ethereum,USDT,issuer_freeze,,,2025-01-24
0xfae3ff7e05d921c1d48bbe6676ef5c902e32c801,ethereum,USDT,issuer_freeze,,,2021-05-06
0xfae5a6d3bd9bd24a3ed2f2a8a6031c83976c19a2,ethereum,USDT,issuer_freeze,,,2021-12-04
0xfb0a60806cdcd2047517b777398bbea734c727e3,ethereum,USDT,issuer_freeze,,,2022-04-16
0xfb0ace3b89687a9681771cac9e7516c0bdd19c47,ethereum,USDT,issuer_freeze,,,2026-05-18
0xfb12709ba3476500191462e1a4d918ed7438dc64,ethereum,USDT,issuer_freeze,,,2025-12-08
0xfb156f24f1c0e36095edc66523f8edb563da991a,ethereum,USDT,issuer_freeze,,,2025-08-07
0xfb1a915a2a8ea147431e87655f867373defc0977,ethereum,USDT,issuer_freeze,,,2023-03-30
0xfb2a4dde9bc583f33a262bf108aed3af7cddbdd9,ethereum,USDT,issuer_freeze,,,2023-04-21
0xfb3024a054816c9a68469bf0fea62a68614bbc2b,ethereum,USDT,issuer_freeze,,,2022-12-08
0xfb5031f0d057cdcd1b649bb40accfebf3608b9be,ethereum,USDT,issuer_freeze,,,2025-02-28
0xfb633cb317bbd5a1a95cf6a13e63cdd15f6481fd,ethereum,USDT,issuer_freeze,,,2024-03-20
0xfb896f4ffecfb73f58f023487f26929c40160012,ethereum,USDT,issuer_freeze,,,2021-10-21
0xfb922feade6ae98bf7b21bf2fd13e8655d5b2101,ethereum,USDT,issuer_freeze,,,2025-12-17
0xfb9c4ab3f1ea45702b8701151b32413a017b3009,ethereum,USDT,issuer_freeze,,,2022-08-10
0xfb9dd8788bb1af2838b7de4492c47a94dec551ae,ethereum,USDT,issuer_freeze,,,2025-01-17
0xfba15eae53c5263b9b272cdb76f278ee9f6e0111,ethereum,USDT,issuer_freeze,,,2026-03-17
0xfbca88eb33788fb700a392d781f09c916d68e1ef,ethereum,USDT,issuer_freeze,,,2026-04-20
0xfbfa2b0802de41d5c45142e1b8d3ba4d9438a5e6,ethereum,USDT,issuer_freeze,,,2025-07-13
0xfc25686b89da51e3602d58bb040ef859c4526320,ethereum,USDT,issuer_freeze,,,2024-05-14
0xfc2e4db1e01a64384395230d49ac810362895923,ethereum,USDT,issuer_freeze,,,2021-03-17
0xfc329d865c9712ca66ecd1b31ee041e35ffe6968,ethereum,USDT,issuer_freeze,,,2026-08-25
0xfc41861252ff8a7a79329fd990c9133557241d40,ethereum,USDT,issuer_freeze,,,2026-08-24
0xfc4e7e1a5508636cd54b5e279c4e2b34eb0675ef,ethereum,USDT,issuer_freeze,,,2021-05-04
0xfc69975e7523f4f7c63bee60a8f9a98c0ad9a745,ethereum,USDT,issuer_freeze,,,2025-02-01
0xfd03637733e810ed9a33e7658d06c80151fb0b61,ethereum,USDT,issuer_freeze,,,2024-03-18
0xfd048960a3dfcabb959f33fd38a00120f547fb02,ethereum,USDT,issuer_freeze,,,2022-06-08
0xfd086bc7cd5c481dcc9c85ebe478a1c0b69fcbb9,ethereum,USDT,issuer_freeze,,,2025-03-17
0xfd0c68c9b4a9c3e9c5f3dc365b730833146d0d2e,ethereum,USDT,issuer_freeze,,,2025-05-29
0xfd10797c02bbcf25e879d8e1d955ef5876fa095b,ethereum,USDT,issuer_freeze,,,2024-02-13
0xfd2cb3ace5f59cc3c43c967c326b81c01e051bdf,ethereum,USDT,issuer_freeze,,,2020-10-26
0xfd44d46c3e785e10fdd1016c5ab28665e931c7c1,ethereum,USDT,issuer_freeze,,,2024-12-19
0xfd5b20209508a13205b2e3f9d221d9e719345671,ethereum,USDT,issuer_freeze,,,2023-11-09
0xfd846ce81f9566e34790946078221c93f777a419,ethereum,USDT,issuer_freeze,,,2020-09-21
0xfdab00ff80ec7be5624bb6f004b424d7f15d6b18,ethereum,USDT,issuer_freeze,,,2024-06-06
0xfdae37165be073905791d3ce7b805485161759cb,ethereum,USDT,issuer_freeze,,,2026-06-23
0xfdd690dc9be605531cf5921ec09896faa3f0049e,ethereum,USDT,issuer_freeze,,,2022-12-23
0xfde9ed5484233f2e2dd16b135b1ee6c3d6d80679,ethereum,USDT,issuer_freeze,,,2023-11-03
0xfe1b53ac251fdac8f457c72a316bff1a4e83bbe6,ethereum,USDT,issuer_freeze,,,2024-07-10
0xfe43306b8182d1c7af3ea39c324ab5bfd1d74ac2,ethereum,USDT,issuer_freeze,,,2021-04-30
0xfe611c837a5a8186ee911ba654f2d3ca36075c1c,ethereum,USDT,issuer_freeze,,,2022-01-20
0xfe61d6a050f2cd0610502f8791a25ecb3dec33f4,ethereum,USDT,issuer_freeze,,,2023-06-26
0xfe88dd486c090b9663d734f268804cb4bb9474fe,ethereum,USDT,issuer_freeze,,,2024-07-10
0xfea020bd42b471785e4a2d2cc4ce501406944af1,ethereum,USDT,issuer_freeze,,,2023-10-10
0xfea719565551a991a09f6ccc9d58f17f2ffc7279,ethereum,USDT,issuer_freeze,,,2026-06-22
0xfec6686e8204936f96f86c553f8c845bad1ba76b,ethereum,USDT,issuer_freeze,,,2026-03-19
0xfecc47ab11a44c09d9cc7289eeb3b9a8abb9ca16,ethereum,USDT,issuer_freeze,,,2024-02-02
0xfece26329e2781f1c4cf80e658b567df1cd3623f,ethereum,USDT,issuer_freeze,,,2024-09-20
0xfecec2321fb6183f5e75fd28ef91e534dc4256c8,ethereum,USDT,issuer_freeze,,,2026-02-22
0xfed8d5a85a891d9902c5605690d948bf31e4b178,ethereum,USDT,issuer_freeze,,,2024-07-09
0xfef2a9e08d92fb348485219ddb5322fe24960477,ethereum,USDT,issuer_freeze,,,2025-10-16
0xff041812bcff7ab374781e6a480ad4baab758804,ethereum,USDT,issuer_freeze,,,2026-07-20
0xff2ec1f1a809a600165c3f4f7d0cad756fd20df4,ethereum,USDT,issuer_freeze,,,2024-04-09
0xff66202bb673d99543799d93c60cfe5c228cfb1c,ethereum,USDT,issuer_freeze,,,2024-10-08
0xff6ddca864ae89dc5fb103b4fd15f1497ce4988d,ethereum,USDT,issuer_freeze,,,2026-07-31
0xff928ae4b20c0b9b2f02a4ed99832424991ba89b,ethereum,USDT,issuer_freeze,,,2024-11-23
0xff99567bde80b50368d83d958568a153ce9b3ff3,ethereum,USDT,issuer_freeze,,,2022-08-15
0xffc14a56afaf8399d16c32fb0dee7d6540c2f2fe,ethereum,USDT,issuer_freeze,,,2025-02-21
0xffcc858a9f2e3f200028961c022072309fcd1a2b,ethereum,USDT,issuer_freeze,,,2024-06-06
0xfff8cb22789fafb30492cc4264a711c2ed1973ee,ethereum,USDT,issuer_freeze,,,2024-04-10
