address,chain,token,designation,attribution,source_note,first_recorded
T9yb6vP8o8PQJLNmcCkC9wfk73ULTCy2MB,tron,USDT,sanctions_listed,Sanctioned - NBCTF,Sanctioned - NBCTF,2025-09-22
T9yfDTx9adWW1rN6E4UVMUoCQBwzb6wxsc,tron,USDT,sanctions_listed,Sanctioned - NBCTF,Sanctioned - NBCTF,2025-09-22
TA3941uFAvmVibSkQ6fMJXxmaSNovX86mz,tron,USDT,sanctions_listed,Sanctioned - OFAC,Sanctioned - OFAC,2025-04-30
TA39q3p75XRSWYAEaSF7dANtyksoa3sLge,tron,USDT,sanctions_listed,Sanctioned - OFAC,Sanctioned - OFAC,2025-11-04
TA3rH2A7iHnm6pKH8gr9cK1EZnShnmZdFg,tron,USDT,sanctions_listed,Sanctioned - OFAC,Sanctioned - OFAC,2026-07-01
TA5hrVymvwgXXRfp9miQKDZKJ11fWdk1fT,tron,USDT,sanctions_listed,Sanctioned - NBCTF,Sanctioned - NBCTF,2026-06-05
TA82wQ77kb9DieW4C8q7C4KwMfnCzfziqN,tron,USDT,sanctions_listed,Sanctioned - OFAC,Sanctioned - OFAC,2026-07-01
TA9XWZ7RLGwfKcTWFXs3cBHRuR388YNugT,tron,USDT,sanctions_listed,Sanctioned - NBCTF,Sanctioned - NBCTF,2023-09-22
TA9f6oyvsh2VzEB19hYk2Az4hZpHQjT18b,tron,USDT,sanctions_listed,Sanctioned - NBCTF,Sanctioned - NBCTF,2024-03-09
TAEKKjTXhKYjewhdsxyk6T8oev8A6PriBu,tron,USDT,sanctions_listed,Sanctioned - NBCTF,Sanctioned - NBCTF,2025-09-22
TAGjwGdZJ2UGHMjXyQeowFSEa1BKFCRnsE,tron,USDT,sanctions_listed,Sanctioned - NBCTF,Sanctioned - NBCTF,2026-06-11
TAHEHY7wQncEfQc9gJq5RWX8RfCrvuNbTC,tron,USDT,sanctions_listed,Sanctioned - NBCTF,Sanctioned - NBCTF,2025-01-28
TAHg5ZFkxaJq5wE6pGpM8mY5Q1YEvz6W3G,tron,USDT,sanctions_listed,Sanctioned - NBCTF,Sanctioned - NBCTF,2026-05-06
TALdAcSzoXR1Vqzc29Vk9MrkoTCqCXFvQM,tron,USDT,sanctions_listed,Sanctioned - NBCTF,Sanctioned - NBCTF,2025-01-28
TAMJPjL5kY4BQGjfA4X3FuzHaEb6FvmHP1,tron,USDT,sanctions_listed,Sanctioned - NBCTF,Sanctioned - NBCTF,2025-01-28
TAQPzv9941nVuTj4ng2vd6L11Re57r42pW,tron,USDT,sanctions_listed,Sanctioned - OFAC,Sanctioned - OFAC,2026-09-08
TAR2KrCfTST5BQXs7D7N4HYHx6FBt4bzLh,tron,USDT,sanctions_listed,Sanctioned - NBCTF,Sanctioned - NBCTF,2024-03-08
TAVKvfHt77vD1hQzEUzPSjsTTqNNjSYjBV,tron,USDT,sanctions_listed,Sanctioned - NBCTF,Sanctioned - NBCTF,2025-09-22
TAYhjpL8pPs8T84FSM329nffQpc6jD8GBM,tron,USDT,sanctions_listed,Sanctioned - OFAC,Sanctioned - OFAC,2025-08-14
TAYmr116QUo2FbgGxbrZ8BMgLStnnusdfJ,tron,USDT,sanctions_listed,Sanctioned - NBCTF,Sanctioned - NBCTF,2025-09-22
TAbbVaBKgH4VBLXgWqACuwoKF4cH1HinQh,tron,USDT,sanctions_listed,Sanctioned - OFAC,Sanctioned - OFAC,2026-08-24
TAfq6DEfwb91KHxKmf8im6pWhgFP59FJPo,tron,USDT,sanctions_listed,Sanctioned - NBCTF,Sanctioned - NBCTF,2025-09-22
TAgZxxuvfuKYJY5UPC1DXF8NPHbKtTzEGu,tron,USDT,sanctions_listed,Sanctioned - OFAC,Sanctioned - OFAC,2026-07-01
TAhHpxPRwo1Bmm1A9m51uZ31tcB7EPq7SY,tron,USDT,sanctions_listed,Sanctioned - OFAC,Sanctioned - OFAC,2026-07-23
TAiDDDrzwXJNcKBXGPRdzF96o8pb7T7MmT,tron,USDT,sanctions_listed,Sanctioned - NBCTF,Sanctioned - NBCTF,2025-01-28
TAig6gAMakUfPq47vTetcXfZQKAWCsnL6P,tron,USDT,sanctions_listed,Sanctioned - NBCTF,Sanctioned - NBCTF,2025-09-22
TAkPhaUhsPt4R8dF5tASsUHTqu1hw1GqpR,tron,USDT,sanctions_listed,Sanctioned - NBCTF,Sanctioned - NBCTF,2025-09-22
TAkbWdDenMBC6ZAxSEEPAdTMinNejLBGeR,tron,USDT,sanctions_listed,Sanctioned - NBCTF,Sanctioned - NBCTF,2025-01-28
TAkpWPt2JZdiLSkG7ZX2VAQkZQsnGZ1nqh,tron,USDT,sanctions_listed,Sanctioned - OFAC,Sanctioned - OFAC,2026-09-08
TAo221fv8TKxyGfTArZWiUZvU4W2amvuKC,tron,USDT,sanctions_listed,Sanctioned - NBCTF,Sanctioned - NBCTF,2026-06-05
TAoLw5yD5XUoHWeBZRSZ1ExK9HMv2CiPvP,tron,USDT,sanctions_listed,Sanctioned - OFAC,Sanctioned - OFAC,2025-11-19
TAqTwpsnSMirTXVCwH3zx6S3afDewsgzfp,tron,USDT,sanctions_listed,Sanctioned - NBCTF,Sanctioned - NBCTF,2025-01-28
TAtNGo3UEvgyDxCZH1kssbjvZ7DRVCos7r,tron,USDT,sanctions_listed,Sanctioned - NBCTF,Sanctioned - NBCTF,2025-11-19
TAu8G2TaPjBw3TVVDKg9SjT2Wu6uijBKP2,tron,USDT,sanctions_listed,Sanctioned - NBCTF,Sanctioned - NBCTF,2025-09-22
TAwNQN5tmzJJ694PPuoFUxQY13quBs8YgA,tron,USDT,sanctions_listed,Sanctioned - OFAC,Sanctioned - OFAC,2026-07-01
TAyyw6ZoTZexvTcN7WRR9t79JUFgSAvkL8,tron,USDT,sanctions_listed,Sanctioned - OFAC,Sanctioned - OFAC,2026-07-01
TB1Bcv3x8mg7PVV4nVM48pgHJKcYboTypU,tron,USDT,sanctions_listed,Sanctioned - OFAC,Sanctioned - OFAC,2026-07-01
TB1ZRUnSYzTQJRCUDFH4T3NEW2dyen2JPA,tron,USDT,sanctions_listed,Sanctioned - NBCTF,Sanctioned - NBCTF,2025-08-04
TB4W3xWh2xYhE5ABx4C4ffnWQLpmpVmdcG,tron,USDT,sanctions_listed,Sanctioned - NBCTF,Sanctioned - NBCTF,2025-09-22
TB5J8W166YTUmtpUsy4XnNTKLVtesuE9eV,tron,USDT,sanctions_listed,Sanctioned - OFAC,Sanctioned - OFAC,2026-07-01
TB5UPBTtXYwwmSviWBkQcFM64o6R1CDXUY,tron,USDT,sanctions_listed,Sanctioned - NBCTF,Sanctioned - NBCTF,2025-12-15
TBATDh41qMQ1yeVYecneEvhpfayYmkAQWS,tron,USDT,sanctions_listed,Sanctioned - OFAC,Sanctioned - OFAC,2025-05-08
TBEhrZnVjgWMyg9tP9xizmHaGUKFt7hQ3u,tron,USDT,sanctions_listed,Sanctioned - NBCTF,Sanctioned - NBCTF,2025-09-22
TBEqQGTxXRWXXeqe7ZwmSB6hc5MMMMMMMM,tron,USDT,sanctions_listed,Sanctioned - OFAC,Sanctioned - OFAC,2026-09-08
TBFW9gF4oDX5cG44gS7AoxQeujScmm3z6h,tron,USDT,sanctions_listed,Sanctioned - OFAC,Sanctioned - OFAC,2026-07-13
TBFq95yWh6bwZsE9KUAeNxbEEbmAJwsLEL,tron,USDT,sanctions_listed,Sanctioned - NBCTF,Sanctioned - NBCTF,2025-07-02
TBHRyrdg23gZyMh8VPPt9hU7NDEVZRvEe2,tron,USDT,sanctions_listed,Sanctioned - NBCTF,Sanctioned - NBCTF,2025-01-28
TBHTJqAy4DhHhmT3dNceJYNRz4SdLofLre,tron,USDT,sanctions_listed,Sanctioned - OFAC,Sanctioned - OFAC,2024-05-29
TBJqexr1FfGxVKhDsKeou6FVLBW1aS1Ny7,tron,USDT,sanctions_listed,Sanctioned - OFAC,Sanctioned - OFAC,2026-07-01
TBKpozurdWLrbKkxtDqkveeq1dSB8Axj3V,tron,USDT,sanctions_listed,Sanctioned - OFAC,Sanctioned - OFAC,2026-03-27
TBKq3SzXigsGhQNzdCYocpt8RzoMh3uxAr,tron,USDT,sanctions_listed,Sanctioned - OFAC,Sanctioned - OFAC,2026-07-01
TBNjCi1d5Ns6ec5aMp28LpfKcX7xTpykAN,tron,USDT,sanctions_listed,Sanctioned - OFAC,Sanctioned - OFAC,2026-09-08
TBUMjzrcnHsLpmw3HAuLHBcKwGRaXLghM3,tron,USDT,sanctions_listed,Sanctioned - NBCTF,Sanctioned - NBCTF,2025-09-22
TBWRDpQsW1ZVPGGaBAwVLNb7iqmVBuM1nj,tron,USDT,sanctions_listed,Sanctioned - OFAC,Sanctioned - OFAC,2025-04-30
TBXMiRqUp1XH1zLazWu8cWitMAScv4HsYq,tron,USDT,sanctions_listed,Sanctioned - OFAC,Sanctioned - OFAC,2026-06-22
TBYRhsZR7Mdn9ezpGVLwZiNVnGm8wZGLAD,tron,USDT,sanctions_listed,Sanctioned - OFAC,Sanctioned - OFAC,2025-11-04
TBZefVsyQpzzxc2WSCLbZBECvxVdzGqdtC,tron,USDT,sanctions_listed,Sanctioned - OFAC,Sanctioned - OFAC,2025-11-04
TBbakY3qANmXVRaY1GHF5KJMfEJCsw3gTD,tron,USDT,sanctions_listed,Sanctioned - NBCTF,Sanctioned - NBCTF,2025-09-22
TBcLqqqyZjNj1ptuXFgj5H768NhNU5nDyn,tron,USDT,sanctions_listed,Sanctioned - OFAC,Sanctioned - OFAC,2025-11-19
TBd9nfP2L6wndSvfepSAh52LERk5RjgdoR,tron,USDT,sanctions_listed,Sanctioned - NBCTF,Sanctioned - NBCTF,2025-09-22
TBeWQJiLtL9Rkmdkgdpp4gqQTCF31SSHBG,tron,USDT,sanctions_listed,Sanctioned - NBCTF,Sanctioned - NBCTF,2025-09-22
TBfJfBYSpVPLDoFzvg3zCnc4Kvpb48cME5,tron,USDT,sanctions_listed,Sanctioned - NBCTF,Sanctioned - NBCTF,2026-05-06
TBfVDwNS6hC2Ln2qTLTRKMMPddscFEhhrU,tron,USDT,sanctions_listed,Sanctioned - OFAC,Sanctioned - OFAC,2026-07-01
TBhR5MLrTsNZ8FUyKgzdrCjWkYD2orYLdx,tron,USDT,sanctions_listed,Sanctioned - OFAC,Sanctioned - OFAC,2026-07-01
TBhTMBAaEWiTtMgMdJ97ZmYotgHeY543cc,tron,USDT,sanctions_listed,Sanctioned - OFAC,Sanctioned - OFAC,2026-07-01
TBjD6KyudEstysMxB83ctiqMjAqgdKqKYM,tron,USDT,sanctions_listed,Sanctioned - NBCTF,Sanctioned - NBCTF,2024-03-08
TBmG7JZScZWmL5tADBb41RUU5ffWxU9rkT,tron,USDT,sanctions_listed,Sanctioned - NBCTF,Sanctioned - NBCTF,2024-03-08
TBmqXsFNYTMkyw9jVGBAecGaLyLwbxFTM1,tron,USDT,sanctions_listed,Sanctioned - OFAC,Sanctioned - OFAC,2026-07-01
TBobna3TCi8KhmND5srYRNcQcjwmdsLszn,tron,USDT,sanctions_listed,Sanctioned - NBCTF,Sanctioned - NBCTF,2025-01-28
TBtRqkiFzyuwe8nSAGQghxygAfwAF5eERq,tron,USDT,sanctions_listed,Sanctioned - OFAC,Sanctioned - OFAC,2026-07-01
TBugfvTSnKyfy1sgyrwvZLmub8iVUKCFp7,tron,USDT,sanctions_listed,Sanctioned - NBCTF,Sanctioned - NBCTF,2025-07-02
TBvArRahEYFKi8dPXKBKYpGz5NncV3nVJo,tron,USDT,sanctions_listed,Sanctioned - NBCTF,Sanctioned - NBCTF,2025-09-22
TBvqEcqETVoPXXvyMDYC9oLnke8HgC4Tse,tron,USDT,sanctions_listed,Sanctioned - NBCTF,Sanctioned - NBCTF,2025-01-28
TBwghbQMsBC5xcUxE7ZpYXhfDMXZAfiFv6,tron,USDT,sanctions_listed,Sanctioned - OFAC,Sanctioned - OFAC,2025-05-08
TByksCkUtMaYwHCSaetmAGufpeyfdXBrJk,tron,USDT,sanctions_listed,Sanctioned - OFAC,Sanctioned - OFAC,2026-07-01
TBzrXbp6FcYpvUGUDw9GEoHs59siCnE6sp,tron,USDT,sanctions_listed,Sanctioned - NBCTF,Sanctioned - NBCTF,2024-10-08
TC3gpHm8myDWYcE14gwbzY76eJD8Y3otAS,tron,USDT,sanctions_listed,Sanctioned - NBCTF,Sanctioned - NBCTF,2025-07-02
TC4VsFHJdZ66BdwobZxkudVZBVmQZgCP65,tron,USDT,sanctions_listed,Sanctioned - OFAC,Sanctioned - OFAC,2025-04-02
TC4zMo2HFdPrU46AeFu59wLwNxKgTJ2HXw,tron,USDT,sanctions_listed,Sanctioned - NBCTF,Sanctioned - NBCTF,2026-06-05
TC5UNu3LGrjjVCuLNDdVgjm4oL5cQAyFRZ,tron,USDT,sanctions_listed,Sanctioned - OFAC,Sanctioned - OFAC,2025-11-04
TC7VZ9F3v34byjjdLN9t9c3juzfBisPE4u,tron,USDT,sanctions_listed,Sanctioned - NBCTF,Sanctioned - NBCTF,2026-05-06
TC7vaJsxZteEEnnm2EFm9BRSZvezvsuA86,tron,USDT,sanctions_listed,Sanctioned - OFAC,Sanctioned - OFAC,2026-07-01
TC7xjd5tW3D6A9BERmub1SkbhBhw73pXV9,tron,USDT,sanctions_listed,Sanctioned - NBCTF,Sanctioned - NBCTF,2025-07-02
TCA7AfTSuDmgYk2VaezfPuZF4Z4X8wxwcQ,tron,USDT,sanctions_listed,Sanctioned - OFAC,Sanctioned - OFAC,2025-04-30
TCAVvaJxeFhBSJZHcc3mEBLMuxvrqt4Uja,tron,USDT,sanctions_listed,Sanctioned - NBCTF,Sanctioned - NBCTF,2024-11-11
TCBQid5aFnqkcCT4t5UYctPtnimGDSYns6,tron,USDT,sanctions_listed,Sanctioned - NBCTF,Sanctioned - NBCTF,2025-09-22
TCC6uZUbP8L3vNJg68Zpf4JU87qqa9xipP,tron,USDT,sanctions_listed,Sanctioned - NBCTF,Sanctioned - NBCTF,2025-01-28
TCCryMcQb5A5FSYkmcVy26Nd8J1FWHtfWh,tron,USDT,sanctions_listed,Sanctioned - OFAC,Sanctioned - OFAC,2026-07-01
TCEe3McjK9FWby8YsNmtRDwJt1x2s5dFTL,tron,USDT,sanctions_listed,Sanctioned - OFAC,Sanctioned - OFAC,2026-07-01
TCFD8N3vM5b4Gr5f1kkajQsodRVNyyAq1d,tron,USDT,sanctions_listed,Sanctioned - OFAC,Sanctioned - OFAC,2025-08-14
TCG5LT8GZu9xedHbfwo2Mea2nJJbi5QGTv,tron,USDT,sanctions_listed,Sanctioned - NBCTF,Sanctioned - NBCTF,2026-05-06
TCGqX4FwKWGwWBhji5MyYF5QPQGGPgiELi,tron,USDT,sanctions_listed,Sanctioned - NBCTF,Sanctioned - NBCTF,2025-09-22
TCJnH5XVhZRnst4esZC1dyb5VcqErVxWCK,tron,USDT,sanctions_listed,Sanctioned - NBCTF,Sanctioned - NBCTF,2025-09-22
TCMwFA3kv33zKaARnB7NT4RqG7y3ya21Lt,tron,USDT,sanctions_listed,Sanctioned - NBCTF,Sanctioned - NBCTF,2025-09-22
TCNdE7yzZEpBJmcrghfxPKwt8zDWxZsPxq,tron,USDT,sanctions_listed,Sanctioned - NBCTF,Sanctioned - NBCTF,2025-09-22
TCNku13BsaKFV4EtrrfHg7KZG6prJPJVUa,tron,USDT,sanctions_listed,Sanctioned - NBCTF,Sanctioned - NBCTF,2025-10-16
TCNnWUTsonN9UD568mNEcBJm6vmniuXJnN,tron,USDT,sanctions_listed,Sanctioned - NBCTF,Sanctioned - NBCTF,2024-03-08
TCQcJPp6rj2zbDRk1m48ZRNdxXsRDXYp96,tron,USDT,sanctions_listed,Sanctioned - NBCTF,Sanctioned - NBCTF,2026-06-05
TCS1vm1dkPFPZ4HiJKVM51PPahUHc8MAb5,tron,USDT,sanctions_listed,Sanctioned - NBCTF,Sanctioned - NBCTF,2026-06-11
TCUTmWspsaJb3U5JUs5AhVcGwaftyK1qtp,tron,USDT,sanctions_listed,Sanctioned - OFAC,Sanctioned - OFAC,2026-07-01
TCWMveoWyAwkCthHC43nfgbtmAfPGXYhQD,tron,USDT,sanctions_listed,Sanctioned - NBCTF,Sanctioned - NBCTF,2026-05-06
TCXihiScsAodR942Xq45df9qQAdr5nhkjQ,tron,USDT,sanctions_listed,Sanctioned - OFAC,Sanctioned - OFAC,2026-07-01
TCaRTRVpR6eT39reL7LbWgGqTweQfzNAuv,tron,USDT,sanctions_listed,Sanctioned - NBCTF,Sanctioned - NBCTF,2025-09-30
TCjamtzehCoPE8sNH5ncUPjKauzceoHZhK,tron,USDT,sanctions_listed,Sanctioned - NBCTF,Sanctioned - NBCTF,2026-06-11
TCk1g37N3x6PDda63waydNQwqTUzFNpsrR,tron,USDT,sanctions_listed,Sanctioned - OFAC,Sanctioned - OFAC,2026-07-01
TCkrXikaXzDgXHTzh9nk24EYxZsbQJK6o9,tron,USDT,sanctions_listed,Sanctioned - NBCTF,Sanctioned - NBCTF,2023-09-21
TCn9wM828B1GtsVn8kUaCvoE3RpfCAmtEB,tron,USDT,sanctions_listed,Sanctioned - OFAC,Sanctioned - OFAC,2026-07-01
TCoKgVdQbSyPnJnf9oNUNQn3dWMDD9wbQL,tron,USDT,sanctions_listed,Sanctioned - OFAC,Sanctioned - OFAC,2026-09-08
TCqKhk7MpPnGH3UfygE1TRzUo92a5tuVy6,tron,USDT,sanctions_listed,Sanctioned - OFAC,Sanctioned - OFAC,2026-07-01
TCrvaaFooU3tamGeESNQP1AseBJpeahrn5,tron,USDT,sanctions_listed,Sanctioned - NBCTF,Sanctioned - NBCTF,2025-09-22
TCsWPY1fiqyPq88qsUoUbtuKLWeuT9Cf4o,tron,USDT,sanctions_listed,Sanctioned - NBCTF,Sanctioned - NBCTF,2026-02-08
TCswxXvZetLwiZyVuHiunoKdX7bzSZSt3d,tron,USDT,sanctions_listed,Sanctioned - NBCTF,Sanctioned - NBCTF,2025-09-22
TCu5onCzXuqxjvVzdB2tR4FLuF66d4yRqf,tron,USDT,sanctions_listed,Sanctioned - OFAC,Sanctioned - OFAC,2025-11-19
TCudJgJ14kk3Ss2PEgsT15frztKpyG7HEh,tron,USDT,sanctions_listed,Sanctioned - OFAC,Sanctioned - OFAC,2026-07-01
TCvMMsShKX8vHUxx1GbZ7jf8TRbXDmVfMG,tron,USDT,sanctions_listed,Sanctioned - NBCTF,Sanctioned - NBCTF,2023-06-01
TCxUxp3fve52ZYTTG48Y6ecskKsZAMw2Nd,tron,USDT,sanctions_listed,Sanctioned - NBCTF,Sanctioned - NBCTF,2024-03-08
TCxdGVE9fKdjkPmqtoULqBzmzsK8rPpF9U,tron,USDT,sanctions_listed,Sanctioned - NBCTF,Sanctioned - NBCTF,2025-01-28
TCxmCKgpCDZURrAaQ5BjmcLDGZfTAcSeKP,tron,USDT,sanctions_listed,Sanctioned - NBCTF,Sanctioned - NBCTF,2026-01-15
TCyAE8Lxa1rmTThhE5Z3X95PC9rgMrReMX,tron,USDT,sanctions_listed,Sanctioned - OFAC,Sanctioned - OFAC,2026-07-01
TCydk24r1DAVkdvDzYhUQruT3aa9cFrGrV,tron,USDT,sanctions_listed,Sanctioned - NBCTF,Sanctioned - NBCTF,2024-03-09
TCzeYLYU8zSh2VsPjH2BxV8vbt2UwNUN6X,tron,USDT,sanctions_listed,Sanctioned - NBCTF,Sanctioned - NBCTF,2025-09-22
TCzq6m2zxnQkrZrf8cqYcK6bbXQYAfWYKC,tron,USDT,sanctions_listed,Sanctioned - OFAC; Sanctioned - NBCTF,Sanctioned - OFAC; Sanctioned - NBCTF,2025-07-02
TD25LxR9eqFQGpEwhx4pad6dTyzk3MpBzQ,tron,USDT,sanctions_listed,Sanctioned - NBCTF,Sanctioned - NBCTF,2025-11-19
TD29gbJvyvJ1VZxkrQKewPWBpWexjZzLcB,tron,USDT,sanctions_listed,Sanctioned - NBCTF,Sanctioned - NBCTF,2026-06-11
TD3AagFMUJsAzQrn1mf45Ks3YK1fM1M5Nk,tron,USDT,sanctions_listed,Sanctioned - NBCTF,Sanctioned - NBCTF,2025-01-28
TD7TXyvmjPfJkfhJuQ58NXA9dX9q81mqAp,tron,USDT,sanctions_listed,Sanctioned - OFAC,Sanctioned - OFAC,2026-07-01
TD7j5eNShnrSsGb3of8vpe1XXfUNrheeFh,tron,USDT,sanctions_listed,Sanctioned - NBCTF,Sanctioned - NBCTF,2026-05-06
TDEAT1N71v7si2k8uH6ok14FgYCSnv9Gaa,tron,USDT,sanctions_listed,Sanctioned - NBCTF,Sanctioned - NBCTF,2025-09-22
TDFj8tYzfLDkwEMo4MJ2DfrbpMztuCCnan,tron,USDT,sanctions_listed,Sanctioned - OFAC,Sanctioned - OFAC,2026-06-22
TDFtJtyLPgN3oWUoHh23oJox3T5V5nR11K,tron,USDT,sanctions_listed,Sanctioned - OFAC,Sanctioned - OFAC,2025-09-24
TDGzX59t5ePLJgNw2hPuWLAUREh5rVgRxL,tron,USDT,sanctions_listed,Sanctioned - NBCTF,Sanctioned - NBCTF,2025-10-16
TDHJNJHosn6xNDxMecFZwXyTzE9bYGXp9L,tron,USDT,sanctions_listed,Sanctioned - OFAC,Sanctioned - OFAC,2026-07-01
TDJ5yNt7JbG4h8qH7pKMcd8A7F9Zckhmhr,tron,USDT,sanctions_listed,Sanctioned - NBCTF,Sanctioned - NBCTF,2025-09-22
TDJbBymp1E7qr7wFSdo1c8SUbxLH9pkpag,tron,USDT,sanctions_listed,Sanctioned - NBCTF,Sanctioned - NBCTF,2025-09-22
TDL3nhKuBZtL119XQzdGPdmF6ipiychsF7,tron,USDT,sanctions_listed,Sanctioned - NBCTF,Sanctioned - NBCTF,2026-01-29
TDNKsLvsY2iSznyghddXz7ZDRc4X3191Z8,tron,USDT,sanctions_listed,Sanctioned - OFAC,Sanctioned - OFAC,2025-04-30
TDQ4r4Fw1yqXWfFqFtwVFK3G367wZvhqag,tron,USDT,sanctions_listed,Sanctioned - NBCTF,Sanctioned - NBCTF,2026-06-11
TDSGtCciE9yFKYzDj1kBBc3F7gosguDqwC,tron,USDT,sanctions_listed,Sanctioned - OFAC,Sanctioned - OFAC,2026-07-01
TDSRXbcKaTNvSiqYUaP8m5cVUtU7rSbfy7,tron,USDT,sanctions_listed,Sanctioned - NBCTF,Sanctioned - NBCTF,2024-03-08
TDU61o35UEe5hdB3R16c116DrPSV4kiyKz,tron,USDT,sanctions_listed,Sanctioned - OFAC,Sanctioned - OFAC,2026-09-08
TDX3dFNPvJeA9eVLLNqf1ixr4U2ktcDmoD,tron,USDT,sanctions_listed,Sanctioned - OFAC,Sanctioned - OFAC,2026-07-01
TDX3tFFdWFwhBP7Cf5gJRpADpUNxQsys6m,tron,USDT,sanctions_listed,Sanctioned - NBCTF,Sanctioned - NBCTF,2026-05-06
TDXBEozXRJy7eBYNCoqrDMRCx5QBN4jCCt,tron,USDT,sanctions_listed,Sanctioned - OFAC,Sanctioned - OFAC,2026-07-01
TDdbRFoBTEmE3qiR69Y6rKRSG1hoF65QaE,tron,USDT,sanctions_listed,Sanctioned - OFAC,Sanctioned - OFAC,2024-12-04
TDe2UNAvuUnTbbDo7518eMe3TXN5qJW8Ft,tron,USDT,sanctions_listed,Sanctioned - OFAC,Sanctioned - OFAC,2026-03-12
TDhjPZsnFuvFa5th7xmEaChoof2HV4Gd99,tron,USDT,sanctions_listed,Sanctioned - NBCTF,Sanctioned - NBCTF,2025-01-28
TDhtVUnmYwWfzWVrnzryr3fbQo8VTvj4ji,tron,USDT,sanctions_listed,Sanctioned - OFAC,Sanctioned - OFAC,2026-07-01
TDi9s3GeAtFBbUvGxqXiZnxiaH9QpqjYFn,tron,USDT,sanctions_listed,Sanctioned - OFAC,Sanctioned - OFAC,2026-07-01
TDkMsYLnoGCd4xsuEsFrHP6i3B32xXujRv,tron,USDT,sanctions_listed,Sanctioned - NBCTF,Sanctioned - NBCTF,2026-01-15
TDnytyeHuRrpQ2wbpDot8io92bHs78XrMv,tron,USDT,sanctions_listed,Sanctioned - NBCTF,Sanctioned - NBCTF,2026-05-06
TDprk9jeYPVm6khkBp1u7fwuyJcEJFrPWD,tron,USDT,sanctions_listed,Sanctioned - OFAC,Sanctioned - OFAC,2025-04-02
TDwN1Eq62bqvVhfGAjdRRJjE46jsi5KNMV,tron,USDT,sanctions_listed,Sanctioned - OFAC,Sanctioned - OFAC,2025-04-02
TDwxqs6Nn62mic4UPRaKzW6JUKM5wDW3WY,tron,USDT,sanctions_listed,Sanctioned - NBCTF,Sanctioned - NBCTF,2024-03-09
TDxXXmCELgrb5VwYobDMyTKVTTdY9LjEjx,tron,USDT,sanctions_listed,Sanctioned - OFAC,Sanctioned - OFAC,2026-07-01
TE1ujDVmVuZgdBBedVjUYSqYgQfxkxoCid,tron,USDT,sanctions_listed,Sanctioned - NBCTF,Sanctioned - NBCTF,2025-09-22
TE3mCcPULjPUE7ykX7RArDPAhyahoy3d2j,tron,USDT,sanctions_listed,Sanctioned - OFAC,Sanctioned - OFAC,2025-04-30
TE5R3hJ6REap6vh14YAqjXczKrYaiteTy3,tron,USDT,sanctions_listed,Sanctioned - OFAC,Sanctioned - OFAC,2026-07-01
TE5paMkU1hPr8BdjkSJLvEyUBxjKKSx1H6,tron,USDT,sanctions_listed,Sanctioned - OFAC,Sanctioned - OFAC,2026-07-01
TE62WpuYZqfpcTjS3yTjCkJmPQvvpVYtfQ,tron,USDT,sanctions_listed,Sanctioned - NBCTF,Sanctioned - NBCTF,2025-01-28
TE6VgR7rAuY4kuzCjdSVCZFXPjjzSQYY7X,tron,USDT,sanctions_listed,Sanctioned - OFAC,Sanctioned - OFAC,2026-07-01
TEAqwfMhXLaomXhZ8KeMhx3njGmQEDnsUR,tron,USDT,sanctions_listed,Sanctioned - OFAC,Sanctioned - OFAC,2023-12-09
TEAzmGvAA6dWAh9nM8mnbMX4YgVi41SEob,tron,USDT,sanctions_listed,Sanctioned - NBCTF,Sanctioned - NBCTF,2025-09-22
TEBHpD6iiAqhyS4w7zZFmD1rrv65a5HVTD,tron,USDT,sanctions_listed,Sanctioned - OFAC,Sanctioned - OFAC,2026-07-01
TEECjwHqVG8sDmM3VtscjuCaRe5p351MU7,tron,USDT,sanctions_listed,Sanctioned - OFAC,Sanctioned - OFAC,2026-09-08
TEEYCuGDyeNkuDj4u6GQRXxXo3Nh29r2vP,tron,USDT,sanctions_listed,Sanctioned - OFAC,Sanctioned - OFAC,2026-03-12
TEFph7dZoUN5233cGEzF6XFwRpjPF8fQDS,tron,USDT,sanctions_listed,Sanctioned - OFAC,Sanctioned - OFAC,2024-03-20
TEHamYhtfqZgxoHDXFJ7WyzvmuxuuJ8Jn6,tron,USDT,sanctions_listed,Sanctioned - NBCTF,Sanctioned - NBCTF,2025-10-16
TEKNPveQfoWTMJ5a6EuEaDhZRyrE5tLknh,tron,USDT,sanctions_listed,Sanctioned - NBCTF,Sanctioned - NBCTF,2025-09-22
TEKWVjLfq6RzJYSX9Ehrg7CNhTFP23ptZV,tron,USDT,sanctions_listed,Sanctioned - NBCTF,Sanctioned - NBCTF,2025-07-02
TEKeY9i4CcVySJMmhuh2AxZhtgTmugYUMW,tron,USDT,sanctions_listed,Sanctioned - OFAC,Sanctioned - OFAC,2026-07-01
TER8k4zWt3byuHyvyBkLstz3QVUUuBs9pt,tron,USDT,sanctions_listed,Sanctioned - OFAC,Sanctioned - OFAC,2026-07-01
TETZBHSy22wSaufVE1GhNBiDdTYGBJ6aZk,tron,USDT,sanctions_listed,Sanctioned - NBCTF,Sanctioned - NBCTF,2026-05-06
TETfViHWf9ZNB6WJgZBRMB48pTaBFo5Rmd,tron,USDT,sanctions_listed,Sanctioned - OFAC,Sanctioned - OFAC,2026-07-01
TETrtoDwVNUT2KEoTWSGzs2QEs2q9HZfEC,tron,USDT,sanctions_listed,Sanctioned - NBCTF,Sanctioned - NBCTF,2026-06-05
TEUk9cTheXr1CoVgcVqc5j8ifAzmHkxJai,tron,USDT,sanctions_listed,Sanctioned - NBCTF,Sanctioned - NBCTF,2024-03-09
TEUxFqcaFNfbQ7DfLiBPa8sBc14LdySAic,tron,USDT,sanctions_listed,Sanctioned - NBCTF,Sanctioned - NBCTF,2023-09-21
TEX2r8REzxQ9UvXCbzx2wkHfE6Vu7nDwte,tron,USDT,sanctions_listed,Sanctioned - NBCTF,Sanctioned - NBCTF,2024-03-09
TEXsD49JGEaM8qgBX77Xuq3wxMKiAyWHNX,tron,USDT,sanctions_listed,Sanctioned - NBCTF,Sanctioned - NBCTF,2025-07-02
TEYJaG5RcYQv2NAAob4cRLYG7gDmb3p3Au,tron,USDT,sanctions_listed,Sanctioned - NBCTF,Sanctioned - NBCTF,2024-03-08
TEjuob2Vyx7Z7x2AocFq86td15LuK1twww,tron,USDT,sanctions_listed,Sanctioned - NBCTF,Sanctioned - NBCTF,2025-11-14
TEpN1gvTEYx9Wx9hLKo4NkreQ1qmSLpxWY,tron,USDT,sanctions_listed,Sanctioned - NBCTF,Sanctioned - NBCTF,2025-09-22
TEqaZXk95Lubsc1WTksbdXK6bJr3jWabgr,tron,USDT,sanctions_listed,Sanctioned - NBCTF,Sanctioned - NBCTF,2024-03-08
TEsxMcVocweTM82Mdmc5diKC6qyCWqSpPv,tron,USDT,sanctions_listed,Sanctioned - OFAC,Sanctioned - OFAC,2026-08-24
TEtJTCuFEzY6jjVNzFtbWGMfrHzfE2aGKU,tron,USDT,sanctions_listed,Sanctioned - NBCTF,Sanctioned - NBCTF,2026-05-06
TEtLieZwyjJTth7S5EJqUNjtSbM1ui9toK,tron,USDT,sanctions_listed,Sanctioned - OFAC,Sanctioned - OFAC,2026-07-01
TF3S5yt9kXtnsGWPgiFjZ1LQjLsGmWzTgD,tron,USDT,sanctions_listed,Sanctioned - NBCTF,Sanctioned - NBCTF,2025-09-22
TF3m1GQe7Q9ThUVZUEmtrABgDdgQ2YU66U,tron,USDT,sanctions_listed,Sanctioned - NBCTF,Sanctioned - NBCTF,2025-09-22
TF4J8Gp7zbS8NA3HLuxsLdx7Ebzr6weCGn,tron,USDT,sanctions_listed,Sanctioned - OFAC,Sanctioned - OFAC,2025-05-08
TF7LUSoZQyDFxTFzCL11saBHAqMAyPh8dK,tron,USDT,sanctions_listed,Sanctioned - OFAC,Sanctioned - OFAC,2026-09-08
TF8LXVdwHa7qYFvVB2A987gNpELFYDy6JG,tron,USDT,sanctions_listed,Sanctioned - NBCTF,Sanctioned - NBCTF,2025-09-22
TFBmQceiPDgV6xPu9YYYYUDhWybr4VGSbf,tron,USDT,sanctions_listed,Sanctioned - NBCTF,Sanctioned - NBCTF,2025-01-28
TFCp259dub78xSb4v4C8XuLgN86TMi5QK6,tron,USDT,sanctions_listed,Sanctioned - NBCTF,Sanctioned - NBCTF,2026-06-16
TFFvv7NAWmbcVfA7QN81mMvUC25TWj1WJx,tron,USDT,sanctions_listed,Sanctioned - OFAC,Sanctioned - OFAC,2024-12-19
TFN7JmAAqoLruN4v5p6mqBB7cDzXynogC8,tron,USDT,sanctions_listed,Sanctioned - NBCTF,Sanctioned - NBCTF,2025-09-22
TFQZpueb99fwRtKTa9NwRCjLyqiCP3MGHM,tron,USDT,sanctions_listed,Sanctioned - NBCTF,Sanctioned - NBCTF,2024-03-09
TFS2LHNcrffdAVRHpDUpNvnmCHs78cSNbz,tron,USDT,sanctions_listed,Sanctioned - OFAC,Sanctioned - OFAC,2026-07-01
TFS7HvL8Y7zWoSR6FroD9SGiKCpWTZLLLX,tron,USDT,sanctions_listed,Sanctioned - NBCTF,Sanctioned - NBCTF,2026-05-06
TFSbeTdmykTh7N6ZjuRfcC8Sg5wxe8c1z5,tron,USDT,sanctions_listed,Sanctioned - NBCTF,Sanctioned - NBCTF,2026-01-15
TFWTGjvwu1eziL9W4oSu7Jd6rxk4av7UNm,tron,USDT,sanctions_listed,Sanctioned - NBCTF,Sanctioned - NBCTF,2024-03-09
TFXGYjZhsTLXz6ncMxkVQfwdpJG5LoHcvZ,tron,USDT,sanctions_listed,Sanctioned - NBCTF,Sanctioned - NBCTF,2025-05-08
TFbLHQrZpQyosBTKPeXjydvsav7EnpWb3y,tron,USDT,sanctions_listed,Sanctioned - NBCTF,Sanctioned - NBCTF,2025-11-19
TFbQwFuFfuEjkTdR217kJdz9F8XugLx4oZ,tron,USDT,sanctions_listed,Sanctioned - NBCTF,Sanctioned - NBCTF,2025-09-22
TFdHux43bs21qRsygv5WQWfgtbQeT6nXey,tron,USDT,sanctions_listed,Sanctioned - OFAC,Sanctioned - OFAC,2025-11-04
TFdTr9C3BqQrzKBXqSxJfAZFTh8UwBAfSg,tron,USDT,sanctions_listed,Sanctioned - OFAC,Sanctioned - OFAC,2024-05-02
TFebC149jCDiow1MBphhfpHDLeMAKRNrqJ,tron,USDT,sanctions_listed,Sanctioned - OFAC,Sanctioned - OFAC,2026-07-01
TFh7Z4qmdiT7opAYYLmNVXQJtVCkAtg7Zh,tron,USDT,sanctions_listed,Sanctioned - OFAC,Sanctioned - OFAC,2026-07-01
TFjXKz7qmPgr5F4tC6WuamLeMzDhX4yC55,tron,USDT,sanctions_listed,Sanctioned - NBCTF,Sanctioned - NBCTF,2024-03-08
TFmvU7aWd9ML9oMYyHd1tRyBRA5jZWA8aJ,tron,USDT,sanctions_listed,Sanctioned - NBCTF,Sanctioned - NBCTF,2025-09-22
TFnjSRvo2m24gMQGW7XXqaUJF52474ukM9,tron,USDT,sanctions_listed,Sanctioned - NBCTF,Sanctioned - NBCTF,2026-02-08
TFp7dB2DffiBzfoVTynjVFqShBS7Z7wX3r,tron,USDT,sanctions_listed,Sanctioned - NBCTF,Sanctioned - NBCTF,2025-01-28
TFqo5f16FJfSKesPxtGN4VN5HNZJebqMQX,tron,USDT,sanctions_listed,Sanctioned - OFAC,Sanctioned - OFAC,2026-07-01
TFrH3dcpnR3tADrAcfyJwiK4brsgf3B7PG,tron,USDT,sanctions_listed,Sanctioned - OFAC,Sanctioned - OFAC,2025-05-08
TFtz6Ae6NNo9VvhnVrj6V1RyEFMtZQMh3r,tron,USDT,sanctions_listed,Sanctioned - OFAC,Sanctioned - OFAC,2026-07-02
TFurWgnyNMq9bhLrLoT9FGnrLfAL2BtR5R,tron,USDT,sanctions_listed,Sanctioned - OFAC,Sanctioned - OFAC,2026-06-07
TFwjPScaJRCbSWVAywE1S1WgaUgSnyYUbD,tron,USDT,sanctions_listed,Sanctioned - OFAC,Sanctioned - OFAC,2026-06-07
TG1xjFTUFYeDHQxvKoCUo7fZ9t6nxd1iys,tron,USDT,sanctions_listed,Sanctioned - NBCTF,Sanctioned - NBCTF,2024-03-09
TG4YsqEynLqov2AR5gsL6MwnP6H4cs2YNM,tron,USDT,sanctions_listed,Sanctioned - NBCTF,Sanctioned - NBCTF,2025-09-22
TG7YAAmZ5ALicdhuxKoE3DqnuBPj2zgG1Q,tron,USDT,sanctions_listed,Sanctioned - NBCTF,Sanctioned - NBCTF,2026-05-06
TG83Fk56S2mycAUMYHZyZp9wMg6DCf4bUn,tron,USDT,sanctions_listed,Sanctioned - OFAC,Sanctioned - OFAC,2026-09-08
TGAK3vZPVK5jp1wrmUu6KpaV74VKezMVxV,tron,USDT,sanctions_listed,Sanctioned - NBCTF,Sanctioned - NBCTF,2025-01-28
TGBWewkqdGPa1AuLrSF3bBGh8nZzBC7QET,tron,USDT,sanctions_listed,Sanctioned - NBCTF,Sanctioned - NBCTF,2025-09-30
TGBYT9Kfs7Za2yWf2TCka5kZq942tKPUAq,tron,USDT,sanctions_listed,Sanctioned - NBCTF,Sanctioned - NBCTF,2026-05-06
TGD31KmBo2ZoTC53abxYKzt8YEjyT5b4qU,tron,USDT,sanctions_listed,Sanctioned - NBCTF,Sanctioned - NBCTF,2025-10-16
TGDaYNWFXi9HJ7NacfETF15vhUH7eRhKzt,tron,USDT,sanctions_listed,Sanctioned - OFAC,Sanctioned - OFAC,2025-04-30
TGHP4NnEfAtn7aKUshq6ERZNisW5muUVHm,tron,USDT,sanctions_listed,Sanctioned - NBCTF,Sanctioned - NBCTF,2024-03-09
TGJmdXUt5mJW8RbM2LEWQdnyMwwF98Xw53,tron,USDT,sanctions_listed,Sanctioned - NBCTF,Sanctioned - NBCTF,2025-09-22
TGKgLatirRpTugS6wgCUKerjLbzWKXAVqx,tron,USDT,sanctions_listed,Sanctioned - OFAC,Sanctioned - OFAC,2025-11-04
TGLrjZc9c48iMFB4ZmDnSjSRMq27MXPg2k,tron,USDT,sanctions_listed,Sanctioned - OFAC,Sanctioned - OFAC,2026-07-01
TGLxkBZExSRbQex16kBCaPFFxzp5f7bojD,tron,USDT,sanctions_listed,Sanctioned - NBCTF,Sanctioned - NBCTF,2025-09-22
TGMFaAXH15oaW8MpcNHLid6NbMKWaaNPdC,tron,USDT,sanctions_listed,Sanctioned - OFAC,Sanctioned - OFAC,2025-11-04
TGNwKzHjYvYP2SwsrmCYrRRvCRdxQgLq1w,tron,USDT,sanctions_listed,Sanctioned - OFAC,Sanctioned - OFAC,2026-07-01
TGPpUijtVSBBq9e1yKKkx2N84YKmZEAjsc,tron,USDT,sanctions_listed,Sanctioned - NBCTF,Sanctioned - NBCTF,2025-09-22
TGRZZsD8gxahF5oE6C7K8LLRHqQzoPa5bX,tron,USDT,sanctions_listed,Sanctioned - OFAC,Sanctioned - OFAC,2025-11-04
TGRdYen9qbfZGRDtvpGF7XGCYYWfpCPrQj,tron,USDT,sanctions_listed,Sanctioned - NBCTF,Sanctioned - NBCTF,2025-03-21
TGS7VL1sHwGnufrQA42GhqHntwcyfNfdt3,tron,USDT,sanctions_listed,Sanctioned - NBCTF,Sanctioned - NBCTF,2026-05-06
TGSGw4aUeAMNCfD8WqLRLe8ErQiJ1vqghj,tron,USDT,sanctions_listed,Sanctioned - OFAC,Sanctioned - OFAC,2026-09-08
TGSv6fGeiZbWA1jBdsgkGLumtqp4wFXxzq,tron,USDT,sanctions_listed,Sanctioned - NBCTF,Sanctioned - NBCTF,2026-05-06
TGUPpmW2bAnMCLe5ih2CFisfCHk4gTFDsx,tron,USDT,sanctions_listed,Sanctioned - OFAC,Sanctioned - OFAC,2024-12-10
TGXE9dGWawjfd3xqFSho1h1bRbRv9wUGrF,tron,USDT,sanctions_listed,Sanctioned - OFAC,Sanctioned - OFAC,2026-03-12
TGbvpVjCXgnndy5AHk2C88FXYZ3TkM4qpB,tron,USDT,sanctions_listed,Sanctioned - NBCTF,Sanctioned - NBCTF,2025-01-28
TGcewGsDLy7Fzc66kXXEB8Kh2b6u2XCvnV,tron,USDT,sanctions_listed,Sanctioned - OFAC,Sanctioned - OFAC,2026-09-08
TGckaiamj5NzaYx6Qp6Zu7kahuHArzUo99,tron,USDT,sanctions_listed,Sanctioned - OFAC,Sanctioned - OFAC,2025-08-14
TGdpkwNVFjw2DnbHBCFKLvCygPVPz9w4iM,tron,USDT,sanctions_listed,Sanctioned - OFAC,Sanctioned - OFAC,2025-05-08
TGeuSGHW9igupDXhbvgxCJv8DEwDBVLx95,tron,USDT,sanctions_listed,Sanctioned - NBCTF,Sanctioned - NBCTF,2025-11-19
TGjYoJLhfAiD2BRV9hwCeuHhZ54D3gLKTd,tron,USDT,sanctions_listed,Sanctioned - OFAC,Sanctioned - OFAC,2026-09-08
TGkBb7VadtbioP3XNAFJaL5SKqyx2Ws8Ua,tron,USDT,sanctions_listed,Sanctioned - NBCTF,Sanctioned - NBCTF,2025-01-28
TGmw6hyZ7fw4ySZji5QmjKVJWXFP8Kmddw,tron,USDT,sanctions_listed,Sanctioned - NBCTF,Sanctioned - NBCTF,2024-03-09
TGnoSpHyFj3sKDaGZ9BxW7mrEjPxCFuSAd,tron,USDT,sanctions_listed,Sanctioned - NBCTF,Sanctioned - NBCTF,2026-06-11
TGpNzk9noyvCCdnFPuSg5cqptPs16LjXZq,tron,USDT,sanctions_listed,Sanctioned - OFAC,Sanctioned - OFAC,2025-05-08
TGpQhSUmZtABALaGH3fJMAob2rmZC9GWHT,tron,USDT,sanctions_listed,Sanctioned - NBCTF,Sanctioned - NBCTF,2025-01-28
TGr2i8ZQiiMRjP3mWyQUH2MQBfKu8GJNqm,tron,USDT,sanctions_listed,Sanctioned - OFAC,Sanctioned - OFAC,2026-07-23
TGtpnHgW8gcfzRj1NEkLXR9AbN8WWLdJ2p,tron,USDT,sanctions_listed,Sanctioned - NBCTF,Sanctioned - NBCTF,2025-12-15
TGu8xk3u1QcA9FNCQZ4RUTvniiCjNkjXkA,tron,USDT,sanctions_listed,Sanctioned - OFAC,Sanctioned - OFAC,2026-09-08
TGxvrUSFUCHfzbgyMrDGswEeS8zQPLoLhm,tron,USDT,sanctions_listed,Sanctioned - NBCTF,Sanctioned - NBCTF,2026-02-11
TGyqSiNR8F4g7HCj9p8s9dYjZ3UuYnDcnx,tron,USDT,sanctions_listed,Sanctioned - NBCTF,Sanctioned - NBCTF,2025-09-22
TGz6F8TkTAoKVv7mTsNx6AqMn1m7hy27cn,tron,USDT,sanctions_listed,Sanctioned - NBCTF,Sanctioned - NBCTF,2025-09-22
TH1yknksde3pBY3oWVhUxVTbWbLqdafqYT,tron,USDT,sanctions_listed,Sanctioned - OFAC,Sanctioned - OFAC,2026-09-08
TH4NmdWvhUf8hnFGEiXkFwz7sALdDEriKS,tron,USDT,sanctions_listed,Sanctioned - NBCTF,Sanctioned - NBCTF,2026-01-29
TH5KvTTp6mFPUMfPjDNcWi6mwuHHLm4zP8,tron,USDT,sanctions_listed,Sanctioned - NBCTF,Sanctioned - NBCTF,2025-09-22
TH5n49Vv8DoR1WUPbwYVaDUTHa8vPspW6D,tron,USDT,sanctions_listed,Sanctioned - NBCTF,Sanctioned - NBCTF,2025-07-02
TH6wGjJZyiuHBhwv8rehAaDSER78DjPVQ8,tron,USDT,sanctions_listed,Sanctioned - NBCTF,Sanctioned - NBCTF,2025-01-28
TH7g1pPBVZMEg5etNLUxma8B55cSTD36JK,tron,USDT,sanctions_listed,Sanctioned - NBCTF,Sanctioned - NBCTF,2025-05-26
TH8d32LzX7oJ5Fj8egzPKToMQ6VtjoodDd,tron,USDT,sanctions_listed,Sanctioned - NBCTF,Sanctioned - NBCTF,2024-03-09
TH8jDYE73k8dxseNYvAtcjM7UmwQva7vsX,tron,USDT,sanctions_listed,Sanctioned - NBCTF,Sanctioned - NBCTF,2026-06-16
TH96tFMn8KGiYSLiwcV3E2UiaJc8jmcbz3,tron,USDT,sanctions_listed,Sanctioned - OFAC,Sanctioned - OFAC,2023-10-12
THBPKbkuVSxNG7cq8bAvicrTm2YpMMZVKQ,tron,USDT,sanctions_listed,Sanctioned - NBCTF,Sanctioned - NBCTF,2026-05-06
THCVcSevbe2XmhfSfeDAHEE7UUoZTQAD9a,tron,USDT,sanctions_listed,Sanctioned - NBCTF,Sanctioned - NBCTF,2025-09-22
THE5jhvwdpKDcgbkN4QAQntzsrQV6Ysz9J,tron,USDT,sanctions_listed,Sanctioned - NBCTF,Sanctioned - NBCTF,2025-09-22
THEQTsqPhRDDfgcfBW5npH5Lr9PZhpthrf,tron,USDT,sanctions_listed,Sanctioned - OFAC,Sanctioned - OFAC,2025-11-04
THH9JJNbLDN7qs1CyTxJQEjhC9y5FnZUhU,tron,USDT,sanctions_listed,Sanctioned - OFAC,Sanctioned - OFAC,2026-09-08
THHb5iMAbZgQYY19h6uY66y5xt6e11gcZC,tron,USDT,sanctions_listed,Sanctioned - OFAC,Sanctioned - OFAC,2025-04-30
THJUJFyTnrBWb1ijWav7qfRBrjUuKgP49Z,tron,USDT,sanctions_listed,Sanctioned - OFAC,Sanctioned - OFAC,2026-07-23
THJzb441bQFKCabk7kJzojSbYZrCb5XLhT,tron,USDT,sanctions_listed,Sanctioned - NBCTF,Sanctioned - NBCTF,2026-06-11
THL7VtZrHia3fm4UqycAUC8JwodjSqBVxx,tron,USDT,sanctions_listed,Sanctioned - NBCTF,Sanctioned - NBCTF,2026-05-06
THNdB4SiwNGibexaigr4YYTZzFRXZGAAox,tron,USDT,sanctions_listed,Sanctioned - NBCTF,Sanctioned - NBCTF,2026-05-06
THPfLwEGvHVgRzi7EMnviAFy5WG1feDH1p,tron,USDT,sanctions_listed,Sanctioned - OFAC,Sanctioned - OFAC,2026-07-01
THPopY1MtT3Hsd7YRN8JHNpZDWUAqDQBYm,tron,USDT,sanctions_listed,Sanctioned - NBCTF,Sanctioned - NBCTF,2026-05-06
THUqqeevBQS3EYordDJKwp8DLFknesnfCD,tron,USDT,sanctions_listed,Sanctioned - OFAC,Sanctioned - OFAC,2025-11-04
THWqUCjzAvCkGbLVEmiGz1CgKKEdqinc9Y,tron,USDT,sanctions_listed,Sanctioned - NBCTF,Sanctioned - NBCTF,2026-01-29
THZCWkEbURJcbDLDu6cdDCVma3cihGoHEo,tron,USDT,sanctions_listed,Sanctioned - NBCTF,Sanctioned - NBCTF,2024-03-08
THaUuZZ6PMHnLong9GTnpNFi6BGo5BaAmt,tron,USDT,sanctions_listed,Sanctioned - NBCTF,Sanctioned - NBCTF,2025-05-08
THfLaNMBAMz7xXnHoz5BkRMmrwuHKqfAfR,tron,USDT,sanctions_listed,Sanctioned - OFAC,Sanctioned - OFAC,2026-07-01
THfub6BYvY3hFXanX3LZgm3wyHVXCJaVWg,tron,USDT,sanctions_listed,Sanctioned - NBCTF,Sanctioned - NBCTF,2025-09-22
THh5woR8qfmDsNknQ3agPYzQSiRtMnKsTh,tron,USDT,sanctions_listed,Sanctioned - OFAC,Sanctioned - OFAC,2024-12-19
THhW2G5mBwo4TJ6SXEep1a8wJPPQs3KaFS,tron,USDT,sanctions_listed,Sanctioned - NBCTF,Sanctioned - NBCTF,2026-06-11
THi8LEDyNWVtLMqy26HyTPoLeKLGNnibKn,tron,USDT,sanctions_listed,Sanctioned - NBCTF,Sanctioned - NBCTF,2025-07-02
THifikwE6RtxYNWdcP9CWUjXS8Gh1xBCoa,tron,USDT,sanctions_listed,Sanctioned - OFAC,Sanctioned - OFAC,2026-09-08
THntLx9amh5AuAQjXVb3EETRULqFJiyX36,tron,USDT,sanctions_listed,Sanctioned - NBCTF,Sanctioned - NBCTF,2025-09-22
THob8vRrpDybXeqZDj8ukQhMjJVJ5nCbTW,tron,USDT,sanctions_listed,Sanctioned - OFAC,Sanctioned - OFAC,2025-04-30
THs7n6AhwHsPXbuCkQSMjG9Q965wfQBgbS,tron,USDT,sanctions_listed,Sanctioned - NBCTF,Sanctioned - NBCTF,2024-03-08
THsDNnJVGsEX2qh7PtWydL7wRfMprA54my,tron,USDT,sanctions_listed,Sanctioned - NBCTF,Sanctioned - NBCTF,2025-11-19
THsPCpqBmmi8CzMWvQ1Zw7cMZaJ77hnmVW,tron,USDT,sanctions_listed,Sanctioned - NBCTF,Sanctioned - NBCTF,2026-05-06
THstQuwNidzC4YeJ7uPowf55ZdVZtGcHJ5,tron,USDT,sanctions_listed,Sanctioned - OFAC,Sanctioned - OFAC,2026-07-01
THuvw2pY2GSBmDewHKzahQum2yUWHJeJKh,tron,USDT,sanctions_listed,Sanctioned - NBCTF,Sanctioned - NBCTF,2026-05-06
THwBTFLnm1AE21jK5Vxn7ZQcbwSeJYsXgr,tron,USDT,sanctions_listed,Sanctioned - NBCTF,Sanctioned - NBCTF,2025-09-22
TJ3xvNzC7h1VkRNig1v5vZYeM5TR3SwhhK,tron,USDT,sanctions_listed,Sanctioned - NBCTF,Sanctioned - NBCTF,2026-08-22
TJ4WNKttXS4RKkCS8whtGTTETSjLY2v6Nu,tron,USDT,sanctions_listed,Sanctioned - NBCTF,Sanctioned - NBCTF,2025-09-22
TJ6NznpBV5uUpp5uZGDub9zD1999999999,tron,USDT,sanctions_listed,Sanctioned - OFAC,Sanctioned - OFAC,2026-09-08
TJ812KESWjzJZGEWBPFCu74Js5zQS7jN5A,tron,USDT,sanctions_listed,Sanctioned - OFAC,Sanctioned - OFAC,2025-04-30
TJ8MRj19a6BEM5zHUjkaDgLer3tJtg7GtA,tron,USDT,sanctions_listed,Sanctioned - NBCTF,Sanctioned - NBCTF,2025-09-22
TJAcz547H7FTGCQrgkbtHib5h8f5gR2kuc,tron,USDT,sanctions_listed,Sanctioned - NBCTF,Sanctioned - NBCTF,2026-05-06
TJBg9SxwiUUoqJGk18vK9avxkuV8GrKMK7,tron,USDT,sanctions_listed,Sanctioned - OFAC,Sanctioned - OFAC,2025-04-30
TJCBpxZ3yC7C7oegSRZMFxBcscmUVeSA36,tron,USDT,sanctions_listed,Sanctioned - OFAC,Sanctioned - OFAC,2026-08-24
TJCUwt9EKeTyzDw42658h8aYxQXScLdCZR,tron,USDT,sanctions_listed,Sanctioned - OFAC,Sanctioned - OFAC,2026-07-01
TJFA3AqnkgM55rvRCpZgy7fb4MX7UjyHrh,tron,USDT,sanctions_listed,Sanctioned - NBCTF,Sanctioned - NBCTF,2024-11-25
TJGVHmHVNuU1vsXGGALLoirPwoRZoMUuhg,tron,USDT,sanctions_listed,Sanctioned - OFAC,Sanctioned - OFAC,2026-07-01
TJSUmTC6Jfyim9wSmrUPNPxJxnJXsGpvCU,tron,USDT,sanctions_listed,Sanctioned - NBCTF,Sanctioned - NBCTF,2024-03-09
TJTfTa6xh2gStckJ3RjEiNYfg8Dosd9GjW,tron,USDT,sanctions_listed,Sanctioned - NBCTF,Sanctioned - NBCTF,2026-06-16
TJZnMKRAXWqhewxDUGvsfaoe8exUjHPwA6,tron,USDT,sanctions_listed,Sanctioned - NBCTF,Sanctioned - NBCTF,2026-05-06
TJcJShpC4iP4fHw7MtxcAgM2puWvgBLusj,tron,USDT,sanctions_listed,Sanctioned - NBCTF,Sanctioned - NBCTF,2025-11-14
TJd9M5KxZYadNVsGWBhHCvz613xJXeoNhk,tron,USDT,sanctions_listed,Sanctioned - NBCTF,Sanctioned - NBCTF,2025-09-22
TJdX83eW28zoiFgD3AH5WHN4k8XKBzY6JP,tron,USDT,sanctions_listed,Sanctioned - NBCTF,Sanctioned - NBCTF,2024-03-09
TJkBr9TZ1xBeJoF7RNWqyEMbYqVJ6fXXHR,tron,USDT,sanctions_listed,Sanctioned - OFAC,Sanctioned - OFAC,2025-08-14
TJn6CpB4gKh6xeXWC2P9fUdgodVbEeJkNG,tron,USDT,sanctions_listed,Sanctioned - NBCTF,Sanctioned - NBCTF,2025-09-22
TJqPocniAs5fyauqLgmRJXdKdfgFGjMTRA,tron,USDT,sanctions_listed,Sanctioned - NBCTF,Sanctioned - NBCTF,2023-06-01
TJqh7J9MnPMSG6cotxBYUsNdQ6eufk8W32,tron,USDT,sanctions_listed,Sanctioned - NBCTF,Sanctioned - NBCTF,2026-05-06
TJt2DZfVsSAK669i4euZ1ybvPX66tUGmTb,tron,USDT,sanctions_listed,Sanctioned - NBCTF,Sanctioned - NBCTF,2025-09-22
TK17wfSPp32RWrnzZPrGpv7TxdNFvvvE2s,tron,USDT,sanctions_listed,Sanctioned - OFAC,Sanctioned - OFAC,2026-03-12
TK1FfgAzqqNiht6AAbJ9gw3na6qTxT95Q1,tron,USDT,sanctions_listed,Sanctioned - NBCTF,Sanctioned - NBCTF,2025-09-22
TK24dkq4AbwQBh8bwtJuLa2embZv3hGyFf,tron,USDT,sanctions_listed,Sanctioned - NBCTF,Sanctioned - NBCTF,2025-06-15
TK2qsXyDvRiCtgDvxeC6ndkqY1zhPYG8aa,tron,USDT,sanctions_listed,Sanctioned - NBCTF,Sanctioned - NBCTF,2025-09-22
TK3JvoD28HYBz3drnqCafMYpBVgt3N9PT2,tron,USDT,sanctions_listed,Sanctioned - NBCTF,Sanctioned - NBCTF,2025-09-22
TK3n8pGHvDTcK53mpfeDAMzdwjb22qvFU3,tron,USDT,sanctions_listed,Sanctioned - OFAC,Sanctioned - OFAC,2026-09-08
TK4c76dEE6whmEw3yu57YmkMPGD8qacagX,tron,USDT,sanctions_listed,Sanctioned - NBCTF,Sanctioned - NBCTF,2024-03-08
TK6eMp7DKr1YdA282HmdyvDKMbn6qvRVvP,tron,USDT,sanctions_listed,Sanctioned - NBCTF,Sanctioned - NBCTF,2025-09-22
TK79mQthuumJCGf9Ua4mWUUgBRS1hNBKdn,tron,USDT,sanctions_listed,Sanctioned - NBCTF,Sanctioned - NBCTF,2025-09-22
TK7HUNru8YLMz7vv8kzWRPrE2ZSgZeCaHV,tron,USDT,sanctions_listed,Sanctioned - OFAC,Sanctioned - OFAC,2026-07-01
TK8qQuPSCeQx6AKuqHLX4xycSVFNXGVWQy,tron,USDT,sanctions_listed,Sanctioned - NBCTF,Sanctioned - NBCTF,2026-05-06
TKBmWXPYm4WPedvcBMEqNVEt7EbK3qWeXB,tron,USDT,sanctions_listed,Sanctioned - NBCTF,Sanctioned - NBCTF,2024-03-08
TKFmsWwzDk8vqnKx3BQ9DJxa4dQqbpPQg6,tron,USDT,sanctions_listed,Sanctioned - NBCTF,Sanctioned - NBCTF,2025-05-26
TKGvt5Rxp7CvZKkd7mjiL4cjqNkqzyQqFR,tron,USDT,sanctions_listed,Sanctioned - NBCTF,Sanctioned - NBCTF,2025-09-22
TKJ3bK3NpLpSffjjfzE5akirddBLxgXVRT,tron,USDT,sanctions_listed,Sanctioned - NBCTF,Sanctioned - NBCTF,2025-09-22
TKKZae3ztkg1wUK8qLxAN1ReVjQPRjtVCi,tron,USDT,sanctions_listed,Sanctioned - NBCTF,Sanctioned - NBCTF,2025-09-22
TKMN7w6fvxgMqHVLrDtpBSPRhNagUni9Rd,tron,USDT,sanctions_listed,Sanctioned - NBCTF,Sanctioned - NBCTF,2025-09-22
TKMWbz1VsE7zBQmQ6daFUiEoqfT3z8ZqBE,tron,USDT,sanctions_listed,Sanctioned - NBCTF,Sanctioned - NBCTF,2025-07-02
TKPBLikDNdKDVgo7HQPKvGUBAbDXAYhrVX,tron,USDT,sanctions_listed,Sanctioned - NBCTF,Sanctioned - NBCTF,2025-01-28
TKQPjubqsh8AJ2APvEANcrcLGhcduiGxVh,tron,USDT,sanctions_listed,Sanctioned - NBCTF,Sanctioned - NBCTF,2025-09-22
TKRNCETxbiMmyyMraCkgdXKdLr1ZkmKxV5,tron,USDT,sanctions_listed,Sanctioned - OFAC,Sanctioned - OFAC,2026-09-08
TKSter7ADnpMtoXD7TFe8zXxEEsMv7aEPe,tron,USDT,sanctions_listed,Sanctioned - NBCTF,Sanctioned - NBCTF,2025-01-28
TKX6rgpGpGrJWzf1qXUUSNL5cYHQt7Z9rY,tron,USDT,sanctions_listed,Sanctioned - OFAC,Sanctioned - OFAC,2026-07-01
TKbSQ1HfN6eoSJe9SFMffCMsQy3Df5xHU5,tron,USDT,sanctions_listed,Sanctioned - NBCTF,Sanctioned - NBCTF,2025-09-22
TKcPMYyy2BkVCUEoLgh22KnhzYPuYJt7hv,tron,USDT,sanctions_listed,Sanctioned - NBCTF,Sanctioned - NBCTF,2026-05-06
TKiBsUqd5ixPTqVWVp5BdDCHvoR7nwfMn3,tron,USDT,sanctions_listed,Sanctioned - NBCTF,Sanctioned - NBCTF,2024-03-09
TKkMY4DbHfCfaEHG1c5b8KFuXRBm5EG73G,tron,USDT,sanctions_listed,Sanctioned - NBCTF,Sanctioned - NBCTF,2026-01-29
TKmhHzCG4bhJW12WfjNVcsA8rqrQ9UCXgF,tron,USDT,sanctions_listed,Sanctioned - NBCTF,Sanctioned - NBCTF,2025-07-02
TKrsyPEiBHxrKPu4iS5noy8oXtsUr9p1DG,tron,USDT,sanctions_listed,Sanctioned - NBCTF,Sanctioned - NBCTF,2025-09-22
TKsfwynMRHPTtCJCqUEx5DYQ974YtKhfnE,tron,USDT,sanctions_listed,Sanctioned - NBCTF,Sanctioned - NBCTF,2025-07-02
TKvDoaDgRcFpLbHxnrERMSuYuPoEgYNZo6,tron,USDT,sanctions_listed,Sanctioned - NBCTF,Sanctioned - NBCTF,2025-09-22
TKvc5iw7hMS2TLXbbX2wTyHaGPw96gQqWG,tron,USDT,sanctions_listed,Sanctioned - NBCTF,Sanctioned - NBCTF,2024-10-08
TL1k1U6SHohxBqb68kCodxHc9y2LXoDSep,tron,USDT,sanctions_listed,Sanctioned - OFAC,Sanctioned - OFAC,2025-08-14
TL1vvDYRe3FY3ymiZFbeMxaDem35wNyuZg,tron,USDT,sanctions_listed,Sanctioned - NBCTF,Sanctioned - NBCTF,2025-07-02
TL5WqcFX7XkhVLLwaXrdr57gnjC4stBeSG,tron,USDT,sanctions_listed,Sanctioned - OFAC,Sanctioned - OFAC,2026-07-01
TL5YZusTAiWDJrz1FRsgPqihMMpTVbE7Q9,tron,USDT,sanctions_listed,Sanctioned - NBCTF,Sanctioned - NBCTF,2025-09-22
TL7jWVm3vhUmnE29tcg6DyDkP1CWPHeBFj,tron,USDT,sanctions_listed,Sanctioned - NBCTF,Sanctioned - NBCTF,2024-11-25
TL94ikrR7YUe1gvYHtU9nUUUDHN1YB7Pod,tron,USDT,sanctions_listed,Sanctioned - NBCTF,Sanctioned - NBCTF,2026-06-16
TL96tcqQxjGB8aj9Senxqbi8CfsMc4ycT4,tron,USDT,sanctions_listed,Sanctioned - NBCTF,Sanctioned - NBCTF,2025-09-22
TLC3piEQ5n4tcULKHqLTGhmYFUyHUVSxck,tron,USDT,sanctions_listed,Sanctioned - OFAC,Sanctioned - OFAC,2026-07-01
TLDtPq9PQsDuQunME8CSeVdYaLtRdrVgoJ,tron,USDT,sanctions_listed,Sanctioned - OFAC,Sanctioned - OFAC,2026-07-01
TLFqEhiG7RUSZ9x5iph99Ke5782dkgRnWf,tron,USDT,sanctions_listed,Sanctioned - OFAC,Sanctioned - OFAC,2026-07-01
TLHWeZcDmXk6idnaGwsQ9CEmK24KpoGgRM,tron,USDT,sanctions_listed,Sanctioned - OFAC,Sanctioned - OFAC,2026-09-08
TLM3zA3EWycoDX4ZX4gKze7sgfbdkntTum,tron,USDT,sanctions_listed,Sanctioned - OFAC,Sanctioned - OFAC,2024-08-23
TLNRT524dzL5FF1nJHDhYEMFpeWjLjRbz1,tron,USDT,sanctions_listed,Sanctioned - OFAC,Sanctioned - OFAC,2024-12-19
TLRMHPjLGXsVpD9RVzSfat6zDiVDrd4b4w,tron,USDT,sanctions_listed,Sanctioned - OFAC,Sanctioned - OFAC,2025-05-08
TLRUmf6FFjjzZ4UMxTSddzCVoMm816fSgF,tron,USDT,sanctions_listed,Sanctioned - NBCTF,Sanctioned - NBCTF,2024-03-08
TLT4WWjyPnmHMRAb1gowQfJ9FzWdJn8o7z,tron,USDT,sanctions_listed,Sanctioned - NBCTF,Sanctioned - NBCTF,2025-07-02
TLaQu2hjtQx8BZrqBaSoRfwk2m9uV5uKda,tron,USDT,sanctions_listed,Sanctioned - NBCTF,Sanctioned - NBCTF,2025-01-28
TLe7MPmLAHw43sdApT7U4LGE8M98vcDaJM,tron,USDT,sanctions_listed,Sanctioned - NBCTF,Sanctioned - NBCTF,2025-01-28
TLgdyCE1M8cCAJ23g6DJXF7b2inZ6Zeqfm,tron,USDT,sanctions_listed,Sanctioned - NBCTF,Sanctioned - NBCTF,2026-01-15
TLh3MvDyki3guvZiZUgw2Fupfv2bP3t4vf,tron,USDT,sanctions_listed,Sanctioned - NBCTF,Sanctioned - NBCTF,2025-09-22
TLj5ZRvem4DAdbZLTGU3qAbAdLQug57JVo,tron,USDT,sanctions_listed,Sanctioned - OFAC,Sanctioned - OFAC,2026-07-01
TLj8S8tWyuerPMkVx4KiAuzbDJhV9W99Ur,tron,USDT,sanctions_listed,Sanctioned - NBCTF,Sanctioned - NBCTF,2025-02-01
TLjzbmnkxiUFdp5caQfATdD6JBoXpHTqJx,tron,USDT,sanctions_listed,Sanctioned - NBCTF,Sanctioned - NBCTF,2025-01-28
TLmB5EYj3Uy1TBgipSSkNiTkp5HVe7qveS,tron,USDT,sanctions_listed,Sanctioned - NBCTF,Sanctioned - NBCTF,2026-05-06
TLoG3vbjDgqmTD5bM7w9rMgA6ysaNReuRy,tron,USDT,sanctions_listed,Sanctioned - OFAC,Sanctioned - OFAC,2026-07-23
TLqL7Ayxrmi6jAtHWT6gsVuW64qAKHX2UG,tron,USDT,sanctions_listed,Sanctioned - NBCTF,Sanctioned - NBCTF,2025-11-19
TLrersfFyLEVGKPvo14YWzfg6Ezp7ZrhuR,tron,USDT,sanctions_listed,Sanctioned - NBCTF,Sanctioned - NBCTF,2025-01-28
TLtkC5Pgctg2KMcfg2LBok3Mi2dprVc8WT,tron,USDT,sanctions_listed,Sanctioned - NBCTF,Sanctioned - NBCTF,2024-10-08
TLubpGf3XUwBTrnnqfE3DzJ5ynZQue1vsv,tron,USDT,sanctions_listed,Sanctioned - NBCTF,Sanctioned - NBCTF,2026-06-05
TLxUtCofV67Eg5MLwMqaYqUbYLicR1ceXc,tron,USDT,sanctions_listed,Sanctioned - NBCTF,Sanctioned - NBCTF,2025-09-22
TM1ao7KDV7FmDwoj342APGJJA5mM51vrp6,tron,USDT,sanctions_listed,Sanctioned - NBCTF,Sanctioned - NBCTF,2024-03-08
TM2oFJftWCbu2urgqjKsJN8vxNEc1Jez6g,tron,USDT,sanctions_listed,Sanctioned - NBCTF,Sanctioned - NBCTF,2024-10-08
TM42JwMQNQSC7gsjnxSKwNdEJozUCU6pbA,tron,USDT,sanctions_listed,Sanctioned - NBCTF,Sanctioned - NBCTF,2025-09-23
TM45NsDQ1YUMMHosa2uK5FZbxxggNzxSys,tron,USDT,sanctions_listed,Sanctioned - NBCTF,Sanctioned - NBCTF,2026-05-06
TM6Kix9wH8cYQ4rLpFifsQ4ddH3rPX3f8p,tron,USDT,sanctions_listed,Sanctioned - OFAC,Sanctioned - OFAC,2024-12-10
TM75N4dnJEjsHFSMPvQP4Srboged8MWF4d,tron,USDT,sanctions_listed,Sanctioned - NBCTF,Sanctioned - NBCTF,2025-09-22
TM8PjCzv71EakELjVHoqsZY2aRHoPU8nr5,tron,USDT,sanctions_listed,Sanctioned - NBCTF,Sanctioned - NBCTF,2026-05-06
TM9c5uR2UKwd5fMySgaoYSjphRyi3AjAtc,tron,USDT,sanctions_listed,Sanctioned - OFAC,Sanctioned - OFAC,2026-09-08
TMECKT19hfumcK3KqQKbhxkn1ohyeR58xu,tron,USDT,sanctions_listed,Sanctioned - OFAC,Sanctioned - OFAC,2025-04-30
TMEPb4KGi3KaqjQmsTFekncHhguM4VjbMS,tron,USDT,sanctions_listed,Sanctioned - NBCTF,Sanctioned - NBCTF,2025-09-22
TMGLqRQ4twjW8wJhVH1mQR7nUThpGHUsN3,tron,USDT,sanctions_listed,Sanctioned - OFAC,Sanctioned - OFAC,2024-03-20
TMGpGqkWRUDZLiAknfBCJCrUfLDe3BYqER,tron,USDT,sanctions_listed,Sanctioned - NBCTF,Sanctioned - NBCTF,2026-06-15
TMJRvUAwpdw67vNuQFH15q34zK3myPgFRy,tron,USDT,sanctions_listed,Sanctioned - NBCTF,Sanctioned - NBCTF,2026-05-06
TMNnHgsfnZjz5ugnUosbkMqAUGdyRR9Gk3,tron,USDT,sanctions_listed,Sanctioned - NBCTF,Sanctioned - NBCTF,2025-11-19
TMPei4UcPjmDfrWUCRrq5fC9Vsjv9KLuM9,tron,USDT,sanctions_listed,Sanctioned - NBCTF,Sanctioned - NBCTF,2025-09-22
TMRxAJt87MVYnadWne53AxZFG1FPKGfoGz,tron,USDT,sanctions_listed,Sanctioned - OFAC,Sanctioned - OFAC,2026-07-01
TMStbg5fgb4uTV7fK1gEYF9hKAzP3siPsG,tron,USDT,sanctions_listed,Sanctioned - OFAC,Sanctioned - OFAC,2023-12-09
TMULwEdBRAd6f59NVom9gFH8EL3WRVfzpM,tron,USDT,sanctions_listed,Sanctioned - NBCTF,Sanctioned - NBCTF,2025-01-28
TMUS8vwpZJRR1E3qAmfkRiZ2nZwAx9D3zi,tron,USDT,sanctions_listed,Sanctioned - NBCTF,Sanctioned - NBCTF,2026-06-16
TMW9KQcBGPMtLjqGY5TNoj1PEJpFJ5tvTE,tron,USDT,sanctions_listed,Sanctioned - NBCTF,Sanctioned - NBCTF,2025-07-02
TMWkK1qx5KR6cJ1jjSqQsNUik3bfPDmhpf,tron,USDT,sanctions_listed,Sanctioned - NBCTF,Sanctioned - NBCTF,2024-03-09
TMYPgVHM61QdY73ttgEKstbSR3vqoXEcZ9,tron,USDT,sanctions_listed,Sanctioned - NBCTF,Sanctioned - NBCTF,2026-05-06
TMdZfVVAsxKsbXGmV3kBnEgM69z3QHH3kz,tron,USDT,sanctions_listed,Sanctioned - OFAC,Sanctioned - OFAC,2026-09-08
TMdbTohWtuRoqEtGExSQq5uRNjLV9ijxFH,tron,USDT,sanctions_listed,Sanctioned - NBCTF,Sanctioned - NBCTF,2025-01-28
TMfDhpUqW5W6HcMPXFaJfaiY271CYa51Hs,tron,USDT,sanctions_listed,Sanctioned - OFAC,Sanctioned - OFAC,2026-07-01
TMgJL38AJ2gxZCcrgY8CcXuSmUvpYKUvWM,tron,USDT,sanctions_listed,Sanctioned - NBCTF,Sanctioned - NBCTF,2026-01-29
TMgnRWb9xFMtktny9Lzty21QYLLQD93ft6,tron,USDT,sanctions_listed,Sanctioned - OFAC,Sanctioned - OFAC,2025-11-04
TMiQRf2YQFkTPGEHrZmNTjYbWkbpF3cMC6,tron,USDT,sanctions_listed,Sanctioned - NBCTF,Sanctioned - NBCTF,2024-03-08
TMiSGhXXVsvJzqwGbwAsGiFxWg2eALZoM5,tron,USDT,sanctions_listed,Sanctioned - OFAC,Sanctioned - OFAC,2025-04-30
TMk7amDXHxL8jTN8LDJEeK1uZt4dzG7d4g,tron,USDT,sanctions_listed,Sanctioned - NBCTF,Sanctioned - NBCTF,2024-03-08
TMmEYcSL4KhzJuYpRH16aLsG16YoFyYKUq,tron,USDT,sanctions_listed,Sanctioned - NBCTF,Sanctioned - NBCTF,2024-03-09
TMoFRbRQVrxxJcri9Qtz8z944xLaYBaHqY,tron,USDT,sanctions_listed,Sanctioned - NBCTF,Sanctioned - NBCTF,2025-09-22
TMoMat6oyJLKxSb6SfQWBWc7q5PSm3Gr6U,tron,USDT,sanctions_listed,Sanctioned - OFAC,Sanctioned - OFAC,2026-07-01
TMocScwSbSn2cqRCHVkzZSEar3Jk5AsXgo,tron,USDT,sanctions_listed,Sanctioned - OFAC,Sanctioned - OFAC,2026-07-01
TMp6iM3hUHGgYyTtEcK3FMYRvj5KFDGPf7,tron,USDT,sanctions_listed,Sanctioned - NBCTF,Sanctioned - NBCTF,2025-09-22
TMq5PxBog18RbrenbSPJaKFpu9pVcFrbfZ,tron,USDT,sanctions_listed,Sanctioned - NBCTF,Sanctioned - NBCTF,2025-01-28
TMrJBNo9EkAQPhXJMbAia1qDMRJhBkeyzB,tron,USDT,sanctions_listed,Sanctioned - NBCTF,Sanctioned - NBCTF,2026-06-05
TMrKXPsSTMUdG4iXn9P3TN5jkpVxZ27XKQ,tron,USDT,sanctions_listed,Sanctioned - NBCTF,Sanctioned - NBCTF,2026-06-05
TMsFGgfUaxKqW659mq53qARqWhPCKM1rPh,tron,USDT,sanctions_listed,Sanctioned - NBCTF,Sanctioned - NBCTF,2025-11-19
TMuBvwcgrTj6JysMmutXWaPjk1kREK2BDe,tron,USDT,sanctions_listed,Sanctioned - OFAC,Sanctioned - OFAC,2026-07-01
TMuCgBejD5RsNANZdjGtaM3YyKGNgDoy7N,tron,USDT,sanctions_listed,Sanctioned - OFAC,Sanctioned - OFAC,2025-08-14
TMznnujRXPoKUL5RU2bkhT2qo7Qrfx2gc2,tron,USDT,sanctions_listed,Sanctioned - NBCTF,Sanctioned - NBCTF,2025-01-28
TN1DoZq2aEmzwyDdifY2DJ2fACGcoemDJq,tron,USDT,sanctions_listed,Sanctioned - NBCTF,Sanctioned - NBCTF,2025-09-22
TN3GiaqYouqqSDnmnWYREMwKpfTihL7S7B,tron,USDT,sanctions_listed,Sanctioned - NBCTF,Sanctioned - NBCTF,2025-09-22
TN3Wc7f3qFLPSgCrpeDvUxuJka3pQDF6F7,tron,USDT,sanctions_listed,Sanctioned - NBCTF,Sanctioned - NBCTF,2024-10-19
TN56YaCBymut2xoiRvy3v2qZ2pYgmBAtSo,tron,USDT,sanctions_listed,Sanctioned - OFAC,Sanctioned - OFAC,2026-07-01
TN5fXzNhGW3vCUijECnXgiXhChqLJA4Da4,tron,USDT,sanctions_listed,Sanctioned - NBCTF,Sanctioned - NBCTF,2026-05-06
TN8xwCHhM5zgrTHVeEBmLbwf7zVYTyRGhV,tron,USDT,sanctions_listed,Sanctioned - NBCTF,Sanctioned - NBCTF,2025-09-22
TNAGa4B4YRAS58fH8eaAsX4qRxtSmFArTz,tron,USDT,sanctions_listed,Sanctioned - NBCTF,Sanctioned - NBCTF,2025-01-28
TNC3WkhaP2tVsQLQQXNBQerbGg5vUoqKNe,tron,USDT,sanctions_listed,Sanctioned - NBCTF,Sanctioned - NBCTF,2023-09-21
TNDjh6WGLYyWmkh8vfu42bXVHUqFNQ3rDq,tron,USDT,sanctions_listed,Sanctioned - OFAC,Sanctioned - OFAC,2025-08-14
TNEKEuzfg9BiaQtQKBGSJoH9CVvJphzoLP,tron,USDT,sanctions_listed,Sanctioned - NBCTF,Sanctioned - NBCTF,2025-01-28
TNHNySUf8LMzhzSiQnHCXCbgatscQbM4ZQ,tron,USDT,sanctions_listed,Sanctioned - OFAC,Sanctioned - OFAC,2026-07-01
TNKyDgjn2WHZwHhH2Mj5AGMnK4moBX9xQd,tron,USDT,sanctions_listed,Sanctioned - OFAC,Sanctioned - OFAC,2026-07-01
TNT8WTuCoPwuYzScrHwbv5Wzw9XBwu9u3q,tron,USDT,sanctions_listed,Sanctioned - NBCTF,Sanctioned - NBCTF,2026-05-06
TNTFhgFoKH4srBMiWbfrVFqP2AThSmdwf1,tron,USDT,sanctions_listed,Sanctioned - OFAC,Sanctioned - OFAC,2026-03-12
TNUQ2rZSRjZaGhtbwaFZEvuaemMj5z5Fnm,tron,USDT,sanctions_listed,Sanctioned - OFAC,Sanctioned - OFAC,2026-09-08
TNVbVXAgUT83Sv7E9oZwWutXqzs13sr6xN,tron,USDT,sanctions_listed,Sanctioned - OFAC,Sanctioned - OFAC,2026-07-01
TNaNVnZFNsuWeZhBMMMuX9a9MevPZcnwvd,tron,USDT,sanctions_listed,Sanctioned - NBCTF,Sanctioned - NBCTF,2025-07-02
TNiq9AXBp9EjUqhDhrwrfvAA8U3GUQZH81,tron,USDT,sanctions_listed,Sanctioned - OFAC,Sanctioned - OFAC,2026-04-23
TNjV9n6NMbmyAjiUUBPgXAphbr5Yq7wEL8,tron,USDT,sanctions_listed,Sanctioned - NBCTF,Sanctioned - NBCTF,2025-09-22
TNmKrdYLPtFwPNWJUjrXdkQw4gSwpszUJd,tron,USDT,sanctions_listed,Sanctioned - OFAC,Sanctioned - OFAC,2026-07-01
TNmRfnSUXZoWWzxcDDbf95eGQYXt1mJDt8,tron,USDT,sanctions_listed,Sanctioned - OFAC,Sanctioned - OFAC,2025-05-29
TNotPaNu81PBzd4JVPYDH3SukB9TZ544Xp,tron,USDT,sanctions_listed,Sanctioned - NBCTF,Sanctioned - NBCTF,2025-09-22
TNrX2FwrHKoo4XACGkmSzqeK4pdnKYn6Z7,tron,USDT,sanctions_listed,Sanctioned - OFAC,Sanctioned - OFAC,2025-12-04
TNsMJKvAtqiWntAnrcS8jkugL37FGzoqss,tron,USDT,sanctions_listed,Sanctioned - OFAC,Sanctioned - OFAC,2026-07-01
TNuSHwQnCFGP3DGS4LykeHn821ystJMCTK,tron,USDT,sanctions_listed,Sanctioned - NBCTF,Sanctioned - NBCTF,2024-03-09
TNutMPVfo5mVCC2j81ZWkXXzdRJrMUeKuU,tron,USDT,sanctions_listed,Sanctioned - NBCTF,Sanctioned - NBCTF,2025-07-02
TNwe3WoEX6XrQ5NPAeWPkvpTtdaf27XYxK,tron,USDT,sanctions_listed,Sanctioned - OFAC,Sanctioned - OFAC,2026-09-08
TNzCTGvHg4ssjxoHioLkUYCEwnJDPFVNeT,tron,USDT,sanctions_listed,Sanctioned - NBCTF,Sanctioned - NBCTF,2025-09-22
TNzvDTvcQTaY9jFrv85JnqibnGcudePj1z,tron,USDT,sanctions_listed,Sanctioned - OFAC,Sanctioned - OFAC,2026-07-01
TP3kVtnFgDSoSqzw178nLJtGWNjrbKNgB6,tron,USDT,sanctions_listed,Sanctioned - OFAC,Sanctioned - OFAC,2026-08-17
TP5cEKbcKknQsbcNwfyS7WLZgPJCrWg4wg,tron,USDT,sanctions_listed,Sanctioned - NBCTF,Sanctioned - NBCTF,2026-08-22
TP834zaucGKtAVjJPc9QQQkz5ses87KEf8,tron,USDT,sanctions_listed,Sanctioned - NBCTF,Sanctioned - NBCTF,2025-12-15
TPAcMFqkaVufH3wNso1Jdvm8HzUnK46PWM,tron,USDT,sanctions_listed,Sanctioned - NBCTF,Sanctioned - NBCTF,2026-05-06
TPCF6SSq27r1E542GiaCmxzgunjoa7bnkb,tron,USDT,sanctions_listed,Sanctioned - NBCTF,Sanctioned - NBCTF,2025-09-22
TPCQLRv6Bepnd5oPhXtrs1iHpSLchuHAso,tron,USDT,sanctions_listed,Sanctioned - NBCTF,Sanctioned - NBCTF,2026-05-06
TPCnxv28xNbvtAaEppddvnfkjQpaFeAkV3,tron,USDT,sanctions_listed,Sanctioned - OFAC,Sanctioned - OFAC,2026-07-01
TPD4pmojFA2f2RvgnSDa7YCuGJ4BeS9yK2,tron,USDT,sanctions_listed,Sanctioned - OFAC,Sanctioned - OFAC,2026-09-08
TPDLpXxPcaSsupEZ3yrVksmNkYP5SLeKxu,tron,USDT,sanctions_listed,Sanctioned - OFAC,Sanctioned - OFAC,2026-03-12
TPEF7HdErBMG43nsrxfm2daPNVBaFxHBkE,tron,USDT,sanctions_listed,Sanctioned - NBCTF,Sanctioned - NBCTF,2025-09-22
TPF6cXLiatHpAUBN8p5m8tNQX5dhd4Kh2J,tron,USDT,sanctions_listed,Sanctioned - NBCTF,Sanctioned - NBCTF,2025-09-22
TPF9UQhqpV18BPWg5xo6MeB3h8t4iEg9gP,tron,USDT,sanctions_listed,Sanctioned - OFAC,Sanctioned - OFAC,2025-04-30
TPH1ehJuNY8cRuJgWTXoGuzkVpK5ckueLF,tron,USDT,sanctions_listed,Sanctioned - OFAC,Sanctioned - OFAC,2026-07-01
TPHfJ1n45xuko5PmiM1HQ5TNL3gwxMroBX,tron,USDT,sanctions_listed,Sanctioned - NBCTF,Sanctioned - NBCTF,2026-01-15
TPJ1JNX98MJpHueBJeF5SVSg85z8mYg1P1,tron,USDT,sanctions_listed,Sanctioned - OFAC,Sanctioned - OFAC,2024-10-07
TPPR7e8hGC57dexrE2jy1f94wtuGyVP6Dp,tron,USDT,sanctions_listed,Sanctioned - OFAC,Sanctioned - OFAC,2025-11-04
TPQrYqxT2ss3BSq5VrAdX9FyrC11Sb4PH2,tron,USDT,sanctions_listed,Sanctioned - NBCTF,Sanctioned - NBCTF,2026-06-16
TPTFrDhx5tntyp5mRX423DaAe8aLDMUs31,tron,USDT,sanctions_listed,Sanctioned - OFAC,Sanctioned - OFAC,2026-07-01
TPUU5GFJ5sTQWvSqvqbZECWURv9kBHvxp1,tron,USDT,sanctions_listed,Sanctioned - NBCTF,Sanctioned - NBCTF,2025-11-14
TPV2rmU42Q7vgteRNnc9rKkmXT5cEgGTST,tron,USDT,sanctions_listed,Sanctioned - NBCTF,Sanctioned - NBCTF,2025-01-28
TPcUZYthDfxNsHQnZZGBM1BDNBeNSjfPZE,tron,USDT,sanctions_listed,Sanctioned - OFAC,Sanctioned - OFAC,2025-04-30
TPcwqbJ3ViWMUQMiKfMjDM7VTiCzdRu1cH,tron,USDT,sanctions_listed,Sanctioned - OFAC,Sanctioned - OFAC,2026-07-01
TPgxjjB6AJeMSQFngbUM6dMMxPHa9GEtYa,tron,USDT,sanctions_listed,Sanctioned - OFAC,Sanctioned - OFAC,2026-08-07
TPkNp2Z5KiA1sLWpPMWsfNErVo2dHxc4iy,tron,USDT,sanctions_listed,Sanctioned - OFAC,Sanctioned - OFAC,2026-07-01
TPnUDsrLYZg1UXGkpXSmhFEY5J5etfzE9S,tron,USDT,sanctions_listed,Sanctioned - OFAC,Sanctioned - OFAC,2026-07-01
TPo3JyryRcQ3uhBWexeYhtkpMitsUwY4uB,tron,USDT,sanctions_listed,Sanctioned - OFAC,Sanctioned - OFAC,2025-11-04
TPpRxpTw3Mn71rHzStQfjHB369zxHYqQiz,tron,USDT,sanctions_listed,Sanctioned - NBCTF,Sanctioned - NBCTF,2026-05-06
TPpX5uZ4wqLhBxEaUiaAjR9c1GscLTY5zJ,tron,USDT,sanctions_listed,Sanctioned - NBCTF,Sanctioned - NBCTF,2024-03-08
TPqThVokmuZ6LsP5wTixBtb4P5LQHX9Rkv,tron,USDT,sanctions_listed,Sanctioned - NBCTF,Sanctioned - NBCTF,2025-09-23
TPsxEKAwZnNcenkchJK84YbYHjvnboemD7,tron,USDT,sanctions_listed,Sanctioned - NBCTF,Sanctioned - NBCTF,2025-09-23
TPukKcTqUNLGV6GTgmoLLQSeoJwSo2x9Ak,tron,USDT,sanctions_listed,Sanctioned - NBCTF,Sanctioned - NBCTF,2025-09-22
TPwjq8YuABThppKM5ppsuagBFwDhzpnY11,tron,USDT,sanctions_listed,Sanctioned - OFAC,Sanctioned - OFAC,2026-07-01
TPxCncCWLUtRm2ga6NMrPKfumKuQ3zoWXR,tron,USDT,sanctions_listed,Sanctioned - NBCTF,Sanctioned - NBCTF,2026-05-06
TPyE2oSoaysrXfLzwf9wetBVr9JudLwjtD,tron,USDT,sanctions_listed,Sanctioned - OFAC,Sanctioned - OFAC,2026-07-23
TPz3C2RhCEyrcMAjwFHJ1jFgomG5zUimMp,tron,USDT,sanctions_listed,Sanctioned - NBCTF,Sanctioned - NBCTF,2026-06-16
TQ3UfDn63C4RrZgWrxm4RV1G9GugBrHjvW,tron,USDT,sanctions_listed,Sanctioned - NBCTF,Sanctioned - NBCTF,2026-02-08
TQ4HeWsnzXexz2UKY3Ef94xg3rnWkawirR,tron,USDT,sanctions_listed,Sanctioned - NBCTF,Sanctioned - NBCTF,2026-05-06
TQ5H49Wz3K57zNHmuXVp6uLzFwitxviABs,tron,USDT,sanctions_listed,Sanctioned - OFAC,Sanctioned - OFAC,2025-09-16
TQ5K2QbGm9H8KXFTkWk69iEFZMGiQjuRxX,tron,USDT,sanctions_listed,Sanctioned - NBCTF,Sanctioned - NBCTF,2025-09-22
TQ5mpZPbQMSq2s1vSM3RJgiB1AsTsiTpFZ,tron,USDT,sanctions_listed,Sanctioned - OFAC,Sanctioned - OFAC,2025-04-02
TQ8a74SiDig3EDSC14tosLACWLbvaNYwCJ,tron,USDT,sanctions_listed,Sanctioned - OFAC,Sanctioned - OFAC,2026-07-01
TQ9BF5hnqGSaJtSCCSvCq73k9QERaaXUbv,tron,USDT,sanctions_listed,Sanctioned - NBCTF,Sanctioned - NBCTF,2026-02-08
TQGZKUt18yLEGPHJhYR6vFkvBVUqHaMTET,tron,USDT,sanctions_listed,Sanctioned - NBCTF,Sanctioned - NBCTF,2025-09-22
TQHFdrpA5v4LskwQ4jLQZHntKpse9x8q3X,tron,USDT,sanctions_listed,Sanctioned - NBCTF,Sanctioned - NBCTF,2025-09-22
TQKQ4ntejdYYJpuYkFz8oCSDoXW6RKRDdY,tron,USDT,sanctions_listed,Sanctioned - OFAC,Sanctioned - OFAC,2025-04-30
TQL8tXVgNMMZzyNiVgxGnpTL6MLeTsr1cw,tron,USDT,sanctions_listed,Sanctioned - NBCTF,Sanctioned - NBCTF,2026-06-05
TQLoZxoAu2arL3jCyz5ToZf4gqkmvXxtTy,tron,USDT,sanctions_listed,Sanctioned - NBCTF,Sanctioned - NBCTF,2026-05-06
TQNXeB7ZASyy9taFh4449DJLnJfcTyRUtR,tron,USDT,sanctions_listed,Sanctioned - NBCTF,Sanctioned - NBCTF,2025-09-22
TQQeghVLiFYNByzumZPXCu5PwXxK1X3WHB,tron,USDT,sanctions_listed,Sanctioned - NBCTF,Sanctioned - NBCTF,2026-08-22
TQTv6YzFYvLTzz5fHoJ9sRWpiU5zYZ8Q3v,tron,USDT,sanctions_listed,Sanctioned - NBCTF,Sanctioned - NBCTF,2025-11-14
TQUj1zsD1L2nvem4a4PoLFbG64HyscVa38,tron,USDT,sanctions_listed,Sanctioned - NBCTF,Sanctioned - NBCTF,2025-09-22
TQVZEuLHacexyJX3nZStaPzxceS63C9bax,tron,USDT,sanctions_listed,Sanctioned - OFAC,Sanctioned - OFAC,2026-07-01
TQb6Pc4PmfUdUokLq5ygNioj4PnodNak9b,tron,USDT,sanctions_listed,Sanctioned - OFAC,Sanctioned - OFAC,2026-07-01
TQeK3PhUw88uCrWKBXbwR35tJAcDb9XuSs,tron,USDT,sanctions_listed,Sanctioned - NBCTF,Sanctioned - NBCTF,2025-09-22
TQetJ6xMqvv2Fu4ftD9UdBhuaKem5HbMou,tron,USDT,sanctions_listed,Sanctioned - OFAC,Sanctioned - OFAC,2026-07-01
TQhT3QWAbFiy6GEYuBrbK97uP3XVmTpRD8,tron,USDT,sanctions_listed,Sanctioned - OFAC,Sanctioned - OFAC,2026-09-08
TQimtt6MmASiLDEsKsfDDaDq5CFRE2BY1F,tron,USDT,sanctions_listed,Sanctioned - NBCTF,Sanctioned - NBCTF,2026-05-06
TQnhh63amB9HMXj5DeueUVdCHxCReoF6nM,tron,USDT,sanctions_listed,Sanctioned - NBCTF,Sanctioned - NBCTF,2024-03-08
TQq9EvH1XcRzvWzF4fYJNgCZVLKArqopke,tron,USDT,sanctions_listed,Sanctioned - NBCTF,Sanctioned - NBCTF,2025-11-14
TQt3dWHiPdaKioG7nwovoTDUtxfimyuxYa,tron,USDT,sanctions_listed,Sanctioned - OFAC,Sanctioned - OFAC,2026-07-01
TQthYM5nLqwAEr6DScC8tRtw29ncEB53mK,tron,USDT,sanctions_listed,Sanctioned - OFAC,Sanctioned - OFAC,2025-11-04
TR18rEj7gWjKBJLYrowyfnvjWLTTsXGngK,tron,USDT,sanctions_listed,Sanctioned - OFAC,Sanctioned - OFAC,2025-11-04
TR1bh8eYVzHL9jSCzXFfUeKv8oSGciVRtm,tron,USDT,sanctions_listed,Sanctioned - NBCTF,Sanctioned - NBCTF,2025-09-22
TR2iVPD66Bm35X1JpEg5Uc8TAvw38iznVF,tron,USDT,sanctions_listed,Sanctioned - NBCTF,Sanctioned - NBCTF,2023-11-09
TR2nTb64cQMx6tqFwisoC6o7barFWHhPiw,tron,USDT,sanctions_listed,Sanctioned - NBCTF,Sanctioned - NBCTF,2026-05-06
TR3yiEuFrbBnP8X5DKYFjRxCwbxcYyftD4,tron,USDT,sanctions_listed,Sanctioned - OFAC,Sanctioned - OFAC,2026-07-01
TR83KsDjUKeds62PcAgo7BfhPJPSpMk7Ba,tron,USDT,sanctions_listed,Sanctioned - OFAC,Sanctioned - OFAC,2026-07-01
TR983hNyUNgrNSB1xncG9thZNhgYpbNvSh,tron,USDT,sanctions_listed,Sanctioned - OFAC,Sanctioned - OFAC,2026-09-08
TRAY8vmzneVCPfg7kDG7VQoJdBifNDARCX,tron,USDT,sanctions_listed,Sanctioned - NBCTF,Sanctioned - NBCTF,2023-10-25
TRAvfmzQNsBAeGaDP9gr5qecGMDqWMo5zn,tron,USDT,sanctions_listed,Sanctioned - NBCTF,Sanctioned - NBCTF,2026-05-06
TRBACioxdrdsYEZHvJWiUDZcMdBPpEe5Ub,tron,USDT,sanctions_listed,Sanctioned - OFAC,Sanctioned - OFAC,2023-12-09
TRC1Evq9jUaKVRBktCahH8yGohXRd6PEvr,tron,USDT,sanctions_listed,Sanctioned - NBCTF,Sanctioned - NBCTF,2025-09-22
TRDaXKafW3kSYJ4KMHamvSL1Xautb97X4A,tron,USDT,sanctions_listed,Sanctioned - NBCTF,Sanctioned - NBCTF,2023-09-21
TRKFqdP7rXb63dhZCCb36bnhvV5Ku7rwFE,tron,USDT,sanctions_listed,Sanctioned - NBCTF,Sanctioned - NBCTF,2026-01-15
TRLbfGPruBY6cMmRk5iee1X4CpX3TJQ1wz,tron,USDT,sanctions_listed,Sanctioned - NBCTF,Sanctioned - NBCTF,2026-02-08
TRPUBmTwXoPXiNwB8LdmdBrqE2FJuz4vpw,tron,USDT,sanctions_listed,Sanctioned - NBCTF,Sanctioned - NBCTF,2025-09-22
TRSbArg1yPoyPCxK8ToxHACG5aEP8MG1db,tron,USDT,sanctions_listed,Sanctioned - NBCTF,Sanctioned - NBCTF,2025-09-22
TRSjzoAk1X1AFMnbvfXYa31uvxV146gTzg,tron,USDT,sanctions_listed,Sanctioned - NBCTF,Sanctioned - NBCTF,2025-09-22
TRT7xntdpivdYAiZuxosieGWhHaWkptbaD,tron,USDT,sanctions_listed,Sanctioned - NBCTF,Sanctioned - NBCTF,2024-03-08
TRTWxA77g6qHkgKpi8umFhh3sMX1aQsqAs,tron,USDT,sanctions_listed,Sanctioned - NBCTF,Sanctioned - NBCTF,2025-09-22
TRTXHP7x4KQxnpV6hbWs6Mk5wS13FRoH1h,tron,USDT,sanctions_listed,Sanctioned - NBCTF,Sanctioned - NBCTF,2025-01-28
TRU6fdxpMMDdEykV1fPvcqtMNRLeyw6Ymt,tron,USDT,sanctions_listed,Sanctioned - NBCTF,Sanctioned - NBCTF,2026-05-06
TRUYJsz4sQQMb2HJfUqWtZgt9UxTeaMgwt,tron,USDT,sanctions_listed,Sanctioned - NBCTF,Sanctioned - NBCTF,2025-11-14
TRVBg7KMgjc2UBqzEJgrkYo1j2ohaApj64,tron,USDT,sanctions_listed,Sanctioned - NBCTF,Sanctioned - NBCTF,2025-09-22
TRW1qvnYxRTff5KG7pZRHER95cyR3d8Wby,tron,USDT,sanctions_listed,Sanctioned - NBCTF,Sanctioned - NBCTF,2026-02-11
TRWDtgCfXzTcMv8W6iJxh6umeqeF3zG7n5,tron,USDT,sanctions_listed,Sanctioned - OFAC,Sanctioned - OFAC,2026-07-01
TRWpS2JarmZShhQLTfHafnzkQdNKUh1ozK,tron,USDT,sanctions_listed,Sanctioned - NBCTF,Sanctioned - NBCTF,2026-05-06
TRZvMk2D4fmjGjtuZHRVpgw6yjk8NcjsHV,tron,USDT,sanctions_listed,Sanctioned - OFAC,Sanctioned - OFAC,2026-07-01
TRakpsE1mZjCUMNPyozR4BW2ZtJsF7ZWFN,tron,USDT,sanctions_listed,Sanctioned - OFAC,Sanctioned - OFAC,2025-09-16
TReSAwt6Epi8MhvkTQJbamrJuvEeZnxTdp,tron,USDT,sanctions_listed,Sanctioned - NBCTF,Sanctioned - NBCTF,2024-03-09
TRfns4QYsCvejhfeW6SttzEFtmyr1n2mkv,tron,USDT,sanctions_listed,Sanctioned - NBCTF,Sanctioned - NBCTF,2026-02-11
TRi49C8uetw2NZ2hKYfei1HRdMsnYiGY2Z,tron,USDT,sanctions_listed,Sanctioned - NBCTF,Sanctioned - NBCTF,2025-01-28
TRjA6pYTxihRWmCZ8XgywFYRtW8mf1TFDr,tron,USDT,sanctions_listed,Sanctioned - NBCTF,Sanctioned - NBCTF,2025-11-14
TRjQM4W7YqJZmn41itcETFYQ1Gy4LddTSR,tron,USDT,sanctions_listed,Sanctioned - NBCTF,Sanctioned - NBCTF,2026-05-06
TRkGqvaobVp4XDNmSceRo5hDcJYDTFmYjd,tron,USDT,sanctions_listed,Sanctioned - OFAC,Sanctioned - OFAC,2025-11-04
TRkrud54UMLhidM3SdwbEeneTyi42UEcUP,tron,USDT,sanctions_listed,Sanctioned - NBCTF,Sanctioned - NBCTF,2026-05-06
TRmrnQiUY1ofMcTQUXvgeauKcZPnmwUeUR,tron,USDT,sanctions_listed,Sanctioned - OFAC,Sanctioned - OFAC,2026-07-01
TRo3RynEL4GFw8dn9Qyub3LYgFZrFgt21p,tron,USDT,sanctions_listed,Sanctioned - NBCTF,Sanctioned - NBCTF,2026-06-11
TRpDQ4v7vFHXxEGunsm6JXHztYMA4baQUu,tron,USDT,sanctions_listed,Sanctioned - NBCTF,Sanctioned - NBCTF,2025-09-22
TRqbVMHWck3j2vKzA16L69v3cwuoyQSY8L,tron,USDT,sanctions_listed,Sanctioned - OFAC,Sanctioned - OFAC,2026-07-01
TRsAeY71dZvRPpxmbYRaFYmRfaKmk4Rvd3,tron,USDT,sanctions_listed,Sanctioned - NBCTF,Sanctioned - NBCTF,2024-03-08
TRsJo9dLYzxp7XXvGzQwX5mXkRKAYYXJyV,tron,USDT,sanctions_listed,Sanctioned - NBCTF,Sanctioned - NBCTF,2024-03-09
TRxF2rUMnP9PTGmaJzz1oK6b5bSqoXkXP6,tron,USDT,sanctions_listed,Sanctioned - NBCTF,Sanctioned - NBCTF,2024-03-08
TRyQivSkQChryfnYnE1bUmJhnL3TvKUpvS,tron,USDT,sanctions_listed,Sanctioned - OFAC,Sanctioned - OFAC,2026-09-08
TRynBAMA5Uzs3ryTk7EZZuoDZNdJrv6FmM,tron,USDT,sanctions_listed,Sanctioned - NBCTF,Sanctioned - NBCTF,2025-09-22
TS5quaj273h9ZW9aaP78sc16N2gnGcraVb,tron,USDT,sanctions_listed,Sanctioned - NBCTF,Sanctioned - NBCTF,2025-09-22
TS729BUXeZWBhJGPKCdK75q7VU4nhkJkYT,tron,USDT,sanctions_listed,Sanctioned - OFAC,Sanctioned - OFAC,2026-07-01
TS8LuNarm67hCWeQAYizr1Kf1xvWi96LBr,tron,USDT,sanctions_listed,Sanctioned - NBCTF,Sanctioned - NBCTF,2025-01-28
TSAgSfpH5TtdCXLZkSKtwtgFmY5gMR4Dgi,tron,USDT,sanctions_listed,Sanctioned - NBCTF,Sanctioned - NBCTF,2026-01-15
TSE5NWTJckiN8hJCUzwB3RgsMbdF4uCrmr,tron,USDT,sanctions_listed,Sanctioned - OFAC,Sanctioned - OFAC,2026-07-01
TSFCGGbR57b56c4MXdiW5gzpD8j6cmimgo,tron,USDT,sanctions_listed,Sanctioned - OFAC,Sanctioned - OFAC,2026-07-01
TSSQDgExKUELagzAKTAcoLMviq4SZ1eTFm,tron,USDT,sanctions_listed,Sanctioned - OFAC,Sanctioned - OFAC,2026-07-01
TSTCBYe1Dagff3U2E87JcTREvxkmpufEBD,tron,USDT,sanctions_listed,Sanctioned - NBCTF,Sanctioned - NBCTF,2025-07-02
TSX1biRGx37ZUxDj3JLZZMkHnwXEeJxPaD,tron,USDT,sanctions_listed,Sanctioned - NBCTF,Sanctioned - NBCTF,2025-09-23
TSaLg1S1gC4fkwcBSKM36KNSikWjA1HE2q,tron,USDT,sanctions_listed,Sanctioned - NBCTF,Sanctioned - NBCTF,2024-03-08
TSbGiFzG9xFXUYgGA6RwbS3jvKNpeA4c3R,tron,USDT,sanctions_listed,Sanctioned - OFAC,Sanctioned - OFAC,2026-07-01
TScXZTbDjjZ6a6jiC7dZjgCqfNo4vm7atV,tron,USDT,sanctions_listed,Sanctioned - NBCTF; Sanctioned - OFAC,Sanctioned - NBCTF; Sanctioned - OFAC,2025-01-28
TSgiPLeKKTd6vQa2aLfb1QFmNV9DW52xYK,tron,USDT,sanctions_listed,Sanctioned - NBCTF,Sanctioned - NBCTF,2026-05-06
TShJFc7vvQMeLqd9DpdAr3GgKJX1Dzrg9C,tron,USDT,sanctions_listed,Sanctioned - NBCTF,Sanctioned - NBCTF,2026-06-16
TSi1d66cgg3cPm9L6c2ZD8K1381XusSjkc,tron,USDT,sanctions_listed,Sanctioned - OFAC,Sanctioned - OFAC,2026-07-01
TSimaHshdwmrHx5XYr4Rw5xsPjXitGNzQ4,tron,USDT,sanctions_listed,Sanctioned - NBCTF,Sanctioned - NBCTF,2024-03-08
TSjw2iZhN2LVvQneYEbZSNMbXNsbQfmQ24,tron,USDT,sanctions_listed,Sanctioned - NBCTF,Sanctioned - NBCTF,2024-03-08
TSmcHwvTR27Ao4NN8HhPFCVcPU5aTEqLDt,tron,USDT,sanctions_listed,Sanctioned - OFAC,Sanctioned - OFAC,2026-09-08
TStACMeyKFiV1p1QpYsDQF15cs1ezEw2dT,tron,USDT,sanctions_listed,Sanctioned - NBCTF,Sanctioned - NBCTF,2024-03-09
TSxAAo67VTDgKT537EVXxdogkJtk9c6ojz,tron,USDT,sanctions_listed,Sanctioned - OFAC,Sanctioned - OFAC,2025-09-16
TT2geYnQsusfsRAP3Ft5s6yF7L37n8wvpk,tron,USDT,sanctions_listed,Sanctioned - NBCTF,Sanctioned - NBCTF,2025-09-22
TT4WKPQscK7fkxrPj1E9PjZp1HTVBUpoTm,tron,USDT,sanctions_listed,Sanctioned - OFAC,Sanctioned - OFAC,2026-09-08
TT7Fes7ErX3JvE71snmbo8PkE8R4NZpMYe,tron,USDT,sanctions_listed,Sanctioned - NBCTF,Sanctioned - NBCTF,2026-05-06
TT9z1K9NT3XmMmvC1CaH3U76GFYi3FS1Zt,tron,USDT,sanctions_listed,Sanctioned - NBCTF,Sanctioned - NBCTF,2026-05-06
TTAHMdqoom4f2VTWniroPWQHcTRZ4caoH4,tron,USDT,sanctions_listed,Sanctioned - OFAC,Sanctioned - OFAC,2024-12-19
TTB6rtpVxnR2FbSrf2DWXcdQrz6Bfqyhm3,tron,USDT,sanctions_listed,Sanctioned - NBCTF,Sanctioned - NBCTF,2025-05-08
TTDTBhvtNuCtMFsoiNvX6uUU19ZNEMooZ5,tron,USDT,sanctions_listed,Sanctioned - NBCTF,Sanctioned - NBCTF,2025-11-14
TTEhPr97cvtkpsFaLGQvAPQi58ZAu8tPu3,tron,USDT,sanctions_listed,Sanctioned - NBCTF,Sanctioned - NBCTF,2025-09-22
TTF4LW1ALmvieWd3tkUaz96NjvLHZxmp4n,tron,USDT,sanctions_listed,Sanctioned - NBCTF,Sanctioned - NBCTF,2025-09-22
TTGzaD2v3BSQwWHzn8L8mMdLfqL6ugjw49,tron,USDT,sanctions_listed,Sanctioned - NBCTF,Sanctioned - NBCTF,2024-03-08
TTH3XRSyi4dzBevbUysP6xesoxkU1tNS4T,tron,USDT,sanctions_listed,Sanctioned - NBCTF,Sanctioned - NBCTF,2026-05-06
TTKnV2S1295UrPr7N67Tp9ykNL7xX2Z4Uj,tron,USDT,sanctions_listed,Sanctioned - OFAC,Sanctioned - OFAC,2023-12-09
TTLRNgLpz5H5tLPuNU4FViUs7zmmAtyvzW,tron,USDT,sanctions_listed,Sanctioned - OFAC,Sanctioned - OFAC,2026-07-13
TTLrrHEaKX3NRh6gDthYoJZudacBuLVZKF,tron,USDT,sanctions_listed,Sanctioned - NBCTF,Sanctioned - NBCTF,2024-03-08
TTMtE4Bqr9R1TjzsM7hbxjsT5S9kGrf5zs,tron,USDT,sanctions_listed,Sanctioned - NBCTF,Sanctioned - NBCTF,2025-09-22
TTUDyVhhpCC1xJoPmWzdjLAzeoPwbSABdr,tron,USDT,sanctions_listed,Sanctioned - OFAC,Sanctioned - OFAC,2024-09-26
TTUqoT6EAmiM1xLvwVwxhjvjaoEUGtKDdZ,tron,USDT,sanctions_listed,Sanctioned - OFAC,Sanctioned - OFAC,2025-11-04
TTVJuXWCusAURrpNShiypauagEH1N4CrxV,tron,USDT,sanctions_listed,Sanctioned - OFAC,Sanctioned - OFAC,2026-08-07
TTVqPB3KaD7WpbUPr2pxvXL7V45iRTYi93,tron,USDT,sanctions_listed,Sanctioned - NBCTF,Sanctioned - NBCTF,2025-11-14
TTWBrNgoooSs9HQQKMty3ZQDbS9LzgjNiH,tron,USDT,sanctions_listed,Sanctioned - OFAC,Sanctioned - OFAC,2026-09-08
TTWRf2MD6zJ26bS4uKCNrcp84aAr7AmTjm,tron,USDT,sanctions_listed,Sanctioned - OFAC,Sanctioned - OFAC,2026-09-08
TTYf9kcvABTSizXsdbC2E5co6jx9jvJ111,tron,USDT,sanctions_listed,Sanctioned - OFAC,Sanctioned - OFAC,2026-09-08
TTct1DezYvriNWU7Wi3mygLoskkaw61mra,tron,USDT,sanctions_listed,Sanctioned - OFAC,Sanctioned - OFAC,2025-11-04
TTdgr2R8wjgNZV86Jp5DdW8H3jvQfpFx32,tron,USDT,sanctions_listed,Sanctioned - NBCTF,Sanctioned - NBCTF,2025-09-22
TThRMUSidD4gQeCnu56cFfCmqS421Nmbu7,tron,USDT,sanctions_listed,Sanctioned - OFAC,Sanctioned - OFAC,2026-09-08
TTiDLWE6fZK8okMJv6ijg42yrH6W2pjSr9,tron,USDT,sanctions_listed,Sanctioned - OFAC,Sanctioned - OFAC,2026-04-23
TTiDzRuBU8vmHV1jKVxMhonMKKrchydXjb,tron,USDT,sanctions_listed,Sanctioned - NBCTF,Sanctioned - NBCTF,2024-03-09
TTjHn8qNVxazB3UroiekGRPuM2w2GwvNbn,tron,USDT,sanctions_listed,Sanctioned - OFAC,Sanctioned - OFAC,2026-09-08
TTk3ARJe7T3nygauKRwbQiy4MCNRNJhfEA,tron,USDT,sanctions_listed,Sanctioned - NBCTF,Sanctioned - NBCTF,2024-03-08
TTmvr41Fa9LeWJQ8NKQ5t4wFUspgEA1mJF,tron,USDT,sanctions_listed,Sanctioned - OFAC,Sanctioned - OFAC,2026-09-08
TTmw3qzMsHC8628v4pcJG798377pZrLm8f,tron,USDT,sanctions_listed,Sanctioned - NBCTF,Sanctioned - NBCTF,2025-09-22
TTnsCooyH7udWbwbybr82BVWEudyHvKvHb,tron,USDT,sanctions_listed,Sanctioned - NBCTF,Sanctioned - NBCTF,2026-05-06
TTppnKCiczEhCmCQNrjRsigq4FcizSPZXY,tron,USDT,sanctions_listed,Sanctioned - NBCTF,Sanctioned - NBCTF,2023-09-21
TTrHak4biV5ZtNwN1K8oi7916CjmeVVeH8,tron,USDT,sanctions_listed,Sanctioned - OFAC,Sanctioned - OFAC,2026-09-08
TTrJwfL8SCSWBXWAPcZV8Pd5fZf1rznRhz,tron,USDT,sanctions_listed,Sanctioned - OFAC,Sanctioned - OFAC,2026-07-01
TTs7KRq39547ruAsxb9brAPuTLy7h3U6H1,tron,USDT,sanctions_listed,Sanctioned - OFAC,Sanctioned - OFAC,2026-07-01
TTsEjRoX9fHX5hrzZcBdzcTV2JpF6d8HKx,tron,USDT,sanctions_listed,Sanctioned - NBCTF,Sanctioned - NBCTF,2025-01-28
TTuDmNhu8A6koPJRUd8Q5RnsT1FMfrZnoj,tron,USDT,sanctions_listed,Sanctioned - OFAC,Sanctioned - OFAC,2026-07-01
TTutfM3tv5QA1PVYMLN71tQPehGiVdsKnx,tron,USDT,sanctions_listed,Sanctioned - NBCTF,Sanctioned - NBCTF,2025-11-14
TTwkQ4kMYGzWLgwr7YyWH8RQxqyzWjbvnp,tron,USDT,sanctions_listed,Sanctioned - NBCTF,Sanctioned - NBCTF,2025-09-30
TTxuaC7zJ5QbBhnUL2KEkQbFc5UEipE1fd,tron,USDT,sanctions_listed,Sanctioned - NBCTF,Sanctioned - NBCTF,2026-05-06
TTycL6yhbgkffdtpbdrd1jehVuB5nTA4Vg,tron,USDT,sanctions_listed,Sanctioned - NBCTF,Sanctioned - NBCTF,2025-09-22
TTzMs5AR66jr9mQMkWfCHVwd3AiLLYPepQ,tron,USDT,sanctions_listed,Sanctioned - OFAC,Sanctioned - OFAC,2025-11-04
TU1TTeKBxtCVYNHrVrobBtvGAeJvuqyx6p,tron,USDT,sanctions_listed,Sanctioned - NBCTF,Sanctioned - NBCTF,2026-05-06
TU2TsDYZSVgeferWm7qgdKYgohgFn9CB9s,tron,USDT,sanctions_listed,Sanctioned - NBCTF,Sanctioned - NBCTF,2025-01-28
TU3bxJ7FRpwsfwwc7bQLa9Jr89e7UzWB3m,tron,USDT,sanctions_listed,Sanctioned - NBCTF,Sanctioned - NBCTF,2026-05-06
TU3fcRVCuHGxkk1i8ge85MxV4TJx1qRLDS,tron,USDT,sanctions_listed,Sanctioned - NBCTF,Sanctioned - NBCTF,2023-09-21
TU4tDFRvcKhAZ1jdihojmBWZqvJhQCnJ4F,tron,USDT,sanctions_listed,Sanctioned - OFAC,Sanctioned - OFAC,2025-07-02
TU5JrXpbWJsg3YKNStZFSnddAAhS3pyTy5,tron,USDT,sanctions_listed,Sanctioned - NBCTF,Sanctioned - NBCTF,2025-01-28
TU5N1PAd9bmRNyJdTBgDVpn489wZGzHKQU,tron,USDT,sanctions_listed,Sanctioned - NBCTF,Sanctioned - NBCTF,2025-09-22
TU7N89rqSzYdTpj7tkq98zhmheT9tU1uzY,tron,USDT,sanctions_listed,Sanctioned - NBCTF,Sanctioned - NBCTF,2026-05-06
TU8hJXgHdxWuj4DaaBKQFUwDeB8B5Xacke,tron,USDT,sanctions_listed,Sanctioned - OFAC,Sanctioned - OFAC,2026-07-01
TUAnQreFFUpCvCb7ccdNuERmWhdePpVJUQ,tron,USDT,sanctions_listed,Sanctioned - NBCTF,Sanctioned - NBCTF,2024-03-08
TUCsTq7TofTCJRRoHk6RvhMoS2mJLm5Yzq,tron,USDT,sanctions_listed,Sanctioned - OFAC,Sanctioned - OFAC,2023-12-09
TUDE8fd8iLHMt4r5C1ybpohCvyvM1vDYNU,tron,USDT,sanctions_listed,Sanctioned - NBCTF,Sanctioned - NBCTF,2024-03-09
TUErmQ9GtRDGC4g4L5wjWS55Ju5hYfR3sa,tron,USDT,sanctions_listed,Sanctioned - OFAC,Sanctioned - OFAC,2026-07-01
TUGhzM7bfQCYJX5fx925W8QxJvujkhvfpp,tron,USDT,sanctions_listed,Sanctioned - NBCTF,Sanctioned - NBCTF,2025-10-16
TUKsuPVb8kgJVFp5x528KC5HisUVdzxami,tron,USDT,sanctions_listed,Sanctioned - OFAC,Sanctioned - OFAC,2025-11-04
TUKz4bUqHa48imeRoPw6P4qYXr9dAqvYXP,tron,USDT,sanctions_listed,Sanctioned - NBCTF,Sanctioned - NBCTF,2025-09-22
TUL1kCDLVrLFJb3gLB8mVKeZ1Cpi5q6TcG,tron,USDT,sanctions_listed,Sanctioned - NBCTF,Sanctioned - NBCTF,2026-02-11
TUSpUE624RqZTXphc5tc3XrNhmuDQabKXx,tron,USDT,sanctions_listed,Sanctioned - NBCTF,Sanctioned - NBCTF,2025-11-14
TUTwbrWQZuQKqjuRjGaQQjmVa8fU94Y5Lu,tron,USDT,sanctions_listed,Sanctioned - NBCTF,Sanctioned - NBCTF,2025-09-22
TUWR8ZhFrCeNg6NX9TDkHspGAgZX56E8Dk,tron,USDT,sanctions_listed,Sanctioned - NBCTF,Sanctioned - NBCTF,2026-05-06
TUa7BcRjT3eT7kPyNWPvHQkz4qF9v68D7A,tron,USDT,sanctions_listed,Sanctioned - OFAC,Sanctioned - OFAC,2026-07-01
TUcNB6c22JmcwXbbbuv9HVPeVqv5HSiTwQ,tron,USDT,sanctions_listed,Sanctioned - OFAC,Sanctioned - OFAC,2026-07-01
TUcjuVB6RFvsMgE352Kdc3VHvFvteti97B,tron,USDT,sanctions_listed,Sanctioned - OFAC,Sanctioned - OFAC,2026-07-01
TUfq9hfP7qUDMoJbzkjG4GPtNxhZewqk8Z,tron,USDT,sanctions_listed,Sanctioned - OFAC,Sanctioned - OFAC,2026-07-01
TUgFJe2mYMWikrNhvn4quAkiMDJrW7a9pz,tron,USDT,sanctions_listed,Sanctioned - NBCTF,Sanctioned - NBCTF,2025-07-02
TUhjhS9cBCEjAckAhPieBfTxBAEYrV9Nt6,tron,USDT,sanctions_listed,Sanctioned - NBCTF,Sanctioned - NBCTF,2025-07-02
TUig7bV2axB8LvbMqEXauPAuhMFQnTLhZW,tron,USDT,sanctions_listed,Sanctioned - NBCTF,Sanctioned - NBCTF,2026-05-06
TUkxNX8KsL72RTRCdDqoG7MiXi9973wX4K,tron,USDT,sanctions_listed,Sanctioned - NBCTF,Sanctioned - NBCTF,2024-11-25
TUoixKFaWVsHxGWgnYyMzpkrT22YqU7VvH,tron,USDT,sanctions_listed,Sanctioned - OFAC,Sanctioned - OFAC,2026-07-01
TUsf8h2aDg15Q9vPCdBpxbpDFQm8TdzgnW,tron,USDT,sanctions_listed,Sanctioned - NBCTF,Sanctioned - NBCTF,2025-09-22
TUtw7GQJssJ6WtBE1J2xKks7VimKP8m587,tron,USDT,sanctions_listed,Sanctioned - NBCTF,Sanctioned - NBCTF,2026-05-06
TUuaxBAWfA5nmsqNfycxYrzEvz4a5GJMGY,tron,USDT,sanctions_listed,Sanctioned - OFAC,Sanctioned - OFAC,2026-07-13
TUvkQfgQPGHucuyC9p3QeQUAxkqdKneEUo,tron,USDT,sanctions_listed,Sanctioned - NBCTF,Sanctioned - NBCTF,2024-03-08
TUyo1Kfnnjr2iMQdZxLWPX1U8Xiy1Wz5z5,tron,USDT,sanctions_listed,Sanctioned - OFAC,Sanctioned - OFAC,2026-07-01
TV5ZTpKDszLTF6XcMnPongS33pwBgF91by,tron,USDT,sanctions_listed,Sanctioned - OFAC,Sanctioned - OFAC,2024-12-19
TV62LkiP1GiNdFCJEdY3xf6GdNLCCi6mfu,tron,USDT,sanctions_listed,Sanctioned - OFAC,Sanctioned - OFAC,2026-07-01
TV6GBUvmsrhiML4jebz9hWYj8gWSCHQsNe,tron,USDT,sanctions_listed,Sanctioned - NBCTF,Sanctioned - NBCTF,2026-06-11
TV6cvFEMcfxGsWqgxpBrXZ35MkhdtdhT3G,tron,USDT,sanctions_listed,Sanctioned - OFAC,Sanctioned - OFAC,2026-07-01
TV7SUw9JLXcgFzDCqF1TXALoaSGBT45LPi,tron,USDT,sanctions_listed,Sanctioned - NBCTF,Sanctioned - NBCTF,2026-06-11
TV7npq4u9BEFK7GYBWs42NHGqivTDuWFPg,tron,USDT,sanctions_listed,Sanctioned - NBCTF,Sanctioned - NBCTF,2026-06-11
TV8jeHiNXGVCGNbsN1U7ufbtfFsWssLWKm,tron,USDT,sanctions_listed,Sanctioned - NBCTF,Sanctioned - NBCTF,2025-01-28
TVCtcB4BM8n756v7BHB22kqnP6mHyq8VBN,tron,USDT,sanctions_listed,Sanctioned - NBCTF,Sanctioned - NBCTF,2026-05-06
TVDsEFm19zLV8HeXdt6G75rLroxnp6uqpV,tron,USDT,sanctions_listed,Sanctioned - OFAC,Sanctioned - OFAC,2025-11-04
TVJ4B5R8c8dS65NtUXpZPMGUpCRq8BQUrC,tron,USDT,sanctions_listed,Sanctioned - OFAC,Sanctioned - OFAC,2026-07-01
TVNDC3AurrX48TaZZHFuJHVCXBCyYBdrYP,tron,USDT,sanctions_listed,Sanctioned - NBCTF,Sanctioned - NBCTF,2024-03-08
TVNyvx2astt2AB1Us67ENjfMZeEXZeiuu6,tron,USDT,sanctions_listed,Sanctioned - OFAC,Sanctioned - OFAC,2025-11-19
TVPijzV1WasNozwEsrGihYEML8d8mWcKSP,tron,USDT,sanctions_listed,Sanctioned - NBCTF,Sanctioned - NBCTF,2025-09-22
TVRNrvsEtV9mFkpovSGsXFkZFCA1QYTFEH,tron,USDT,sanctions_listed,Sanctioned - NBCTF,Sanctioned - NBCTF,2026-01-29
TVUS1CVQnnzoJG8PBWkcWyf7DkLrS8yh5Z,tron,USDT,sanctions_listed,Sanctioned - OFAC,Sanctioned - OFAC,2026-07-01
TVWfvLURTyojEPimot8DfRVha1py3WA7rS,tron,USDT,sanctions_listed,Sanctioned - NBCTF,Sanctioned - NBCTF,2026-01-29
TVXHp8bMrpRd5HGy3w1yu9f87qwRrMHFp8,tron,USDT,sanctions_listed,Sanctioned - OFAC,Sanctioned - OFAC,2026-07-01
TVXP7Aj5KFUPKMQUrsU6F3wUsyiLiUaUje,tron,USDT,sanctions_listed,Sanctioned - OFAC,Sanctioned - OFAC,2026-07-01
TVXy9j3MHePgN3ydyr3D8NojB5RLD3AcRs,tron,USDT,sanctions_listed,Sanctioned - NBCTF,Sanctioned - NBCTF,2026-05-06
TVYKpp8t92Vjq1ZRbTMSTm1hriAxXvNkaQ,tron,USDT,sanctions_listed,Sanctioned - NBCTF,Sanctioned - NBCTF,2025-01-28
TVYUDCLpc9YK5davKeNfGHKGrQaCGRLjbb,tron,USDT,sanctions_listed,Sanctioned - NBCTF,Sanctioned - NBCTF,2025-07-02
TVacWx7F5wgMgn49L5frDf9KLgdYy8nPHL,tron,USDT,sanctions_listed,Sanctioned - OFAC,Sanctioned - OFAC,2023-12-09
TVboq8xBRBSzCQ8v9cXQCTeGZmpoUNhjC5,tron,USDT,sanctions_listed,Sanctioned - NBCTF,Sanctioned - NBCTF,2024-03-09
TVbzz1rC3xYRDBtYGCpwjAS19dX6BHDAiS,tron,USDT,sanctions_listed,Sanctioned - NBCTF,Sanctioned - NBCTF,2025-09-22
TVduT76kwHLWWUfynMc7sLKe3a2oiT1sV5,tron,USDT,sanctions_listed,Sanctioned - NBCTF,Sanctioned - NBCTF,2025-09-22
TVgJTK9qPg7wGTyeTG2MYF8aKMEx883xYU,tron,USDT,sanctions_listed,Sanctioned - OFAC,Sanctioned - OFAC,2026-07-01
TVgUsVzA7mpFExP4zS7HHbtKti6UuBDuwZ,tron,USDT,sanctions_listed,Sanctioned - OFAC,Sanctioned - OFAC,2026-07-23
TVgWjE4x5WUNCNyUEyU5AkniJKf26jpLBS,tron,USDT,sanctions_listed,Sanctioned - NBCTF,Sanctioned - NBCTF,2025-09-22
TVj7naPy1zM6TtMrz5R3DPzqH3FHyLPbSV,tron,USDT,sanctions_listed,Sanctioned - NBCTF,Sanctioned - NBCTF,2026-08-22
TVn4q7L4fKEPbygi7UHq1CKfZxtbeuMV5q,tron,USDT,sanctions_listed,Sanctioned - OFAC,Sanctioned - OFAC,2025-04-02
TVoJZwG6SZrpk2Y11w2WW54HyvJmKTkeqG,tron,USDT,sanctions_listed,Sanctioned - NBCTF,Sanctioned - NBCTF,2026-05-06
TVpWLWYWHHSwaeLRo2tpR9dZfgQZ8TNobm,tron,USDT,sanctions_listed,Sanctioned - NBCTF,Sanctioned - NBCTF,2026-01-15
TVry5GC5zqTJSNT3KMAZikbZnnNwDpWxgU,tron,USDT,sanctions_listed,Sanctioned - NBCTF,Sanctioned - NBCTF,2025-09-22
TVttWTHTCU9kULP51m9BaHpmCW8H1BJJNQ,tron,USDT,sanctions_listed,Sanctioned - OFAC,Sanctioned - OFAC,2026-07-01
TVu2SiQrWSnfwk8quAeDxfiaLy6FHzYkMA,tron,USDT,sanctions_listed,Sanctioned - OFAC,Sanctioned - OFAC,2025-11-04
TVu83VX1ebkEGS8VGN7tos39Ukvmn7wgfP,tron,USDT,sanctions_listed,Sanctioned - NBCTF,Sanctioned - NBCTF,2025-09-22
TVwRTHfpXPrAKmU4LDYpLhLM5ENosQNDSy,tron,USDT,sanctions_listed,Sanctioned - NBCTF,Sanctioned - NBCTF,2024-03-08
TVyJfzahkhvLHa7eruXMcuYuVFyqirk7Wc,tron,USDT,sanctions_listed,Sanctioned - NBCTF,Sanctioned - NBCTF,2023-09-21
TVyiDQ25H6Rx6PcNV1WyjGasGSa8ehj1Uv,tron,USDT,sanctions_listed,Sanctioned - OFAC,Sanctioned - OFAC,2025-04-30
TVzsknku8cubpukTmUVn5Ro747Bgw3GS63,tron,USDT,sanctions_listed,Sanctioned - NBCTF,Sanctioned - NBCTF,2026-05-06
TW3RgbhYkFEFnmRJ9mE9b83T9XYSMkjwuD,tron,USDT,sanctions_listed,Sanctioned - OFAC,Sanctioned - OFAC,2025-05-08
TW5b5A5Fmqhh1ZjV86DfKsdJn652L67vCu,tron,USDT,sanctions_listed,Sanctioned - NBCTF,Sanctioned - NBCTF,2026-02-08
TW5tokvhEfrb77z98Rc8HqbkzQJ6sxYtGX,tron,USDT,sanctions_listed,Sanctioned - OFAC,Sanctioned - OFAC,2026-03-27
TW9mABkenngQyJBqce5khR9fNCBF5gsBFQ,tron,USDT,sanctions_listed,Sanctioned - OFAC,Sanctioned - OFAC,2026-07-01
TWAfC6htS1FyFv1r3aKENuD8DQGMzBbP8L,tron,USDT,sanctions_listed,Sanctioned - OFAC,Sanctioned - OFAC,2026-07-01
TWB9xgNG9nmJuwW4etsQEb9RRnrnVnoNnJ,tron,USDT,sanctions_listed,Sanctioned - NBCTF,Sanctioned - NBCTF,2026-06-16
TWBqpQLDPCrXgRW1X9yFqR8NFfjyFSq5k4,tron,USDT,sanctions_listed,Sanctioned - OFAC,Sanctioned - OFAC,2026-07-01
TWF9inkSHQPQf5KXXCTot7H8zh5kLA24Vn,tron,USDT,sanctions_listed,Sanctioned - NBCTF,Sanctioned - NBCTF,2025-01-28
TWHcmHj9JuJWckNobsmVMMLnjQHyMiqQkx,tron,USDT,sanctions_listed,Sanctioned - NBCTF,Sanctioned - NBCTF,2025-09-22
TWHpRB6vLxqNeCXdiRgxj3t3bQx47c4E2v,tron,USDT,sanctions_listed,Sanctioned - NBCTF,Sanctioned - NBCTF,2023-09-21
TWHwre81Mv4hvupNdHnsYX9FPocm29dQQQ,tron,USDT,sanctions_listed,Sanctioned - OFAC,Sanctioned - OFAC,2026-09-08
TWPma8xH48AEN93x2krdukV9e1j6sPsBeS,tron,USDT,sanctions_listed,Sanctioned - OFAC,Sanctioned - OFAC,2026-09-08
TWQEKPhwtXk8XGfhfnQKHv6AU4Ce4qEEm4,tron,USDT,sanctions_listed,Sanctioned - NBCTF,Sanctioned - NBCTF,2024-03-09
TWRyG2deyRGwjcVixxY21xvP5RaE6WQ5sC,tron,USDT,sanctions_listed,Sanctioned - NBCTF,Sanctioned - NBCTF,2025-09-22
TWaertrZdpRJSbLv2G638UL5HCK6sKcZYy,tron,USDT,sanctions_listed,Sanctioned - NBCTF,Sanctioned - NBCTF,2024-03-08
TWcUd7JMHBDVJjnVUQopZ8Kb7UMAVAJKyB,tron,USDT,sanctions_listed,Sanctioned - NBCTF,Sanctioned - NBCTF,2025-07-02
TWd1UQYbgtNaW9PxDAE3rrRVgWG1XRAcaK,tron,USDT,sanctions_listed,Sanctioned - NBCTF,Sanctioned - NBCTF,2025-09-22
TWdqVcA3NyrNv71NgbMwKv3C5XMxj4XjSp,tron,USDT,sanctions_listed,Sanctioned - OFAC,Sanctioned - OFAC,2026-07-01
TWfigEqn3TFsiRgZm7KdbU17pcDJLTbhGE,tron,USDT,sanctions_listed,Sanctioned - NBCTF,Sanctioned - NBCTF,2026-06-05
TWgHSaHWB8vXeniQSGWJAQs4HhA43gpQzq,tron,USDT,sanctions_listed,Sanctioned - NBCTF,Sanctioned - NBCTF,2024-03-08
TWi1Y5CvwYowXuw4Pn3PPd6soDAo8e8Yez,tron,USDT,sanctions_listed,Sanctioned - NBCTF,Sanctioned - NBCTF,2025-03-24
TWi66CCTwfCcMbKB284pWyjUFj76rFRwbn,tron,USDT,sanctions_listed,Sanctioned - NBCTF,Sanctioned - NBCTF,2025-09-22
TWmvbZiJiHn6i5caQxCiZup65G1wkVGL3m,tron,USDT,sanctions_listed,Sanctioned - NBCTF,Sanctioned - NBCTF,2026-08-22
TWnv7Kdp6GfPtcvgz8HF7n8MLZ348b5ZVR,tron,USDT,sanctions_listed,Sanctioned - NBCTF,Sanctioned - NBCTF,2025-07-02
TWoRwYzsifrD79DHDpTHC8fq787MvH9Qro,tron,USDT,sanctions_listed,Sanctioned - OFAC,Sanctioned - OFAC,2026-07-01
TWqcMjV7Wq2RHe2CSiKQHpkn6A7B2AWUPe,tron,USDT,sanctions_listed,Sanctioned - OFAC,Sanctioned - OFAC,2026-09-08
TWumrtaEaPCv8Bs9mXqKkhY5sZVd78QAdS,tron,USDT,sanctions_listed,Sanctioned - OFAC,Sanctioned - OFAC,2026-07-01
TWvsfLNZrB8xPEeUE5Jzo94MzNYcCZ3ia8,tron,USDT,sanctions_listed,Sanctioned - NBCTF,Sanctioned - NBCTF,2026-05-06
TWwv8FQiES3yHGig7y3zJWYuPaZfSV3vmY,tron,USDT,sanctions_listed,Sanctioned - OFAC,Sanctioned - OFAC,2025-11-04
TWxQHk8kcebGL8hGETKr9XaLhogtPYwgDx,tron,USDT,sanctions_listed,Sanctioned - NBCTF,Sanctioned - NBCTF,2026-06-05
TWxeby3JgFkdTYe9WUQJ9dsbVFofauGKiL,tron,USDT,sanctions_listed,Sanctioned - NBCTF,Sanctioned - NBCTF,2024-03-08
TWxoDF6qvjMUeTYRimaiARGsJTUnjrzZn3,tron,USDT,sanctions_listed,Sanctioned - OFAC,Sanctioned - OFAC,2026-07-01
TWyxNzR61FhAeMwXNFTVzSWfhkGMxrSgcn,tron,USDT,sanctions_listed,Sanctioned - NBCTF,Sanctioned - NBCTF,2023-09-21
TWzTgpDJE6fBXneQ2ADiAdRGZs5vsfDHo8,tron,USDT,sanctions_listed,Sanctioned - NBCTF,Sanctioned - NBCTF,2025-09-22
TX1zyMrYZNbtQx7yPZp4adZV5NbToGNrkS,tron,USDT,sanctions_listed,Sanctioned - OFAC,Sanctioned - OFAC,2026-07-01
TX3Zc232WtQpXQxZ8UwUFaYo2XS45ropWy,tron,USDT,sanctions_listed,Sanctioned - NBCTF,Sanctioned - NBCTF,2025-09-22
TX5GV4DyfxNB3rPkzZJhmqZ1efVmL4rEqG,tron,USDT,sanctions_listed,Sanctioned - OFAC,Sanctioned - OFAC,2023-12-09
TX62VPUSw8eQ4DTRi3GExqALbWQGs1mfmB,tron,USDT,sanctions_listed,Sanctioned - NBCTF,Sanctioned - NBCTF,2024-03-08
TX68SMZFReutL2xPVCM1Be5jNhTkfzN9nD,tron,USDT,sanctions_listed,Sanctioned - NBCTF,Sanctioned - NBCTF,2026-06-16
TXDYVtjip9MXk764qjUe2JTG1o5NdEjDme,tron,USDT,sanctions_listed,Sanctioned - NBCTF,Sanctioned - NBCTF,2023-09-21
TXE564TsCqbEUEjE2Do8vrc7ijSkiQqhwG,tron,USDT,sanctions_listed,Sanctioned - NBCTF,Sanctioned - NBCTF,2025-11-14
TXEaKf4rT3rMoD3Vuqnuhwr6vLq6BL5t33,tron,USDT,sanctions_listed,Sanctioned - OFAC,Sanctioned - OFAC,2025-04-02
TXFUYHVJMDyKikutvCG6qNgTUS5pxtZhHs,tron,USDT,sanctions_listed,Sanctioned - OFAC,Sanctioned - OFAC,2025-05-08
TXFaNo6MZifpqtGUPn4vU9LzGkxqSW4XcM,tron,USDT,sanctions_listed,Sanctioned - NBCTF,Sanctioned - NBCTF,2024-03-09
TXHX2NUvcgft4zs6MkkUtdNVERPTavHDWN,tron,USDT,sanctions_listed,Sanctioned - OFAC,Sanctioned - OFAC,2026-09-08
TXHb3BkGgYmygyS14MJKX8kTcFGT7dXN4r,tron,USDT,sanctions_listed,Sanctioned - OFAC,Sanctioned - OFAC,2026-07-01
TXN3hVukebhyYR31YPCYd7aJAvmUeXu1ab,tron,USDT,sanctions_listed,Sanctioned - OFAC,Sanctioned - OFAC,2026-08-07
TXQyMhsxZfcGqPdi1TAYWJ5bVkcVyR2ye9,tron,USDT,sanctions_listed,Sanctioned - NBCTF,Sanctioned - NBCTF,2026-05-06
TXR1nhqAek4c5Dq9EfjQLarcBWR9Jp6N7m,tron,USDT,sanctions_listed,Sanctioned - OFAC,Sanctioned - OFAC,2026-07-01
TXR4FDAZZLDSvuRxveW9aBMybbaS12WWHk,tron,USDT,sanctions_listed,Sanctioned - OFAC,Sanctioned - OFAC,2026-08-17
TXRTT6K7djpRGvYqiMHZSc9HcCN9dCQqu7,tron,USDT,sanctions_listed,Sanctioned - NBCTF,Sanctioned - NBCTF,2024-03-08
TXSqepaYvzvMxbtN1jbzfc9JkMwMwtP1w4,tron,USDT,sanctions_listed,Sanctioned - NBCTF,Sanctioned - NBCTF,2026-06-11
TXT9atp8qBMXKbFYnRyWkM88UXYyobQNLP,tron,USDT,sanctions_listed,Sanctioned - OFAC,Sanctioned - OFAC,2026-09-08
TXVsNWGVCLwJUbywKmrR6cfs8L8Dg2EJ2S,tron,USDT,sanctions_listed,Sanctioned - NBCTF,Sanctioned - NBCTF,2026-06-11
TXXfxvnjg4497duutm5uEHUgqAhSVoM4nS,tron,USDT,sanctions_listed,Sanctioned - NBCTF,Sanctioned - NBCTF,2026-05-06
TXc4kRiMEcdXRxWpSKkD5qKaARExN4uxPq,tron,USDT,sanctions_listed,Sanctioned - OFAC,Sanctioned - OFAC,2025-11-04
TXdhF63QjkxBHkxYLTKs2aMfwdyXsDNNas,tron,USDT,sanctions_listed,Sanctioned - NBCTF,Sanctioned - NBCTF,2025-09-22
TXfKFBPkZTjcjvZLpzZcXeTZVav1VBEmfu,tron,USDT,sanctions_listed,Sanctioned - NBCTF,Sanctioned - NBCTF,2023-06-01
TXgHXMa97Pq1D6xYVsboVtsHon5J7wwtmZ,tron,USDT,sanctions_listed,Sanctioned - NBCTF,Sanctioned - NBCTF,2024-03-08
TXgm2Pej4dHzh6oAJvaxAVFDevgGJqfSKr,tron,USDT,sanctions_listed,Sanctioned - OFAC,Sanctioned - OFAC,2026-07-01
TXhf9nU9bjo1j9z5qEesHdr6gtdndfnA4T,tron,USDT,sanctions_listed,Sanctioned - OFAC,Sanctioned - OFAC,2026-03-12
TXka5xc6mEkcoVXR7F2TFDKernyLt3XyW4,tron,USDT,sanctions_listed,Sanctioned - OFAC,Sanctioned - OFAC,2026-09-08
TXkrpKxQZgiVHrZpzftRVremASc7zJSuY7,tron,USDT,sanctions_listed,Sanctioned - NBCTF,Sanctioned - NBCTF,2025-09-22
TXmQwjEHUEU1jAtUQZeXJoYUCR2yZD8bXm,tron,USDT,sanctions_listed,Sanctioned - NBCTF,Sanctioned - NBCTF,2024-03-09
TXoVNrqm11FFVKcF1vEND64gibVkr1HwAR,tron,USDT,sanctions_listed,Sanctioned - OFAC,Sanctioned - OFAC,2026-07-01
TXp1h7cHdTQ6WrubjpSsrrVqGMYw5BWuqA,tron,USDT,sanctions_listed,Sanctioned - NBCTF,Sanctioned - NBCTF,2025-11-14
TXs56ZWCpZ7yBBhDZ8J8tFqc9y31Ra9RHC,tron,USDT,sanctions_listed,Sanctioned - NBCTF,Sanctioned - NBCTF,2026-05-06
TXtAXGMqnN1K4Do3TCZtbpTmXsTF91LsRd,tron,USDT,sanctions_listed,Sanctioned - NBCTF,Sanctioned - NBCTF,2025-09-22
TXtBSgrexQyTo7taKa8DcYZ1nNu2C4WBQi,tron,USDT,sanctions_listed,Sanctioned - NBCTF,Sanctioned - NBCTF,2026-06-16
TXtH3iUipk6DZnYNu3kgjDsnSSLHLz8ZZU,tron,USDT,sanctions_listed,Sanctioned - OFAC,Sanctioned - OFAC,2026-09-08
TXw4d7BseHBn6sneMUzm4nEdfPVjuJGEH9,tron,USDT,sanctions_listed,Sanctioned - OFAC,Sanctioned - OFAC,2026-07-01
TXxz35Uj3NvUXjJorJLogXZ1n18MG7ovEN,tron,USDT,sanctions_listed,Sanctioned - NBCTF,Sanctioned - NBCTF,2025-09-22
TY3TUu4RwSDmUqQAbQ66vU3tRdkqPC19M4,tron,USDT,sanctions_listed,Sanctioned - NBCTF,Sanctioned - NBCTF,2026-05-06
TY4yXXCumGFk68VEMSwAL2SUoRdL4HnRDD,tron,USDT,sanctions_listed,Sanctioned - NBCTF,Sanctioned - NBCTF,2025-09-22
TY6P1xitySxBa9MgW4nnoB4yMLjvZ7UcsH,tron,USDT,sanctions_listed,Sanctioned - NBCTF,Sanctioned - NBCTF,2026-01-15
TY825nrM5GiztWFRQW3JpPUAGuZhWPisSA,tron,USDT,sanctions_listed,Sanctioned - NBCTF,Sanctioned - NBCTF,2026-05-06
TY8Vgdt3TKhL7WTbjtRHjR8R3Uwg32EfBi,tron,USDT,sanctions_listed,Sanctioned - NBCTF,Sanctioned - NBCTF,2025-11-14
TYAiWf2KhXrGuWxmCPaJgC6zNYwFuKtioi,tron,USDT,sanctions_listed,Sanctioned - OFAC,Sanctioned - OFAC,2026-07-01
TYCXTfSGuFFQRdMy5WmFV6orXFKLo6gSqk,tron,USDT,sanctions_listed,Sanctioned - NBCTF,Sanctioned - NBCTF,2024-03-08
TYCw1yy4q65WeWX2qvTqg4NcWc8j6DUiyh,tron,USDT,sanctions_listed,Sanctioned - NBCTF,Sanctioned - NBCTF,2025-09-22
TYD6a4PAAfAgegEdDf9oZUnW4DFmS8jeFT,tron,USDT,sanctions_listed,Sanctioned - OFAC,Sanctioned - OFAC,2025-11-04
TYDNHVubQXTp6Yi3Lc8BNaknevDY27usFh,tron,USDT,sanctions_listed,Sanctioned - NBCTF,Sanctioned - NBCTF,2025-09-22
TYDUutYN4YLKUPeT7TG27Yyqw6kNVLq9QZ,tron,USDT,sanctions_listed,Sanctioned - OFAC,Sanctioned - OFAC,2025-09-16
TYFDi73sTH92WmbSLYMf52WN4tvps6jhTt,tron,USDT,sanctions_listed,Sanctioned - NBCTF,Sanctioned - NBCTF,2025-09-22
TYK29mbyvVxLaLUKdFSTRADMwoxaVbVZQg,tron,USDT,sanctions_listed,Sanctioned - OFAC,Sanctioned - OFAC,2025-11-04
TYKRGnSUA45YNFBY6SmfCnskKp1DB6C6Cd,tron,USDT,sanctions_listed,Sanctioned - NBCTF,Sanctioned - NBCTF,2025-10-16
TYKZoNPHYhK71DfQNBtPqaKRbEzmN2ZaW6,tron,USDT,sanctions_listed,Sanctioned - NBCTF,Sanctioned - NBCTF,2025-09-22
TYNTF1WRVDTR4iL77m2YDqhHyaTZXBtgiu,tron,USDT,sanctions_listed,Sanctioned - NBCTF,Sanctioned - NBCTF,2025-09-22
TYSJNgQ8vSVnGp9oa8ZcbxPd21WyEPbzH5,tron,USDT,sanctions_listed,Sanctioned - NBCTF,Sanctioned - NBCTF,2025-09-22
TYVveapkRkm5RHcDNPU9QnPk8N5RdsS4iY,tron,USDT,sanctions_listed,Sanctioned - OFAC,Sanctioned - OFAC,2026-07-01
TYWa78KiKTiLTdxjjMznysjbJjPZK8an3a,tron,USDT,sanctions_listed,Sanctioned - NBCTF,Sanctioned - NBCTF,2025-05-08
TYXGsCJG9c3cPQxEKDpu3p4nJbxn3LJ2K2,tron,USDT,sanctions_listed,Sanctioned - NBCTF,Sanctioned - NBCTF,2024-03-08
TYXqLb9ZyAeJeTFkt3Tx7kNyc3HufjvnMs,tron,USDT,sanctions_listed,Sanctioned - NBCTF,Sanctioned - NBCTF,2024-03-08
TYZKYK2fbvw3EAPES2daFvoV4DqPna43Jd,tron,USDT,sanctions_listed,Sanctioned - OFAC,Sanctioned - OFAC,2026-09-08
TYe5bazw5R98STBE9CYyDdPKs8EQAzkwBi,tron,USDT,sanctions_listed,Sanctioned - NBCTF,Sanctioned - NBCTF,2025-09-22
TYeQD2VddTZ9NkFkAnT9DD8cUGetGUQZB2,tron,USDT,sanctions_listed,Sanctioned - OFAC,Sanctioned - OFAC,2026-03-12
TYebBxxCPzFPXqBpyk62ty61R8qaDEnThC,tron,USDT,sanctions_listed,Sanctioned - NBCTF,Sanctioned - NBCTF,2025-09-22
TYh5oEYa8hJhXtbkpqXDpfSYUg7udNJ8DY,tron,USDT,sanctions_listed,Sanctioned - NBCTF,Sanctioned - NBCTF,2024-03-09
TYhrCs3ij7pnZSXmf1HiNM8Bb2uDzTmpqh,tron,USDT,sanctions_listed,Sanctioned - NBCTF,Sanctioned - NBCTF,2025-09-22
TYiJb2qhbtzSmSYWv7at2M7EGrH8EcgmJr,tron,USDT,sanctions_listed,Sanctioned - NBCTF,Sanctioned - NBCTF,2024-03-09
TYjE7jezVyUAxCFjaKviaGfsrhctEnjtvF,tron,USDT,sanctions_listed,Sanctioned - NBCTF,Sanctioned - NBCTF,2026-02-11
TYkE8VwX1SGHM3Q2CA29nka5U2F2khKAj5,tron,USDT,sanctions_listed,Sanctioned - OFAC,Sanctioned - OFAC,2026-09-08
TYkfXFJan2UMdot1sp9Jyb2hBaSbkYeZgK,tron,USDT,sanctions_listed,Sanctioned - NBCTF,Sanctioned - NBCTF,2024-03-08
TYq1JsJxCc7XZYWeFck3q3LWLxUmiLT87n,tron,USDT,sanctions_listed,Sanctioned - NBCTF,Sanctioned - NBCTF,2025-09-22
TYq3iRujcBELXX89i9JY32UmLxcyZAJe7E,tron,USDT,sanctions_listed,Sanctioned - OFAC,Sanctioned - OFAC,2026-09-08
TYrjKsr2TjJqAPevjSnz45tjMkMMzN8JYY,tron,USDT,sanctions_listed,Sanctioned - NBCTF,Sanctioned - NBCTF,2025-09-22
TYuF4TACzJ5Cs2Y3Um2hDFcdcGuuFpgkRU,tron,USDT,sanctions_listed,Sanctioned - NBCTF,Sanctioned - NBCTF,2026-06-05
TYvR9x3Dqx39s9rooaSAHwVwF8psBrcFBV,tron,USDT,sanctions_listed,Sanctioned - OFAC,Sanctioned - OFAC,2026-07-01
TYvjt4ZKfsipHjA52nzgjUjDBF622SLCih,tron,USDT,sanctions_listed,Sanctioned - OFAC,Sanctioned - OFAC,2026-09-08
TYwP5AwCqncqMUdFeToZeefGJfAog2PwMC,tron,USDT,sanctions_listed,Sanctioned - NBCTF,Sanctioned - NBCTF,2025-07-02
TYxwUhoLPF7AgfG9GaXFEp8CQi8K8KG1m3,tron,USDT,sanctions_listed,Sanctioned - OFAC,Sanctioned - OFAC,2025-04-30
TYy8cFhadMXY6K9Bt5NBewZnQrZ6UpiZrA,tron,USDT,sanctions_listed,Sanctioned - NBCTF,Sanctioned - NBCTF,2025-03-24
TZ1bLdAGQPH9cQkR372TGZJ99fjBi1juTQ,tron,USDT,sanctions_listed,Sanctioned - NBCTF,Sanctioned - NBCTF,2026-05-06
TZ2CkuuJgxw6gfeKh9EZqY6hASSMVYmbWw,tron,USDT,sanctions_listed,Sanctioned - NBCTF,Sanctioned - NBCTF,2025-09-22
TZ2kpc3b8YkpBszchRJtdbVvWgU7BSFUMH,tron,USDT,sanctions_listed,Sanctioned - NBCTF,Sanctioned - NBCTF,2025-07-02
TZ42sU5kQ2n5rLZ6PhEGkmfLtmHjoi2vpr,tron,USDT,sanctions_listed,Sanctioned - OFAC,Sanctioned - OFAC,2026-09-08
TZ8zsUe9M9tkhrFtfE7vMMmEwgVEF3n2UN,tron,USDT,sanctions_listed,Sanctioned - OFAC,Sanctioned - OFAC,2026-09-08
TZ9JrrzwmHTBb8fwWGp9MKW8VCmQmVH6bY,tron,USDT,sanctions_listed,Sanctioned - NBCTF,Sanctioned - NBCTF,2025-01-28
TZB4NrX7k9ZsV6PRc1GigAztLL8WHpLvwP,tron,USDT,sanctions_listed,Sanctioned - OFAC,Sanctioned - OFAC,2026-03-12
TZJAyAN7RyN4fGqYjvj46aXq63HYGNmWJg,tron,USDT,sanctions_listed,Sanctioned - NBCTF,Sanctioned - NBCTF,2025-09-22
T9yD14Nj9j7xAB4dbGeiX9h8unxZPcVb1B,tron,USDT,issuer_freeze,,,2021-08-05
T9yD14Nj9j7xAB4dbGeiX9h8uo2Qpmiwc6,tron,USDT,issuer_freeze,,,2022-01-21
T9yD14Nj9j7xAB4dbGeiX9h8uo3tUeJYV2,tron,USDT,issuer_freeze,,,2022-01-21
T9yD14Nj9j7xAB4dbGeiX9h8uo57MpD28W,tron,USDT,issuer_freeze,,,2021-11-09
T9yD14Nj9j7xAB4dbGeiX9h8uo5kKupXs6,tron,USDT,issuer_freeze,,,2022-03-10
T9yD14Nj9j7xAB4dbGeiX9h8uo9vv9MJWN,tron,USDT,issuer_freeze,,,2023-09-01
T9yD14Nj9j7xAB4dbGeiX9h8w1e4WrDcth,tron,USDT,issuer_freeze,,,2024-12-13
T9yD14Nj9j7xAB4dbGeiX9h8y2Jb7pdXyz,tron,USDT,issuer_freeze,,,2025-04-23
T9yGhjmHZCqiujMZX1DjYgRVRN36VxgR7u,tron,USDT,issuer_freeze,,,2022-06-30
T9yM2hxoQjwPCddwMzwP8QtbhR2iaBtMhx,tron,USDT,issuer_freeze,,,2025-07-12
T9yVh7jC9khoFUHMDwBxkixTUK5VCJTRrn,tron,USDT,issuer_freeze,,,2023-08-16
T9yWQZtQMmNdykQcpYvb9E9ptbZ6CSfxCo,tron,USDT,issuer_freeze,,,2026-05-12
T9z9kZjWvpHcoPXtfcGKrpBHAZdTFho2AZ,tron,USDT,issuer_freeze,,,2025-05-26
T9zaYZ8ffcW9yah5NcuPAQeVUWEtywseE6,tron,USDT,issuer_freeze,,,2025-07-12
TA1S6Bqo2vp8hKvm5Fi8HUf7erRfU8bLRM,tron,USDT,issuer_freeze,,,2026-02-22
TA1XH5cYApGKkdSuxuRDWzzkFD1fjJ3W6L,tron,USDT,issuer_freeze,,,2026-04-25
TA1YBYVgHt2zqPrwz6LkoeWE5WwCZp1SN3,tron,USDT,issuer_freeze,,,2026-05-14
TA2fnzQVWs2f99HKju7Q8B7sRk6zfnAfDb,tron,USDT,issuer_freeze,,,2024-10-14
TA315GUGunjKDhv1ZL1YTvy7asPzJhAtL1,tron,USDT,issuer_freeze,,,2025-03-21
TA35F3FjjnyU3sBTZLfqnNnCgLCLqXsLps,tron,USDT,issuer_freeze,,,2026-09-01
TA3aQxRwocYytqZBKqMPHPZT6pYvwGjLg1,tron,USDT,issuer_freeze,,,2025-03-11
TA3bCTSaT8Esp1FqZ2SR82qZnPnY37hBKa,tron,USDT,issuer_freeze,,,2025-04-25
TA3c4wBFcdZfEZkeiW6QhKJa9Kcwv1W55j,tron,USDT,issuer_freeze,,,2025-04-28
TA3gtSZUbixAKGe9zWLXnJyu1NCxBQqrFv,tron,USDT,issuer_freeze,,,2026-07-03
TA3kSSGrWsVtVkniFucnGRegMvY2E6LGx7,tron,USDT,issuer_freeze,,,2026-01-05
TA3qLUGJRHZQR2fmwdLYuPudvu6URY51Cu,tron,USDT,issuer_freeze,,,2025-07-12
TA3tgBGWPLoScAoSNW5APiU6HMCi4SXYaP,tron,USDT,issuer_freeze,,,2026-08-08
TA44fn3gudHcm5Gc1USCPBFtasZVJYxUta,tron,USDT,issuer_freeze,,,2026-03-14
TA4J23gct7sChM21uzfrjJ5Ht7Yx4qvERr,tron,USDT,issuer_freeze,,,2022-03-10
TA5FTkiHnk2tLKS8s8K5H8Wdwy9Zgw7wqX,tron,USDT,issuer_freeze,,,2025-02-10
TA5M2brvWCJjmyn5gBEPxm7DoUinhqPmXx,tron,USDT,issuer_freeze,,,2024-08-28
TA5YczaNYCtkSfAtt46vz3fpKFhV7amn5Y,tron,USDT,issuer_freeze,,,2025-05-16
TA5bncURq5sJmtdprsLXe8yr2C9q3HMS6A,tron,USDT,issuer_freeze,,,2026-03-22
TA5fxKXPxtZWvud4GXtVeeFaGewpJRPtnJ,tron,USDT,issuer_freeze,,,2022-10-06
TA5xpK6poVZz22yTcCjWxKzheTxgxeji7D,tron,USDT,issuer_freeze,,,2025-07-12
TA66398BCoMgq5S87xSoCvGY2P6rL7NAW6,tron,USDT,issuer_freeze,,,2026-07-21
TA6gEYyidtTrsnxmyKdQbbFnqJNympdrpm,tron,USDT,issuer_freeze,,,2025-05-19
TA6pjktVyqfSTfgYdFSTKHkXsBquxLesCC,tron,USDT,issuer_freeze,,,2026-04-07
TA7SH78vyXY8Bs95vqLSddNoZ9Y1tjsq2p,tron,USDT,issuer_freeze,,,2025-07-12
TA86m1veBthXyvXcN1mDixgYNXChkMjhhZ,tron,USDT,issuer_freeze,,,2024-07-30
TA8JcLMf7xEmyEvH4EbnYnydeHM2X9Judc,tron,USDT,issuer_freeze,,,2025-07-12
TA8YbbRcouwQTDNfzY3j3a6Dvz2YKQLdMw,tron,USDT,issuer_freeze,,,2026-01-31
TA8moGJ9Mve3ej1octjz7BBZDrfrfAsCBi,tron,USDT,issuer_freeze,,,2023-03-16
TA8mphquKWvoR9P1qsWN9oaqYhwhV7EJeG,tron,USDT,issuer_freeze,,,2025-03-28
TA8nxHhnpSR42efdnPcC8jdfqESMwMPwey,tron,USDT,issuer_freeze,,,2026-04-23
TA8sx38tzUabgchsDDNWRyNGDahMwHu4jM,tron,USDT,issuer_freeze,,,2026-06-22
TA91vthe2T7LAPyFpiNbToJnRNV5af9vg6,tron,USDT,issuer_freeze,,,2022-10-06
TA92gaSqHukCM3Tvtw5mp6YTrcJrhRfF34,tron,USDT,issuer_freeze,,,2026-09-01
TA9LLvKA8PaSRm6Gn1UMp53sqrkzrPAU48,tron,USDT,issuer_freeze,,,2025-02-10
TA9YAELcHEraVKfCqqCxHN33BQTSmPQku9,tron,USDT,issuer_freeze,,,2025-08-18
TA9bzHfbiXmZQCJ9ZzNa7vFAXy74yXzTsV,tron,USDT,issuer_freeze,,,2025-07-18
TA9bzquWzBRKgjTPJ5gbWMWv86rYqc2yZj,tron,USDT,issuer_freeze,,,2024-04-09
TA9rtgcNQeQjJjyMSL1CqNhA3Kr5wF41oA,tron,USDT,issuer_freeze,,,2025-07-12
TA9uma8uXR1Rag9LwpQATH1vLJmJptSomu,tron,USDT,issuer_freeze,,,2025-04-07
TAA4emyuedcdLpHDYpyTmmQQ3CSwXHaUnD,tron,USDT,issuer_freeze,,,2025-07-12
TAAAwuZi8e3c6NEGzc3yJyoSHZe8B5bjKD,tron,USDT,issuer_freeze,,,2024-12-04
TAAGxCVEEAyh4a9Ayg4rCHiYvzx656ZJ2x,tron,USDT,issuer_freeze,,,2026-01-21
TAAJiQ6TqqbfNt6ByjmGJvuWo6crWpPhhP,tron,USDT,issuer_freeze,,,2024-04-16
TAAcSiQkKF1F3Jj9oxMCqojyihjBXajFGV,tron,USDT,issuer_freeze,,,2026-05-04
TAAnvUJHMni4xJxpznhTcAfxEVemRJ3ycP,tron,USDT,issuer_freeze,,,2026-06-17
TAArQU5KVohMmbssTr9C76AUhnYebmeXeu,tron,USDT,issuer_freeze,,,2026-09-02
TAB8nHz2k1K2knV3L22XFNrFvK2yYEnafL,tron,USDT,issuer_freeze,,,2025-07-20
TABDKwnptm7oViPvssy6xMidsKHzsTgD11,tron,USDT,issuer_freeze,,,2026-03-20
TABHNRVMCqVm84Etp4YVEFKAfFR9FScCwe,tron,USDT,issuer_freeze,,,2026-06-10
TABMfX7VkH7CeswpuKxN5THir8RKkH9JjD,tron,USDT,issuer_freeze,,,2026-01-10
TABYjMRkPkDiUNCxLw1n22zRLSGxmWWQXJ,tron,USDT,issuer_freeze,,,2025-07-07
TABe6Xopf2dfd4W4W6P1WturN8ZNDNCZdE,tron,USDT,issuer_freeze,,,2025-12-24
TAC4widSAFbAcmJYsicq86qW32xxXS1VXi,tron,USDT,issuer_freeze,,,2024-11-04
TACDfnF9H8rnLhCKto4x4y5SkPHxeEhHZW,tron,USDT,issuer_freeze,,,2026-07-24
TACMY3DirsYFFKgoVJzWdzV5LwsJEqZJZy,tron,USDT,issuer_freeze,,,2026-09-01
TACoQZTypD99VdwBCMb9wdp9pr54BFBbb1,tron,USDT,issuer_freeze,,,2026-07-16
TADF44dsZL59wnCxKkzmXGUaaL5xAhHDYk,tron,USDT,issuer_freeze,,,2026-04-22
TADKBoNPRtviD6hx8YZ97j3pDLSSaX6Gc6,tron,USDT,issuer_freeze,,,2026-01-10
TADSwVJWzqmiJVWxCa5G5SVo5PLifwMaKF,tron,USDT,issuer_freeze,,,2026-07-22
TADZRoKL1phdaa7bPdsiCrUoHChJtwSptq,tron,USDT,issuer_freeze,,,2026-09-09
TADcqmSghLHVJZcYvDsevwE6nxepRZJyzL,tron,USDT,issuer_freeze,,,2026-08-27
TADfHpnFg7H3oPoMGvhN2qYVkt6aNgDVDt,tron,USDT,issuer_freeze,,,2025-07-12
TADyCCKsrUuLouv3pF6uGxyu8doAGCS927,tron,USDT,issuer_freeze,,,2025-04-04
TAEAgm4YsAb5spzNLyGqA3MjwpbQijKLbp,tron,USDT,issuer_freeze,,,2025-08-14
TAEFwcT1FckZMAu9PzSqcZbUxYuMNXyQmD,tron,USDT,issuer_freeze,,,2025-07-18
TAEJCDZ7XKBAVE93edtiHLo5MQqGJncr5E,tron,USDT,issuer_freeze,,,2025-09-11
TAEZXb921aw2EuQPCPLG7vvLiA6zLxD2jy,tron,USDT,issuer_freeze,,,2025-07-29
TAEoh2tp3uCJ3PNv8ReYH2qEgMqdHghaeK,tron,USDT,issuer_freeze,,,2026-03-05
TAEuk2saxt6f2nqFmSDGgguQMPemZp4LMM,tron,USDT,issuer_freeze,,,2025-07-11
TAF6A6xESW3j2XWCfbseyPqrLfQVneWtt2,tron,USDT,issuer_freeze,,,2024-06-25
TAFKjX4Q2yhDLUpEWP5ZEyuWKuadMQ7DC3,tron,USDT,issuer_freeze,,,2025-05-16
TAFUttNqJUy4sDtfg1mUeAoKj31dSgD81C,tron,USDT,issuer_freeze,,,2024-06-03
TAFVWkFAB2wEafABZqfcwg5vMAsLGhnPgy,tron,USDT,issuer_freeze,,,2023-06-26
TAFeEyXppVWKF5rYtdevpntuW5UCSpADup,tron,USDT,issuer_freeze,,,2025-07-12
TAG9yV45du13CoPBGxoC7CEWuKgn6zgxtP,tron,USDT,issuer_freeze,,,2025-05-02
TAH1ktXQ8VS4zqTtYKBjfqq8FSDqX4We7F,tron,USDT,issuer_freeze,,,2025-05-11
TAHBSiKtiQzqTqxxTii1ieaiRcydyWRxuF,tron,USDT,issuer_freeze,,,2026-05-18
TAHE6aCZSKKmEGH5tQRTt7E7ewzgirQgdH,tron,USDT,issuer_freeze,,,2022-12-06
TAHGiZdED4CD5nYCmq35CHD4y8vLcFse3f,tron,USDT,issuer_freeze,,,2025-07-15
TAHR5dHn4cdreMNt1JBB4xaQpdw4tr66oV,tron,USDT,issuer_freeze,,,2025-02-11
TAHaYduoUnjFnTC3HFV1RJBowg6ZHjdE2p,tron,USDT,issuer_freeze,,,2023-06-26
TAHarCUzPytjoQ72iW43tp4TCkSNstc9EX,tron,USDT,issuer_freeze,,,2025-07-11
TAHn7Aqs8sxU6QU9MpQszomdjARKYq6t6Y,tron,USDT,issuer_freeze,,,2026-06-10
TAHrWBz7vhmGfVAosx4honp7sT9WNw59z2,tron,USDT,issuer_freeze,,,2025-07-12
TAJ6BpoCvPZecnNnprTQJXszLoiNEQztxr,tron,USDT,issuer_freeze,,,2024-12-20
TAJ7sT2xfKhUsncEEsPkNjR8cBWcRkqfNk,tron,USDT,issuer_freeze,,,2026-09-08
TAJMG63b26Ate8nwZKjfupVtF1bXZqGaCy,tron,USDT,issuer_freeze,,,2025-08-08
TAJdpiyWa39dg8JLEBVHKGhQ3zgoqwanZn,tron,USDT,issuer_freeze,,,2025-12-24
TAJmG7UbrqAspo6eGh2oKD3xYr6kZSi9QS,tron,USDT,issuer_freeze,,,2025-03-01
TAK4tfx8HZNRN3TpzLE7JxW4SG5vGH6H9M,tron,USDT,issuer_freeze,,,2025-07-19
TAK8VzP3RsCZzjDksJDGPxutHJT7hbgnjW,tron,USDT,issuer_freeze,,,2025-01-30
TAKGSh98ktCqUc4SPDZQPWrtJmni8dsihx,tron,USDT,issuer_freeze,,,2025-07-17
TAKWAyJStXKYhL78kPH44bMrhHhiH1uxx9,tron,USDT,issuer_freeze,,,2025-04-24
TAKaZtkQMyzg2osiLoDbUu7MtTMJTUgZmy,tron,USDT,issuer_freeze,,,2025-07-29
TAKh1sc7aeQqWCBgKK4KmTCGMoGM4HJavr,tron,USDT,issuer_freeze,,,2025-04-04
TAL15y89w7gQB1kADfZ21uAZH21kgacFRG,tron,USDT,issuer_freeze,,,2025-06-20
TAL2yQproCxqPCZJLeVsiXRjxZz8mqtL4x,tron,USDT,issuer_freeze,,,2026-03-03
TAL43QHui9vb8p9gvqNtEUM3yZ8JrxW1Pr,tron,USDT,issuer_freeze,,,2025-07-07
TALkfrwogRgS6q9LbKEMB4TK4EfVAdwJQy,tron,USDT,issuer_freeze,,,2025-07-12
TALy6NaePuhWsnqSyvEgqVdGUp1vRcCxqB,tron,USDT,issuer_freeze,,,2023-05-21
TAM6JV6SGzkn5JqP4KdSgHQmH7JR7T5K4t,tron,USDT,issuer_freeze,,,2024-12-13
TAMASkSz89R4AQhEVvbeV254qz5xVpx2eC,tron,USDT,issuer_freeze,,,2022-10-06
TAMLbqkJZcvHJCVCnz4KpGZ94v2P4maTfx,tron,USDT,issuer_freeze,,,2025-06-25
TAMXXMMDWqk3AJrZQibcQJTT2rRB8aBJpS,tron,USDT,issuer_freeze,,,2022-10-06
TAMcDtafk9YfrECqNMKUqHNgED8JLity6Z,tron,USDT,issuer_freeze,,,2023-05-23
TAMiNAm6y7RrQYURum4A2NFA4BvU8LH3S7,tron,USDT,issuer_freeze,,,2025-03-27
TANHAK7e8qbeDEbUPNafMKaJomuKYdr32g,tron,USDT,issuer_freeze,,,2025-05-03
TANaFZJDZXuebAYJofCcXR52o6wybo7E1c,tron,USDT,issuer_freeze,,,2026-03-19
TAPxWtYy11LRjCJe9aZo1d5WkFyZbWKRvy,tron,USDT,issuer_freeze,,,2025-07-12
TAQBTpRoV11CaPgb6XDuMT8DovQNnG2UhP,tron,USDT,issuer_freeze,,,2026-07-16
TAQCqEyNeiajHQsqATeGHFDWWnKx4nVA55,tron,USDT,issuer_freeze,,,2026-01-31
TAQUSxpHFCnb61Rf1sENzTH2sgYN4ootaV,tron,USDT,issuer_freeze,,,2025-10-27
TAQVr8ptfdbn6mG1Jb92Fq1GChYf9kf4rA,tron,USDT,issuer_freeze,,,2024-12-13
TAQWRGVxCKAKDdh8MHHWr86BGdCpSTyvzC,tron,USDT,issuer_freeze,,,2025-07-12
TAQYMKjxYcrtufnezNyZHboWrpLAoLXqKb,tron,USDT,issuer_freeze,,,2026-07-23
TAQa4FZweNjbxq69adEhPnFQeKZqkN1pJa,tron,USDT,issuer_freeze,,,2026-05-04
TAQtmPdcUZKhFRjEZrib5J4KPpRAcbshWP,tron,USDT,issuer_freeze,,,2026-09-02
TARdpCD6PM1SG7kuEpCvSQKJAUUmYAWrLa,tron,USDT,issuer_freeze,,,2025-07-12
TARi6yxDxQeaCRPDUXabNwj76evgFBwYqp,tron,USDT,issuer_freeze,,,2025-01-24
TARmijbS8o1VCpeZaKf7P6Wm9rozMowZNV,tron,USDT,issuer_freeze,,,2025-07-12
TARmzmNPGGMaX2hkkW2kqvFYqoiy8KbopR,tron,USDT,issuer_freeze,,,2026-06-09
TARszdG2ZXQvmVZ74PujLdZcFEy76Frf3N,tron,USDT,issuer_freeze,,,2025-07-12
TARyN27XMurEHoNVaqevf9fy4NzL3V1Aqy,tron,USDT,issuer_freeze,,,2024-12-24
TAS2H5uePUN3CvdU8QnZfdHJptNbc9k7CT,tron,USDT,issuer_freeze,,,2024-08-21
TASBqscxGByNsPrs6SrQrAaN6GKY43z2G1,tron,USDT,issuer_freeze,,,2026-06-27
TASJASNzpjGf7P4f51ehtKkvDGvT8TjCBV,tron,USDT,issuer_freeze,,,2025-05-19
TASdCVSz8uQiuRJkmNHcWhAcgMLygC5vdq,tron,USDT,issuer_freeze,,,2026-03-14
TASg72YBCLYdo4w5tRra97TSFGYa5wCiDT,tron,USDT,issuer_freeze,,,2024-09-17
TASzc9sS3eitEMXpV4rNFCJbP66y46aJWU,tron,USDT,issuer_freeze,,,2026-03-27
TASzo3RFzoLPtmESdS8fD58Wz4KX1SRPTL,tron,USDT,issuer_freeze,,,2025-09-30
TAT3tDVTufxscButn8uCyvWrBuLqBG4XeS,tron,USDT,issuer_freeze,,,2026-06-10
TAT8fmMQnxfnLDP1RfWNq67j3sF6Tc5Rn8,tron,USDT,issuer_freeze,,,2026-07-23
TATLdgRr3dYuvE5pe492qAzC6Hy8kwyTqK,tron,USDT,issuer_freeze,,,2025-07-12
TAToyqqGL9J34mGN1J8kTY1a5C5sRKinUT,tron,USDT,issuer_freeze,,,2024-10-02
TATtfWmNk6xwF6TWcEzj4paZSTm8XMFnit,tron,USDT,issuer_freeze,,,2024-08-21
TAU65dv1aAZKNZSfxmjP3bq7uBgjaZkQnp,tron,USDT,issuer_freeze,,,2026-03-27
TAUEULGrn3msvqqGqeeDzz2fEWZhTpdmgL,tron,USDT,issuer_freeze,,,2023-11-09
TAUSKt5E7z4bQZJWU7mMQGknPYDXMnoPmf,tron,USDT,issuer_freeze,,,2025-07-12
TAUTzn6MUYwyRgLxaNCEJCT3ttp3FbcnYv,tron,USDT,issuer_freeze,,,2025-07-12
TAUZBVtoAjp5kfoE3Gf5RLhxmJp8wdH8HC,tron,USDT,issuer_freeze,,,2026-06-22
TAUfXexNWVvtEAtUWoducMJjrb2mKg4Pcg,tron,USDT,issuer_freeze,,,2025-11-04
TAUnDaE2uGF7UG1yULjS893v5vyWk9PTQP,tron,USDT,issuer_freeze,,,2025-11-14
TAVL8k2iPJtdiDJsRHRT8Z8d6JaXF1rNmA,tron,USDT,issuer_freeze,,,2024-12-20
TAVVHRi9wDjskqKUVCAx6QJSZPnrqJX1qk,tron,USDT,issuer_freeze,,,2026-02-22
TAVovpyRa2LTHmtRnLoTMrofdVhBMpuRNz,tron,USDT,issuer_freeze,,,2025-09-25
TAVsFHWvG7Kc8sFcs7u7QmxqqGPD9hu5bg,tron,USDT,issuer_freeze,,,2025-07-12
TAW1hCc9E4TETTJnWkRJ1vUZDauBnuvury,tron,USDT,issuer_freeze,,,2024-04-12
TAW2c5tSdupUxCvYu1Eqin889iJjgGQWeS,tron,USDT,issuer_freeze,,,2022-12-17
TAWwTzokhH5kwNgLSqLxd1gHmrW6EytTLy,tron,USDT,issuer_freeze,,,2026-03-20
TAXAi55D6gaCM8ni8Fdjb5ZZ3ujRqBaQou,tron,USDT,issuer_freeze,,,2026-08-11
TAXDa2bEMYv2sn9VYkjWWrtcXT4UhhycvN,tron,USDT,issuer_freeze,,,2026-04-29
TAXFLwgaANCcaUVJSnx2nqBPjExKU3U6qg,tron,USDT,issuer_freeze,,,2025-07-12
TAXK74LbAAm1rWNjos5FEdrmmE7Ru3XfL4,tron,USDT,issuer_freeze,,,2025-07-12
TAXg2qGGqosrdQAZUxhSBFcfcAGhxenrzA,tron,USDT,issuer_freeze,,,2025-06-20
TAXmgsywRsMYbMUPMAF6bcE5omAXaJQ3sd,tron,USDT,issuer_freeze,,,2025-07-12
TAXoEj9whXmXt8QY1xVSKkjx1N2eHRMQze,tron,USDT,issuer_freeze,,,2023-07-22
TAY6XF5nKyGXxvuf8MWbruPgfvrJNpjVTR,tron,USDT,issuer_freeze,,,2026-06-12
TAY7YnoEXKBSTwKdamf7PCUWtJNH7Soo8J,tron,USDT,issuer_freeze,,,2024-04-09
TAYUeHH9MgaKHkvQNq5CXm6QjuJZuKXMgW,tron,USDT,issuer_freeze,,,2025-07-07
TAYgNeufxMkwyiU8HgRBKs5hvu9UfJVDqo,tron,USDT,issuer_freeze,,,2024-06-26
TAYhRcR8G7YssQZe7YRUfP88Pq76kCt2Q4,tron,USDT,issuer_freeze,,,2025-05-07
TAYkxw9exTF3fWAfLgpc2EPRCL1sgot2br,tron,USDT,issuer_freeze,,,2026-09-09
TAYx4XKsSeSe5BH2UESEWq1939JzTaVh3j,tron,USDT,issuer_freeze,,,2025-10-08
TAZ5iuDkQaS6nXAdMgoqv2RcovPQnRweb3,tron,USDT,issuer_freeze,,,2024-10-07
TAZ6yaCrxvyVED6634GKXPntR7v6aBn7Rb,tron,USDT,issuer_freeze,,,2024-04-09
TAZ7RutWKabTf9dtvJ6zFbiwKH6LL8hX7N,tron,USDT,issuer_freeze,,,2026-08-07
TAZ8Ms1JqUnBnnQvjq4CAusJF6ujPa3t38,tron,USDT,issuer_freeze,,,2026-05-29
TAZEkqkjuHkYznF3Q8g9PKbpRuUNtUbgCB,tron,USDT,issuer_freeze,,,2025-04-17
TAZPiXWZ7rQJTs3qknFy6Z7hJNq1L3gzNZ,tron,USDT,issuer_freeze,,,2025-04-24
TAZebtyzbiSUiHi7j5LLvrtb8cggxvrd1n,tron,USDT,issuer_freeze,,,2024-12-10
TAaLTdp28SoKYsomDUBaj1HzWYM3x54zeT,tron,USDT,issuer_freeze,,,2026-04-15
TAabrsoK8Y2ANB8SJsEDbCus6Ha59fxGhc,tron,USDT,issuer_freeze,,,2025-03-03
TAacjBmYztic9x9wCw9GkA39JR48CM7DVW,tron,USDT,issuer_freeze,,,2026-06-01
TAad1BY7oUjMNepYVmThHEfCswbpDYAtFz,tron,USDT,issuer_freeze,,,2026-07-25
TAazgTGEASzsBooKPc4yCXs7ibfp8bJj11,tron,USDT,issuer_freeze,,,2025-11-14
TAb95HS7CfyEGGQ5CZK6eNDFqL9d4bqjg3,tron,USDT,issuer_freeze,,,2025-08-08
TAbC5hoom3mktAGf3KZBNdxhEEujdUtpWG,tron,USDT,issuer_freeze,,,2025-04-15
TAbEFocjtbN1KGtdBdbwzememXo3t6D1rJ,tron,USDT,issuer_freeze,,,2024-12-20
TAbKvjiZrHNR1URReBcNygAwNAThvSZCk5,tron,USDT,issuer_freeze,,,2026-06-04
TAbT2afxbYXejeytJEXMctuv4zkLjm7EZm,tron,USDT,issuer_freeze,,,2025-07-12
TAbYwDjQk4RvRWKWW8RJP8LPRoqP6KcWpc,tron,USDT,issuer_freeze,,,2025-09-08
TAbx4oS98XkcUof9jaB9UUci2YA9bt4Mr5,tron,USDT,issuer_freeze,,,2025-07-12
TAc41AdtSTrQpRVWXsxF7HVhcxuD1gMAFQ,tron,USDT,issuer_freeze,,,2025-11-12
TAcACUefMW5AZCyjAqV2si6AZftwVb38WC,tron,USDT,issuer_freeze,,,2025-07-12
TAcB9P9pWUkRFsA3HLvh7CqQxTWEVZgbsV,tron,USDT,issuer_freeze,,,2026-05-01
TAcFEnQxV8qqK8Y6azTT3STLRKGnTqWeGm,tron,USDT,issuer_freeze,,,2023-07-22
TAcR7zTMEFuEqd3PQGqe2RrnhsaPsyXi3w,tron,USDT,issuer_freeze,,,2025-03-04
TAcdBZTAn5nfqWQc3fE6wN9EDkBJD5fs37,tron,USDT,issuer_freeze,,,2025-11-26
TAdsVZRSAMEJvSyXde3P8pVuUW1H8hs24D,tron,USDT,issuer_freeze,,,2026-04-15
TAdu9WqNdSFeoTkhSem2rwUXvZP6rtwP25,tron,USDT,issuer_freeze,,,2026-01-10
TAdxALqzsfSQRt8X9RvcrmL9thMTmZ3hmB,tron,USDT,issuer_freeze,,,2022-10-06
TAdxaWWzyhzcosMTCcA8FwDSb95pdsAHHe,tron,USDT,issuer_freeze,,,2025-07-12
TAe5Ct2D3F9ZyRHQ3waRXrN53tNBXQzuqY,tron,USDT,issuer_freeze,,,2025-05-16
TAeEHimAXuU7C3Waov9PNt1gcRTDQ61CAv,tron,USDT,issuer_freeze,,,2026-04-20
TAeXYFE67PCpfLNEDu78NR3kuZLPBMwPcB,tron,USDT,issuer_freeze,,,2025-07-12
TAebPSSepUupsxaocYyXxwqDHFg4s9yGB6,tron,USDT,issuer_freeze,,,2025-06-21
TAepDAgRopg53kdt4ynTujSAY1hc8UQh1g,tron,USDT,issuer_freeze,,,2022-10-06
TAey8x3F62R34hJfeYLDhXm3cbE1ehwEkw,tron,USDT,issuer_freeze,,,2025-11-05
TAf8AwQzKL47BUJNqtuQcqyZqyyhLiivJ1,tron,USDT,issuer_freeze,,,2025-05-02
TAfp7SzA8WeBxQLWmtMAvAj7YYvLvTCjCp,tron,USDT,issuer_freeze,,,2025-07-09
TAfySMiuJkDAsfgDWK81r2iGRigWnJsEx3,tron,USDT,issuer_freeze,,,2026-06-17
TAg1sw76njiuhjh4piEp9ZA143XLFX3idj,tron,USDT,issuer_freeze,,,2024-03-20
TAg7Tc5tQT8F2igqtfsNHvTdPHXBgDxabe,tron,USDT,issuer_freeze,,,2025-05-21
TAg9upvZrWyf9XAiHAdYbae9utWisBWNFi,tron,USDT,issuer_freeze,,,2026-02-19
TAgeWiMckLYfWTcJ3ysvZCVkzQzPFiLZSi,tron,USDT,issuer_freeze,,,2025-05-26
TAgiKqRuzgHtjiuJBG2AU3LW65bUezxBT3,tron,USDT,issuer_freeze,,,2025-02-10
TAgkpWhzts2xZfu5rnxgprmCDjTJJDrvap,tron,USDT,issuer_freeze,,,2024-09-24
TAgvF1zpSqZ1ypCGTa1iEfLkUkuCCaW24W,tron,USDT,issuer_freeze,,,2022-10-06
TAhKoLhdr2YTVCn7yfEcg5mBqfqNtySNya,tron,USDT,issuer_freeze,,,2024-06-11
TAhZqWiwnHfsQ4aaHMNC4rNEYXgauCE75z,tron,USDT,issuer_freeze,,,2025-03-05
TAhpMLKLPdpB39vcnrMm48dbqRD91oUPrz,tron,USDT,issuer_freeze,,,2022-10-06
TAiKrFS12BpZL9FxZpcJLnWw5Gj4hSAUDS,tron,USDT,issuer_freeze,,,2025-08-13
TAiVF1LMQTbm1aGmHCkAZMbfdRjC5ZJ7a5,tron,USDT,issuer_freeze,,,2025-10-16
TAiedoV5j3dzmxa9mq4V4B1Hgnh7xFyA8E,tron,USDT,issuer_freeze,,,2025-04-15
TAjBbzyJVvjNUj2MENCqUmgJfaWcLViwka,tron,USDT,issuer_freeze,,,2026-02-23
TAjVSq6VJcdn5moqVKRfWCMtWszEXHi9fS,tron,USDT,issuer_freeze,,,2026-09-01
TAjZHCBjgc7oG6WJDCjfHPVfKbuiR64nVD,tron,USDT,issuer_freeze,,,2025-02-21
TAjvCLz1FdgcEYWVbpZDP45NgERVnT8zXV,tron,USDT,issuer_freeze,,,2025-01-29
TAk4uSwGLs3uk2cx9E26pxJQHia76UAoLU,tron,USDT,issuer_freeze,,,2025-12-19
TAkNAASnfGiwA12A332mpU4p6V2SRArTfW,tron,USDT,issuer_freeze,,,2025-08-18
TAkPVXF4sRbiNsjKxdz7vSDGqZQkmc5bRq,tron,USDT,issuer_freeze,,,2026-01-31
TAkVmvjVR9yM9WMMD431EjH82jzod4xQtA,tron,USDT,issuer_freeze,,,2025-01-30
TAkZyUSD36EHgbzdznvNkVJDnELnDyyZjG,tron,USDT,issuer_freeze,,,2025-08-08
TAkgvsMv8RjTFFpHCWvqYjDAmMdsQ2hFXb,tron,USDT,issuer_freeze,,,2025-06-03
TAkh1B75m697Vb3Qvu7Efr9f8RFhjF8j7i,tron,USDT,issuer_freeze,,,2026-08-11
TAkyFUHBiPCjtkGdq7gDptYRgdfuNdt7W2,tron,USDT,issuer_freeze,,,2026-04-23
TAm2Z2nLUNECjNrpsVG8RNrE1sfZ33598X,tron,USDT,issuer_freeze,,,2026-01-12
TAm8qG4PHYB5ZriwCVdRHX21bfMArHHKRv,tron,USDT,issuer_freeze,,,2024-06-14
TAmF5mpZVGr8FK8azCSmb9CspfWeKrMvpi,tron,USDT,issuer_freeze,,,2025-11-03
TAmNsmoMMckQNb5obgx674QpqDFjVeNcFp,tron,USDT,issuer_freeze,,,2026-08-28
TAmQSHDsqQTjTTtKiYFz2LRu2k7F4VhYZw,tron,USDT,issuer_freeze,,,2025-02-10
TAmXuuyWAYdMZ6t1u3xdS6m8i4qx8PrMto,tron,USDT,issuer_freeze,,,2026-01-09
TAmhj11b4VBTtKnQdQG7EVxh62bB2Um5zm,tron,USDT,issuer_freeze,,,2025-12-09
TAnP1DxhEuCtbGqX66RV8TtWdDUJzhErzp,tron,USDT,issuer_freeze,,,2026-09-08
TAnqLqgNu1KSFFAYxX5Lha6MPkVL7JYtT2,tron,USDT,issuer_freeze,,,2025-09-16
TAnsQrz7xRV4N3EcqPHRsJeiiEdB93nvZJ,tron,USDT,issuer_freeze,,,2024-12-20
TAp3RJm4E8tpzWhfY3wAS3Q1U6W8qfj2p9,tron,USDT,issuer_freeze,,,2025-06-26
TApf3i1krt9fMQ3GUP71ADyDYT7TmkNZWE,tron,USDT,issuer_freeze,,,2025-03-18
TAptaV49xGV3eTE4epFwuqZjMmp6xZfaiE,tron,USDT,issuer_freeze,,,2024-09-21
TAq31qB6Ssrbm42U8dceEaHFnoJUtoNicR,tron,USDT,issuer_freeze,,,2026-07-03
TAq9AstBXjrQBsychebw4R9AxTmm78Yo5H,tron,USDT,issuer_freeze,,,2024-08-28
TAqJk7GBWmCc4rY4hQM3bgvry8dW5LhK11,tron,USDT,issuer_freeze,,,2026-04-30
TAqMG8zhvxa5tM1re6rjXDJG5Rtf7uehG3,tron,USDT,issuer_freeze,,,2026-07-09
TAqoApCjRMhTHdCzssEX5AfjCe4Knm4dbD,tron,USDT,issuer_freeze,,,2026-02-15
TAqqVrWCnM187FBA2u7aBNREHw8uXxnhCc,tron,USDT,issuer_freeze,,,2025-04-22
TArARm5toVwD8MniG3uCQGNZwfVqy18YT3,tron,USDT,issuer_freeze,,,2024-06-17
TArb1AeKkxhWXM3ppXuNC8aBq3iT3m9kVt,tron,USDT,issuer_freeze,,,2025-06-10
TArmeLHhWZYytY84r76VJ3dKqpa36AT4m3,tron,USDT,issuer_freeze,,,2024-12-09
TArsRuj3FVh86x5F3CQvVU14HD8E9WFVBP,tron,USDT,issuer_freeze,,,2025-09-19
TArxGhbLdY6ApwaCYZbwdZYiHBG96heiwp,tron,USDT,issuer_freeze,,,2024-04-23
TAsEmVi1UeL43z1iCZcG1pso9AuZ1r6nnh,tron,USDT,issuer_freeze,,,2026-07-14
TAsapWFxNeQ4MTEU8qyGTUUbdtbgG325fG,tron,USDT,issuer_freeze,,,2025-07-12
TAsbDjXSqwL5KD4hPsgGWvCLZpMQq5zDNQ,tron,USDT,issuer_freeze,,,2025-12-24
TAsbcMvo8SDNG6K5rT3eo2LvZBTtXVabZ2,tron,USDT,issuer_freeze,,,2025-11-14
TAseVtkx4dDJsETVZzrbUrESsJxqFzbT3x,tron,USDT,issuer_freeze,,,2025-03-09
TAsmpZC4VMeDR2G1VsqPMnfJ1UaG13n6wy,tron,USDT,issuer_freeze,,,2026-02-18
TAt9U3ioYRATBYimMR8Y3DbfdJQVLfGLQL,tron,USDT,issuer_freeze,,,2025-06-20
TAtK1X38ejSju2wECBr2eKYWVgzn4uqi92,tron,USDT,issuer_freeze,,,2025-07-12
TAtaWZqb8JJNSMdbLT59x9YjsvL1ia9xiC,tron,USDT,issuer_freeze,,,2024-08-23
TAtqLDgTZVMLjFPNSkUZbuKxipdmAEP5Vq,tron,USDT,issuer_freeze,,,2026-03-09
TAu5UQCXzAd77VyayP15M2sqcKJR2tg82D,tron,USDT,issuer_freeze,,,2024-09-22
TAu7xuGpW7zyjTNdSWRHCJYAKjwa1eN7Gc,tron,USDT,issuer_freeze,,,2026-07-25
TAuQuT3RPnF7uEp34XzdYhRyG2Z3xqimQg,tron,USDT,issuer_freeze,,,2026-03-22
TAubH3AjxkFsafxex26N2SkNcY9d7zBx1t,tron,USDT,issuer_freeze,,,2025-12-03
TAueuMLKN2qfvFzMZ8ukziH7vkmoKgpSNB,tron,USDT,issuer_freeze,,,2025-03-04
TAuhAs5PUwTwHaCCcv8ADuQWAbr4cEfZ4F,tron,USDT,issuer_freeze,,,2026-04-25
TAus5D1PKfBVRhx4T1oDtXMeFqyFnk9uiX,tron,USDT,issuer_freeze,,,2025-02-27
TAv48ULYZr5HGW5GT4FbggjYzmeq9FMP95,tron,USDT,issuer_freeze,,,2024-02-15
TAv7Y9LQzZKzYv8mUXpkvcFDtp8bGqQmS3,tron,USDT,issuer_freeze,,,2026-05-06
TAvH6BXSGZjNHY9bmt3YrFk2ETqEwc5HCk,tron,USDT,issuer_freeze,,,2026-04-16
TAvb4AuHyNjdSAYfrwp6xqvND3e3EeznkG,tron,USDT,issuer_freeze,,,2025-08-14
TAvr9mKJEtSvmhoq5Ap1cbZy3JsC856nhW,tron,USDT,issuer_freeze,,,2024-03-01
TAw7SiAjAaP3u1MoZS3D5nvxAfHGGSuuvV,tron,USDT,issuer_freeze,,,2026-05-14
TAwGXJHoN1YmY7iG31ogqaqVRnPChx6Pr9,tron,USDT,issuer_freeze,,,2022-10-06
TAwKYB3UCVBn9Anp7XfZb9vsNQmxp1Q4Rr,tron,USDT,issuer_freeze,,,2025-07-12
TAwX7GYHR9dVkbnq39VTrrepunqAFhpty9,tron,USDT,issuer_freeze,,,2026-06-05
TAwss6F14DXgVt1UGNoghkBrBLo7XjYvMv,tron,USDT,issuer_freeze,,,2026-08-17
TAwwjX6evHVmtxDj3mc9RzsUj9TCdVevE3,tron,USDT,issuer_freeze,,,2025-07-12
TAwyMsZFDTNYYSqVsuvx4uDd3Nb9X6PnND,tron,USDT,issuer_freeze,,,2024-04-16
TAxUhceUDYWfXrqTzSkQWVhF7qXPQn7YoB,tron,USDT,issuer_freeze,,,2024-12-05
TAxzNGTZ1CSxCPbXEAYeJe9rh7qJDEMKKK,tron,USDT,issuer_freeze,,,2022-10-06
TAyEUEVBzaAFTfqTcNtnS2BGeQ45jQXMK2,tron,USDT,issuer_freeze,,,2026-04-05
TAySoap43zAWFj8CDi7UaWAG6UVEzGDvRz,tron,USDT,issuer_freeze,,,2025-12-17
TAyTspijrk2C7w5xBMCU84jWirvD3hMscP,tron,USDT,issuer_freeze,,,2025-05-28
TAyWMHJAWniehwQoLKZErKFWFVjS3ctzP2,tron,USDT,issuer_freeze,,,2026-05-02
TAymJgPkYd53YqHumBiQR3sTaJppyC8Kad,tron,USDT,issuer_freeze,,,2024-06-17
TAyu7Wv9JFShfiLnUJDpWJgUAFriT4ufcz,tron,USDT,issuer_freeze,,,2024-08-19
TAyvZwctn9y734QaPGUx5idpxEN11ZXVh9,tron,USDT,issuer_freeze,,,2025-07-12
TAyw9L3gNoTtKCGRgKUEcBG3kw5zpfD1GC,tron,USDT,issuer_freeze,,,2026-06-16
TAyyDV6fzXizofPDdhy3oqgzvny5pw4qSQ,tron,USDT,issuer_freeze,,,2025-07-12
TAzA8jgXBEBedSbvo2nRnPXgemM534j2TB,tron,USDT,issuer_freeze,,,2026-03-10
TAzDmeBWuKiX1HztaxCMfTiwNRZdwNtYhb,tron,USDT,issuer_freeze,,,2023-11-25
TAzFgELeKYEZB8N6cr4fRJz7aJdE7QLvA9,tron,USDT,issuer_freeze,,,2025-02-19
TAzUmcn6UfMH1P1bdEUmkwv6teznNnUSD6,tron,USDT,issuer_freeze,,,2026-02-23
TAzZPV4dJ74r1nKMvXDirZejJzP5LFQVC4,tron,USDT,issuer_freeze,,,2023-07-07
TAza2QhwZnk2affATf9bxNXw7xJdnP1Rj1,tron,USDT,issuer_freeze,,,2024-12-13
TAziD1gseQZjy2xN7EjcbLE9FnvqKrKtBU,tron,USDT,issuer_freeze,,,2025-05-26
TB17cyrRgKP2iYMH5F2Qhk4Jb97vRqwKpK,tron,USDT,issuer_freeze,,,2024-06-06
TB1GEzrwHkEWJd65ZQXpxXrit9AbK7JfK8,tron,USDT,issuer_freeze,,,2022-12-12
TB1K8MCrzNm55MFSRDvQtsqsipq445WBX1,tron,USDT,issuer_freeze,,,2026-05-12
TB1P5zFoxjYai2w5Hx1Qs4tEZkoRcnG4Zk,tron,USDT,issuer_freeze,,,2026-01-14
TB1aNKpHKUDrJhADaSUn5sabpsDzrfa1cM,tron,USDT,issuer_freeze,,,2025-07-12
TB1eUPPRXxCwtf4osrTsDMCB8BhBKFmdzJ,tron,USDT,issuer_freeze,,,2025-07-12
TB1fg65dS5ZBR4JL8FKc8C87oiubwkrErL,tron,USDT,issuer_freeze,,,2024-04-23
TB21WFoMPXndDq75BFncqHem2RYQZHxtgz,tron,USDT,issuer_freeze,,,2026-06-28
TB2EYuQ3otm7E23wh7homzwPYpzd7adGZ2,tron,USDT,issuer_freeze,,,2025-04-04
TB2gKastfqJCrWJooZEpnk5iERrUNqJcny,tron,USDT,issuer_freeze,,,2024-12-07
TB2jN5C8AuFccWo3BnkBmzUTCdin1TqMyQ,tron,USDT,issuer_freeze,,,2026-07-27
TB2nmTVQWyjGBJ4ScTG7LysQ6zWiH2vsLg,tron,USDT,issuer_freeze,,,2026-06-25
TB2wknn16HXw2tkgY7c6vbgfR5bE6Lrvf6,tron,USDT,issuer_freeze,,,2026-03-19
TB2xQq7Th8T1Uz1eQyCjiieMRqGpbuqMfK,tron,USDT,issuer_freeze,,,2025-09-04
TB2ykVt5pb5cJe7hq1u6k5XSvaEHYhWXx3,tron,USDT,issuer_freeze,,,2025-04-07
TB3KQ8Njzuac3i9R7zuYKdY1XUeNSomnYH,tron,USDT,issuer_freeze,,,2024-07-25
TB3LCXjwz4xfc2GoVLC9hyjhikCPjFi72r,tron,USDT,issuer_freeze,,,2025-07-12
TB3ZZb91jbRFjB8M5RTfPsGay2BD5krehJ,tron,USDT,issuer_freeze,,,2025-08-08
TB4KVLwgrigYgtwEpZ8XADfDdxqnTedwR8,tron,USDT,issuer_freeze,,,2025-07-12
TB4SjtUxzLAhYs6pSX1kGCbaRZpg9KmxSm,tron,USDT,issuer_freeze,,,2024-12-03
TB525xGAW9BUfyLA87mDD1AbD1MPwypeHx,tron,USDT,issuer_freeze,,,2025-03-04
TB5KGKKvW16gNcTGKhFbXjFnCvxk1j8Njj,tron,USDT,issuer_freeze,,,2026-04-21
TB5eJNs5mSw96MsN3XHRgMEAYXGTyH1s6L,tron,USDT,issuer_freeze,,,2024-03-19
TB5jiQrXGwMiikK5PU4ipqmSTHVGzt8jab,tron,USDT,issuer_freeze,,,2025-07-12
TB5tyKz6Cpq6nCJdRPtzXTTGK3Pa7BYqCb,tron,USDT,issuer_freeze,,,2025-03-03
TB64a1TLyhcZvfU4MZEdM8HiapCkYVcj1X,tron,USDT,issuer_freeze,,,2022-07-31
TB69MVJsN7eXrUq872Ecq5C2hqxvysHxGZ,tron,USDT,issuer_freeze,,,2023-12-08
TB6PG69uKdN6NJirx8PnV7mJMVh4XRZvzp,tron,USDT,issuer_freeze,,,2025-03-11
TB6TbZNSW9xUgVQwDk8xxA8BvF7tKYLJpz,tron,USDT,issuer_freeze,,,2026-04-22
TB6W5UCxfWkLYyh9tryThFDUhNAHXccfVo,tron,USDT,issuer_freeze,,,2024-06-17
TB6agEwmYP71w9Tu5Wf8Gjtvraqz2NM2JA,tron,USDT,issuer_freeze,,,2025-12-24
TB6kLcLeBDtzrEtq1vp7rSUzUowBH9wMhs,tron,USDT,issuer_freeze,,,2024-09-22
TB6kM9BfC6M5qeCFwB1JCKWESWuasG7HMB,tron,USDT,issuer_freeze,,,2025-12-23
TB74jkGGa32TfzKuBGxbbAQWC8YKf9WBuL,tron,USDT,issuer_freeze,,,2025-09-08
TB74swHrg14tHs6rzNLubGbxmekmBq1Dg6,tron,USDT,issuer_freeze,,,2025-07-12
TB79ydZxvvMrtzSdugjW9ZD83zHTjaWSfq,tron,USDT,issuer_freeze,,,2022-10-06
TB7JxxceRcqnzct2UVZ37RrjXMW2qD4NeH,tron,USDT,issuer_freeze,,,2025-03-09
TB7SfGwFn1mBbB144HRjrQdu4Vk4Md4sUq,tron,USDT,issuer_freeze,,,2025-06-20
TB7ZXEDjaYNrjYPzx2oEZni2qfQLybLo7g,tron,USDT,issuer_freeze,,,2026-07-03
TB7bsLitBFA3ZHQReEEqCYKu1QZsbo7VcF,tron,USDT,issuer_freeze,,,2026-04-24
TB7rxSjL7cTfJyQeddcmubhSt7goVW7PH6,tron,USDT,issuer_freeze,,,2025-11-04
TB8JtrmBZNbPiucmVtK3hHz5nXgfw1Xk7K,tron,USDT,issuer_freeze,,,2024-06-21
TB8f9HqTb3RunJvP73YdpySv8U4T7fTpBR,tron,USDT,issuer_freeze,,,2022-10-06
TB8kMGtFeEZpqda3YNBLQ8MV5yXeTjjgNJ,tron,USDT,issuer_freeze,,,2024-12-04
TB9232EjpG3SRjsfqjBRxuenqDE1p1yQAm,tron,USDT,issuer_freeze,,,2025-01-24
TB9JJmD88jcMZFDaNNVTZ7s1hY31P4ZLFk,tron,USDT,issuer_freeze,,,2025-05-28
TB9RgLd9VSdx7ftNdnTZSegUJtHMk4fGk8,tron,USDT,issuer_freeze,,,2026-07-31
TB9kgJYNMzRZbG9m2NYmBEhwTGdyohPC26,tron,USDT,issuer_freeze,,,2025-07-12
TB9wvrdrqT57xfeEwRTm523iMhiJHc71R7,tron,USDT,issuer_freeze,,,2026-03-02
TBA49hBJgXB5sSFiLhpsY7FEuGNRFU1kEW,tron,USDT,issuer_freeze,,,2026-06-16
TBABZTh7p3tZGMnMefQkjqZuuyQK4iBCkS,tron,USDT,issuer_freeze,,,2023-01-20
TBABopLRMDqtG49RdNQLhk9Kf8K32B5bnr,tron,USDT,issuer_freeze,,,2024-08-23
TBACGhUxvjiwgFbZ9JwUXUjr95mfQFC3uT,tron,USDT,issuer_freeze,,,2023-12-20
TBAMocFtauqvnbBdcJb8vHcVupMVX2AdNo,tron,USDT,issuer_freeze,,,2026-03-05
TBATtY8xjfAR2cs3UMDy1dPBPzsxJxEHPE,tron,USDT,issuer_freeze,,,2026-09-12
TBAeDUzHFtnHEzSWebPfJtKDgY3zocTaZJ,tron,USDT,issuer_freeze,,,2025-10-19
TBAzh5eCZPEZDLN4tfB5o4CgcgYwyUQbz8,tron,USDT,issuer_freeze,,,2026-05-15
TBB7KtqJu1x13FAYnmWcxpdr1W9GmtLtfS,tron,USDT,issuer_freeze,,,2026-01-10
TBBa9tMgiamfvDw46BzjRMAhRYwCRg1Yor,tron,USDT,issuer_freeze,,,2025-11-14
TBCL9o5cqWGspAPKzWygL49XUDSopYWWse,tron,USDT,issuer_freeze,,,2024-06-21
TBCbiPRN16RD1o6AP6hgcMBbyeSnqHps61,tron,USDT,issuer_freeze,,,2025-05-16
TBCsCaNXp2ZXXfFXYVSYS3XtsRPuu5yePb,tron,USDT,issuer_freeze,,,2026-02-26
TBD149szu7Nv8tXkRpxALzu8QP4GXhPCm3,tron,USDT,issuer_freeze,,,2025-11-20
TBD9oooV15baymrQNz5ZDYyhqmGDVNUdeB,tron,USDT,issuer_freeze,,,2025-07-12
TBDAokiZUUL8Snxi3bYzGr4oeb6Pyuy2fn,tron,USDT,issuer_freeze,,,2026-07-06
TBDevfELRo5qDvXohrCLuN1ypZADBJ4p1x,tron,USDT,issuer_freeze,,,2025-09-11
TBDmQCd36TXqBSuf2gNNhzyN5c51i5hm1c,tron,USDT,issuer_freeze,,,2024-06-14
TBE2DkQ7KY35S5JZHrgUnyWjPB12bx8guQ,tron,USDT,issuer_freeze,,,2025-06-20
TBE4vEGx69jWbY2VjsUWamZpEnbAvr3oiL,tron,USDT,issuer_freeze,,,2025-08-14
TBEF28qZEdGteurhDmRdBdX9qhEes6qt8w,tron,USDT,issuer_freeze,,,2026-03-11
TBEVM3yAhc1mii6zWZh9FiHNDj8z3H1jxj,tron,USDT,issuer_freeze,,,2025-06-20
TBEaw9JbRyf9EchwLoPVkikzK85PsteycC,tron,USDT,issuer_freeze,,,2024-11-06
TBEkhizGd8KCei5o7Cc1hewPkGpdQToP7R,tron,USDT,issuer_freeze,,,2025-09-18
TBF37Z5PD1CVHk6GCoqUKEk414cVbA4544,tron,USDT,issuer_freeze,,,2025-07-12
TBFEjMwcGP1jTwzNm3U6hMRGHeSCXXKmKP,tron,USDT,issuer_freeze,,,2025-05-16
TBFQruoyRXppGVbsCxfHx2BK72CiVRf7K5,tron,USDT,issuer_freeze,,,2025-07-12
TBFYfmUn1AZWy2J4QiCZJg8q2SScKY6mDL,tron,USDT,issuer_freeze,,,2025-05-28
TBGUxvei3VypstFG8cp26R9J7nx7svPNK3,tron,USDT,issuer_freeze,,,2024-10-11
TBGVAapGWq43joPbmRu6snkMgUcvNKcqUg,tron,USDT,issuer_freeze,,,2026-03-30
TBGm5DRDCp8vkvy9ALnkKbKhR213EXv5ew,tron,USDT,issuer_freeze,,,2024-08-04
TBGpTwMkvVZ7Aft8fmmAg5gkivtnc87915,tron,USDT,issuer_freeze,,,2026-07-01
TBH2ma4mK6EQ9bNQY1xJcUvHMjuqZCms6v,tron,USDT,issuer_freeze,,,2025-08-08
TBHDokJ4f7Cf25AZ1VCJtrUYAHrWzUzRMD,tron,USDT,issuer_freeze,,,2026-04-25
TBHVEouUw97ByiGW57Qi3QhbNR6B3LHZsQ,tron,USDT,issuer_freeze,,,2025-07-03
TBJ7cNhEdUXBhPdyX5snKbrSXT3E5T8AsP,tron,USDT,issuer_freeze,,,2026-06-29
TBJG3Gj8yLm4az8swjUvtCK3kV5AwnoWMg,tron,USDT,issuer_freeze,,,2026-08-12
TBJT9BP7cM5yYne9kTdf2HNu9mX1WpRQpt,tron,USDT,issuer_freeze,,,2025-07-26
TBJvxJn9j2Kw68EzmAVzXAqvKHGQUh5FoM,tron,USDT,issuer_freeze,,,2022-10-06
TBK2tFYj2w14e8mkDuk6FdRKz6KQ29e6AP,tron,USDT,issuer_freeze,,,2025-10-03
TBK8S6JAMKN411N7qxr1K3FJUQ9BwGohHj,tron,USDT,issuer_freeze,,,2026-01-13
TBK9gX13g3wSEZXgGPqmtVoj8AD5qKeEDW,tron,USDT,issuer_freeze,,,2026-03-26
TBKAq127AKrreuAdUvbvFjoZyuNqsZiQn6,tron,USDT,issuer_freeze,,,2024-02-15
TBKB16TnsFitUB6MUZmtBzL1Sr7i74A4hB,tron,USDT,issuer_freeze,,,2024-05-28
TBKHmL1tLTevWXmJVSWeCcUCpzv13se3zi,tron,USDT,issuer_freeze,,,2025-02-24
TBLFJACC6kuRLrAjbSDK4SXYXG3Ev8ztRb,tron,USDT,issuer_freeze,,,2026-08-26
TBLXYmkZYo9p6iJu2Fdvnd4HjmqDJmBNVv,tron,USDT,issuer_freeze,,,2022-10-06
TBLatvsCUztnasGHK1mk9hTiCCRHrLenRc,tron,USDT,issuer_freeze,,,2025-07-12
TBM15C1DC4P8DHM5iq9D1rJGZKZ6byQ6zd,tron,USDT,issuer_freeze,,,2025-11-04
TBMdUDqjZb7MnQ4jxnnaanDUezguNCv8hE,tron,USDT,issuer_freeze,,,2025-07-12
TBMwacn6z3V2tYJMietUAzktc8rqmQYe96,tron,USDT,issuer_freeze,,,2026-02-04
TBN1zLBXtHPiNybAErjw49fCjRC85PaE8B,tron,USDT,issuer_freeze,,,2025-07-12
TBN2fUS7CuXi5efHLCqGqxR65RhmY2HDRa,tron,USDT,issuer_freeze,,,2024-10-28
TBN3Q2BhdNDzbAEhA7doN3emR1kBPYfX1g,tron,USDT,issuer_freeze,,,2025-07-15
TBNPRj3t3BbxELm7WNYfU8gEewrHgdRsT5,tron,USDT,issuer_freeze,,,2026-06-18
TBNiho6W52mi6WGyeSzCHUdKh73efYt1NK,tron,USDT,issuer_freeze,,,2026-05-25
TBNtaLCv4HgjSkn4xWgcpzfzYeW5e1SMKg,tron,USDT,issuer_freeze,,,2021-11-09
TBNu9AXxDr9XMA7bKLE8a5SLM5fTRgrW6J,tron,USDT,issuer_freeze,,,2025-09-15
TBP7RsMKE1oDri1T1RNG2yjTyaomk5DYPN,tron,USDT,issuer_freeze,,,2026-06-10
TBPAr31gf2KHnyHLMuTNqqz9rm1e8esEjV,tron,USDT,issuer_freeze,,,2026-01-06
TBPCNzuG1mTcDzuifx3jXocQJP5MDKAkEG,tron,USDT,issuer_freeze,,,2025-07-12
TBPEsqxRkLQbqcoByErENbyb2nUkqeSzLk,tron,USDT,issuer_freeze,,,2025-09-17
TBPQYcnUz8JhwsFDMn7ETUamPPPCtyUQ6i,tron,USDT,issuer_freeze,,,2025-02-19
TBPXfNrvdx3ZhVoejuhyY625ZqytvvNFzc,tron,USDT,issuer_freeze,,,2025-07-12
TBPYMs5DpWJmwzHEWgEqFnD4dffzWZHbzx,tron,USDT,issuer_freeze,,,2025-11-04
TBPeL7HjKExMUer7YGNEbNALEsQn2wdFoK,tron,USDT,issuer_freeze,,,2025-07-12
TBPruJVxSaLfquP6e3kT2B8Hy7Zm7G6QNK,tron,USDT,issuer_freeze,,,2026-04-10
TBQAcDhao3qB3S6WHoGotu7w773W2bcUC2,tron,USDT,issuer_freeze,,,2026-03-24
TBQBVVejG7JyrMV7zzsgxZvyY5tKvSusH7,tron,USDT,issuer_freeze,,,2025-07-12
TBQNh8p83gSEkmnyQajS2q4mJDJB3iJj4E,tron,USDT,issuer_freeze,,,2026-07-01
TBQbqpGCBAX2Pf6iyzcFsshxFYzMbNHBwm,tron,USDT,issuer_freeze,,,2025-05-26
TBQo473YpWV43u482wG5qtiaMV6RFxRe3W,tron,USDT,issuer_freeze,,,2022-12-28
TBQtWzeDqyZ49BUnvW2ZqEn8Dn3546VWMp,tron,USDT,issuer_freeze,,,2025-03-19
TBQtkT59wQgniJjkQPE6pjTFpijBpx8amY,tron,USDT,issuer_freeze,,,2024-09-18
TBR2fujXQopPyCiuqu14hg6r22f174b7Cw,tron,USDT,issuer_freeze,,,2024-11-19
TBR4Q645azFL553qgmL35eUuLQsx4HF5ef,tron,USDT,issuer_freeze,,,2022-06-02
TBR66WYtoWUpz31zYYADiMZ2kzhhqB15LA,tron,USDT,issuer_freeze,,,2026-09-13
TBRBdndo71udHrzog1HuwBoJiP5JWAiKrM,tron,USDT,issuer_freeze,,,2025-04-29
TBRFzmv79J5A8RZjJFta99nEPr9QjJBg4u,tron,USDT,issuer_freeze,,,2026-04-22
TBRMaTo8wkvzypbVNkLXDJtosbe6HHYcfb,tron,USDT,issuer_freeze,,,2025-04-04
TBRiUunEsSVo1NtBQZAg5f3SoLfAnb3yKK,tron,USDT,issuer_freeze,,,2026-02-05
TBS4fkSVZ6NqQ8F5BRScgWGmKpAE2tetrJ,tron,USDT,issuer_freeze,,,2025-05-26
TBS5WjmCRcahTCKBbT8MkDdNV9pbUr3rRS,tron,USDT,issuer_freeze,,,2024-06-17
TBS7gwDQoLNFjuKtmzMv5AwUTeQdufpGST,tron,USDT,issuer_freeze,,,2026-01-12
TBSBTD8YDQXUhuxYV89ToMtmoXGKsGQVtJ,tron,USDT,issuer_freeze,,,2026-04-02
TBSETikTUFzJ5Z5a28mFtoQFjcNCYRQ3U2,tron,USDT,issuer_freeze,,,2025-10-28
TBSfqRB3LQxsFq125hEnCUNtJvG3DfDonM,tron,USDT,issuer_freeze,,,2025-12-22
TBSoSZNNURhFghhEuJ6urR68c8YJnVrdRW,tron,USDT,issuer_freeze,,,2025-05-28
TBTKGi4QkMEGcrMwcWHPzVgmqLWbgXFMhg,tron,USDT,issuer_freeze,,,2026-03-06
TBTQRyvmwABXWHySaGarRmYXzPd8mNdqQB,tron,USDT,issuer_freeze,,,2023-07-13
TBTcCRRPcJ195RRHN6m7tvXcuU8J1GdC4P,tron,USDT,issuer_freeze,,,2022-12-12
TBTvMgFiGTvHNsEfxdxidKLBj1KfSLRVJR,tron,USDT,issuer_freeze,,,2025-07-12
TBUGz69P2nwbmP3TNb9noFkRBNQrLEoDCw,tron,USDT,issuer_freeze,,,2026-03-06
TBURBSfUjeYLiXZL9AeboP9FXL4J3i6AQp,tron,USDT,issuer_freeze,,,2024-02-15
TBUb9jES772oENinv33b1WhDqY6eYqVxNB,tron,USDT,issuer_freeze,,,2026-02-17
TBUkR8Uqd3Lf4K4n6EVdoaVeuYXkSYWwQ7,tron,USDT,issuer_freeze,,,2026-09-09
TBUn61PA5Ldp9HaqNnMsU6eXztFECUpDfx,tron,USDT,issuer_freeze,,,2025-07-25
TBUxpBYW8VVoQHaL21HLMeRVgF5Bw4uQCZ,tron,USDT,issuer_freeze,,,2026-05-25
TBVr2uqMrC8iTuaxqaKdF6upPg1aDsBNqN,tron,USDT,issuer_freeze,,,2025-07-12
TBVsdsFnsAf7Cm9KnV4U1jgRTkKXZzL7Z8,tron,USDT,issuer_freeze,,,2025-05-30
TBVxNADrH9csfKmyXfyukv2RN9JahFHUoA,tron,USDT,issuer_freeze,,,2024-06-17
TBW72nxnKz8W2eAhPvShkLNq4mkZoyKDCz,tron,USDT,issuer_freeze,,,2022-10-06
TBWGdzWSsQzPzPfKFW68DvaeRut45kHG8f,tron,USDT,issuer_freeze,,,2025-06-20
TBWH6TkPLqM8U9gfX4bqnDHoUUVqurZWGe,tron,USDT,issuer_freeze,,,2026-05-14
TBWLJXPHvaMsoyxTy92kQJ3Do8aPwDcEKo,tron,USDT,issuer_freeze,,,2022-10-06
TBWwryyBvGC8edGJ2uFD5MBEfww4YczoCr,tron,USDT,issuer_freeze,,,2026-03-05
TBWzdPEYce4naS1VMQNrttyoomKcMUT8Yu,tron,USDT,issuer_freeze,,,2026-07-08
TBXAPUTXDbV84z41jze77yyTH5cZygdoXJ,tron,USDT,issuer_freeze,,,2025-07-12
TBXcNWnTgLcuLnoLv1Zdg2hSd4uiGGFFni,tron,USDT,issuer_freeze,,,2026-06-09
TBXctCXtNVX2qchPGbXRfA3MYRrgNKA5vK,tron,USDT,issuer_freeze,,,2026-06-22
TBXu8Z4e2XJ8jqQTSDPbXLrjW2xqDktr7U,tron,USDT,issuer_freeze,,,2025-08-06
TBY2Tpu7Whokfc1r1bzAXcGoqtjFnU4EMn,tron,USDT,issuer_freeze,,,2024-12-05
TBY8yFErKy2KdziTvMJCKJ5xNASH7eSazC,tron,USDT,issuer_freeze,,,2026-04-20
TBYBkQCBNWaAQkbhZG69Ee8xnZ8Cmk7o8K,tron,USDT,issuer_freeze,,,2024-07-23
TBYqvtTZzT2JLfAPaAUgaiR6PaMyLB4eBj,tron,USDT,issuer_freeze,,,2026-08-10
TBYuwHBagBzi7DxiK9LiNsHFTWqA9KNuu5,tron,USDT,issuer_freeze,,,2023-12-26
TBZJR9JGBAeaNBN2J3v9MWb8MHj4BbhmFu,tron,USDT,issuer_freeze,,,2025-07-12
TBZRekL7YiwHfFSsjXd56UCVj1ULmbduqD,tron,USDT,issuer_freeze,,,2026-05-22
TBa9BaEjSKu6uPXfpcgJrqUE5KcuvR2pK3,tron,USDT,issuer_freeze,,,2025-07-02
TBaBYZNqMTFU6Qg9LMPRXYYQLj1mJVz98V,tron,USDT,issuer_freeze,,,2026-05-05
TBaEHzh6ZA2jCarBMwmnU1jxnENmCVNrv1,tron,USDT,issuer_freeze,,,2025-08-05
TBaQcKyur6jv6RPonEa54U5tXK4js3j5a6,tron,USDT,issuer_freeze,,,2025-06-20
TBaTpE5ezRGkCBz6h8gh63SHB6k7DLVHrU,tron,USDT,issuer_freeze,,,2025-07-12
TBaajirS5Tgw467o8GvH91AueSDphjePDX,tron,USDT,issuer_freeze,,,2026-09-01
TBbZvUSgFfv8ZXVYpX3ntWJgbE9QqpFZVB,tron,USDT,issuer_freeze,,,2025-08-07
TBbqThpiqguqrFaWZoPRp5N7ZkRSByf8Af,tron,USDT,issuer_freeze,,,2025-10-30
TBbweFXXeVUfKntRX4bvYPuFpmra1bSYcd,tron,USDT,issuer_freeze,,,2025-08-11
TBbyn6UVtBqAfFVEieWa8xHGuohEmaSaUJ,tron,USDT,issuer_freeze,,,2026-04-15
TBc9MmM1SQVa8eLKjsh2DAFovAucvR1PnP,tron,USDT,issuer_freeze,,,2026-03-03
TBcfznw2PooPj5aPkB6AYwUWeoF8E72Gpo,tron,USDT,issuer_freeze,,,2025-04-28
TBcknFacHAEZ2NyApYdr4rkUeqc3RFbaJh,tron,USDT,issuer_freeze,,,2024-02-15
TBckzYfZmerBiHWVs5cpXqsvzty58xirj8,tron,USDT,issuer_freeze,,,2024-08-16
TBd6TMV3DtfAFj3G3WHaPpQKPWsSqNir9f,tron,USDT,issuer_freeze,,,2024-10-29
TBd8hRei7XmGo1hdSqa8jA5ZTKY673Gy6r,tron,USDT,issuer_freeze,,,2026-08-11
TBdYv8TM3LHjHV6g5MfU4cQAhB1t3UbvmS,tron,USDT,issuer_freeze,,,2024-11-04
TBde7YjnsecNfd3LVLumXs3nkDwEua3vg6,tron,USDT,issuer_freeze,,,2026-08-11
TBdeti1VzByPVEX59Zk1AEKwTAfgPAp8Mq,tron,USDT,issuer_freeze,,,2025-02-07
TBdrCdX9TSoDu5k9kFTM65TWP9KkQf14JM,tron,USDT,issuer_freeze,,,2025-01-16
TBdyTBQxjXgsXgoC5uCaBoiWQEvdAYukkD,tron,USDT,issuer_freeze,,,2024-12-09
TBe8K4DuetSq8VEvztwVA6RuqsxfzRFN1L,tron,USDT,issuer_freeze,,,2026-06-27
TBeLzS12mR4FHNqpQ4StKWNXkuCB5MntHK,tron,USDT,issuer_freeze,,,2024-12-09
TBegmXo2j3tAWPBWkueaWVCzh75HoWNHem,tron,USDT,issuer_freeze,,,2025-07-09
TBf2iZ2ELMCLH4UZwFJqWMB455m1vuUtZq,tron,USDT,issuer_freeze,,,2026-04-09
TBfEmxaUcrTKyRWdUPY2wh5tF4oJ3yfx4N,tron,USDT,issuer_freeze,,,2025-11-05
TBfJF5ApwcaYPJ1kNAGH5ANXZoPqNcumNN,tron,USDT,issuer_freeze,,,2026-07-30
TBfSut1N7dm7mAGPxkFzXperU9RQpQ8mGG,tron,USDT,issuer_freeze,,,2022-10-06
TBfn32UgSfbJkb41ecwyXSY1DV768EasiG,tron,USDT,issuer_freeze,,,2023-10-02
TBfr4RpGFLFiZKzMcfT8DqHMTcRaoCPMYy,tron,USDT,issuer_freeze,,,2025-02-10
TBg5Z6i3xm4V13rHj9TeDQ2TLnXwPQQjuQ,tron,USDT,issuer_freeze,,,2026-03-14
TBg89wzLHTLL9fqsRtB38EebexPRbs6LRP,tron,USDT,issuer_freeze,,,2025-07-12
TBgBxaP18eRC4a4BpG4SGE1Qc9N8pu9ugi,tron,USDT,issuer_freeze,,,2025-11-13
TBgbVafgY7WvKQnLvWGkgmPhrH8xd4ygGV,tron,USDT,issuer_freeze,,,2025-08-08
TBggX5UurNYDdkZUnxofoNWW5dHMFUgnuU,tron,USDT,issuer_freeze,,,2025-09-19
TBgrbeMEsagESCSdih3nGKB9kMuaHQnhmU,tron,USDT,issuer_freeze,,,2021-02-01
TBh5t6Gy46ae48uaFTWij1u5RGLswWjvrt,tron,USDT,issuer_freeze,,,2025-03-19
TBh6aiHjU3nnN3WsPAyCGidZrwEzBCmCdR,tron,USDT,issuer_freeze,,,2025-03-19
TBhHDvAFke59SaeJDis7q9i15bWb8WzpTA,tron,USDT,issuer_freeze,,,2024-10-15
TBhZLD3naPTe6JHQhiZTY1Zjbf1TwLiGpD,tron,USDT,issuer_freeze,,,2025-05-26
TBhbgoFQyXLBG3b7R3U95dCjB4p5cK4EcU,tron,USDT,issuer_freeze,,,2026-03-02
TBhpLDY5eqHKnnVYSwerRgQJkP8EafFTum,tron,USDT,issuer_freeze,,,2026-06-11
TBhpoJxdk7M1oLsFbxnFGoQ8diuhmvYbfH,tron,USDT,issuer_freeze,,,2025-08-08
TBhvUnwBdmJdgLCjCak8HBQx1Kx5aMrSiF,tron,USDT,issuer_freeze,,,2026-05-01
TBiAdPQfkCM7pc7UesfMDvhBW3cX558q42,tron,USDT,issuer_freeze,,,2022-10-06
TBiK3HFqR9qaCuCPvcDKbAQLVEJT6Yf6zs,tron,USDT,issuer_freeze,,,2025-07-12
TBiVDvh1B2Nik2gh3uhX2ajRGbKqthwme6,tron,USDT,issuer_freeze,,,2024-11-06
TBiYEycZ41C8BXvp34PKUwR4q4ecGFjVsm,tron,USDT,issuer_freeze,,,2025-08-11
TBiaTDNttCzvJ4CzfxEqK48S1CS7pxsotQ,tron,USDT,issuer_freeze,,,2025-10-30
TBiePoihMjTRuaFS5wqGkKCyf7H9k74eDn,tron,USDT,issuer_freeze,,,2025-04-04
TBipjUFsysmhqCM1YzAM5yc3m729pW2KVF,tron,USDT,issuer_freeze,,,2026-04-15
TBjeUKRDJSC7ZG6VPgK4pHAmzZsGgdNscc,tron,USDT,issuer_freeze,,,2026-06-23
TBjoV8kAJftPcuM1gCzAHFc7DfDA162JBt,tron,USDT,issuer_freeze,,,2022-10-06
TBkP2Muckuw6ocUeaiSq6B48bPTHbjc4MK,tron,USDT,issuer_freeze,,,2025-07-12
TBkeJK5EWcvamKNCPmi3224xLijnqXEdP8,tron,USDT,issuer_freeze,,,2025-10-28
TBkj8chBcFnQmDwPkY3oA1W4GGEBo3fR2o,tron,USDT,issuer_freeze,,,2022-12-28
TBkuXtEFTxwQmowPzbY29XDAh7JBDyPWHy,tron,USDT,issuer_freeze,,,2025-03-05
TBm4UYB2QXY4orhDDH8B94CAbrRg87uNB7,tron,USDT,issuer_freeze,,,2024-04-10
TBmBwya9XzMcEQdwEuJ52XfwvXTdNNa7WB,tron,USDT,issuer_freeze,,,2026-08-17
TBmCuxojPcBW94V7c7Cs1MysvZdDsvhw8r,tron,USDT,issuer_freeze,,,2025-07-12
TBme2yyZ6Mvbc6C23DhdiNDcGGLL9qD9KE,tron,USDT,issuer_freeze,,,2026-03-14
TBnBfPM4DarHRamDqJo15kK7foJv6uePWq,tron,USDT,issuer_freeze,,,2025-05-01
TBnEJPxMrxPh6z2Jz31AnZm7hSBmSPo374,tron,USDT,issuer_freeze,,,2025-07-12
TBnFZX8pjFAmH4nkkev5PDYHLY7FyFPmHG,tron,USDT,issuer_freeze,,,2024-07-26
TBnNzbQfPrkpWoiiYNr5kzC9JMNDY3f5rr,tron,USDT,issuer_freeze,,,2026-07-06
TBnTpgHmxp4tkKqFH3AKh54jM8Um3wjPbJ,tron,USDT,issuer_freeze,,,2023-02-20
TBno2EHLJ8mm7KMxPuByEdCEH4m4z6gQrm,tron,USDT,issuer_freeze,,,2025-07-12
TBo6abebYprVVWABcXbpbgtgGRtmeRSrdz,tron,USDT,issuer_freeze,,,2024-04-09
TBoLpGvwwgkQkDrzipQuhf6um9yFWehv5h,tron,USDT,issuer_freeze,,,2025-06-20
TBoPmZeYGAsMMaAUwq2rbjJhaazL72fVXW,tron,USDT,issuer_freeze,,,2026-06-10
TBobZSW4Liko5h2uHFC5hHhbwuV35kSL78,tron,USDT,issuer_freeze,,,2025-07-12
TBoqV8FmXuPpviRboyyav7Ak3p6kzUvxZN,tron,USDT,issuer_freeze,,,2026-07-09
TBp5sAsNRkn3vUpBWLN16hQBk7vW9TtCZz,tron,USDT,issuer_freeze,,,2026-08-11
TBp6ivazzh2siPni4h53BJ2oPRk67cbxTM,tron,USDT,issuer_freeze,,,2025-10-30
TBpAPguf7rQNFP9KwCFEuNqBeuxEaEi9JY,tron,USDT,issuer_freeze,,,2025-07-12
TBpEU1tGghjo5VnQyX66HmkXhwYxqrygFh,tron,USDT,issuer_freeze,,,2026-07-02
TBpPMJ8JDS5r7A8cutrY9Fnu4FRwf6XPfc,tron,USDT,issuer_freeze,,,2025-05-26
TBpd3KreoaLP6Rk3qaeFBTzyP9xck3FjnQ,tron,USDT,issuer_freeze,,,2024-06-11
TBpeUdaFLNXkhMmnkPdhwjeeGxhugp33bH,tron,USDT,issuer_freeze,,,2024-12-19
TBq37vhZSJxZUXmk3XPNVX4a2PYShZFAzY,tron,USDT,issuer_freeze,,,2026-01-16
TBqHLutR56khGCtyocRLaN6Z8PYrhU228Q,tron,USDT,issuer_freeze,,,2025-12-04
TBqZLvWEBr2dLN9JkdgCHBisr98R2Bt5Gx,tron,USDT,issuer_freeze,,,2026-01-25
TBqeWc1apWjp5hRUrQ9cy8vBtTZSSnqBoY,tron,USDT,issuer_freeze,,,2025-06-20
TBqnwEot4KWNYpu7PD6Vkapcg5PRxLu55P,tron,USDT,issuer_freeze,,,2026-04-27
TBqpVanhwW76XNsGCQih7BDMYufEP6hLgF,tron,USDT,issuer_freeze,,,2026-06-16
TBqtDSbQEgk3wEa52itDkCpyLzcisXKxwu,tron,USDT,issuer_freeze,,,2025-04-21
TBqzNwL8vSTjHG6iW6REuDfNmspWaedJp7,tron,USDT,issuer_freeze,,,2025-12-23
TBr7jWuaCDesXdtzaUSNGTg5uErYDDeqWF,tron,USDT,issuer_freeze,,,2026-07-06
TBrEpQrp7orSAYt4CWP6Fzu5wsyqsNTutM,tron,USDT,issuer_freeze,,,2025-07-12
TBrkT7WKDgPHN4m5kkzyD9sFjerevpFchY,tron,USDT,issuer_freeze,,,2026-06-01
TBs6XaWFepJ5gK2bt5NZHZPKdRtAFLvbhE,tron,USDT,issuer_freeze,,,2025-09-24
TBseLNWNcqQsYxF5Nt6F7opnPanGa3m1i4,tron,USDT,issuer_freeze,,,2024-06-17
TBsgPLXLKdTecLdztdCTdqgaN22PuohLZf,tron,USDT,issuer_freeze,,,2026-07-27
TBskE33L3KiHdAFmstCndQyELg5RASqfsU,tron,USDT,issuer_freeze,,,2026-05-15
TBso2n2UrUzw5uMNxPD4862WB9Nd1kNKMq,tron,USDT,issuer_freeze,,,2025-07-12
TBsqzxrUNQMibcdXKHxcq5a9BPj4bnesGN,tron,USDT,issuer_freeze,,,2026-08-17
TBsxyoyFRnHvTfX1xGMCKyazJyF35tznAX,tron,USDT,issuer_freeze,,,2024-11-09
TBtN7uYEg3wfTLeuCrpEXjYBhdDauhgiRW,tron,USDT,issuer_freeze,,,2025-07-12
TBu211kqHSbHpB4FEyZyAx3Tokqty4L1Gd,tron,USDT,issuer_freeze,,,2026-02-20
TBuXTLTTFUsfngv2vTDZ3fMncQSV3NpJRu,tron,USDT,issuer_freeze,,,2025-02-10
TBunenmoyeqeqK6jx3wejuu18YyERaVvQC,tron,USDT,issuer_freeze,,,2026-07-05
TBupUXYY5K3FssLpT3tUxhZ8uiMbEn6ScK,tron,USDT,issuer_freeze,,,2025-09-05
TBvAz4vDdGteKFJmBs6P1VsNwR8ieFVpEZ,tron,USDT,issuer_freeze,,,2024-08-07
TBvYgN1EG1t4JA6qyFE1ww5YrtnJNSkjE2,tron,USDT,issuer_freeze,,,2026-09-09
TBwLBdTm4WivUh25epbBi8tMsdn1H6VfZQ,tron,USDT,issuer_freeze,,,2026-01-09
TBwNqpmsixtq5AGhKmn7WGbgcZovnfBJ61,tron,USDT,issuer_freeze,,,2025-02-10
TBwTDwXzAcQcbaWGbxDykAzDmVdSTA8AXA,tron,USDT,issuer_freeze,,,2024-08-04
TBwYT7av6NaD8BxAdmTjyboaZ5Fr6B571e,tron,USDT,issuer_freeze,,,2025-04-18
TBwrDgrynQKQtBSb11nUaeaJdRUyPgrhjW,tron,USDT,issuer_freeze,,,2025-07-12
TBwreaSGZy23wkLY7RSe6Edw9HZuCisegB,tron,USDT,issuer_freeze,,,2025-10-10
TBwsMsA7chZNUQZjrTQH4oinGaHNBW9GFg,tron,USDT,issuer_freeze,,,2026-02-26
TBx1vDWJPwUt3v4rXUTSN8P2zKSsLUgbjw,tron,USDT,issuer_freeze,,,2026-05-12
TBx5ut8C9mnkiZKycrXYxybgvoV15hWgJt,tron,USDT,issuer_freeze,,,2024-07-03
TBxCvqQiCQFJqJRc6GWdJhnwCZv4EDdVaV,tron,USDT,issuer_freeze,,,2025-06-15
TBxNchEydxgTcD9nyj1yKZxeume29yfd5c,tron,USDT,issuer_freeze,,,2025-07-12
TBxwyTRp8ia6fpJRPVv51ekEKY4VT7hW2u,tron,USDT,issuer_freeze,,,2024-10-07
TBxyRvxHuH7JCpLThZhesMg8rARRmpJcam,tron,USDT,issuer_freeze,,,2026-04-14
TBy3qXW6SnrcYxKYWtQ49ScQ74TsbaRBta,tron,USDT,issuer_freeze,,,2025-05-21
TBy7NzQag4w5jARY2e6iCYty9p8qL67q1T,tron,USDT,issuer_freeze,,,2025-10-30
TByPKMhNtwjgZV23iJu7bwejVmwtvk4TCa,tron,USDT,issuer_freeze,,,2025-10-09
TByiFBGTx83ptNhLiFcQJQxtnG66hs4GY3,tron,USDT,issuer_freeze,,,2024-04-09
TBykxSnFWpBr6TMu9t5yEVcCgBJrf6xvkM,tron,USDT,issuer_freeze,,,2026-05-23
TBywyYTxortatsDhSAuZdpzN4oLtQqxQ7q,tron,USDT,issuer_freeze,,,2026-04-24
TBz65TGwpnfQMjrp1NXg95xbk7jV8mEjXu,tron,USDT,issuer_freeze,,,2023-07-06
TBzBuvAGejw1vgmFYE6owFZyZ8c2LGEb5Q,tron,USDT,issuer_freeze,,,2024-06-13
TBzCax4uF7Mthzi1ZYwfKmfsoD3jc5ViAm,tron,USDT,issuer_freeze,,,2020-11-24
TBzEumLo1P4VDGo6eCEhromCohZ3Ps6rBy,tron,USDT,issuer_freeze,,,2026-09-09
TBzHXDXYdXNJxpZzfEGtUMZRsjK9CTCMG5,tron,USDT,issuer_freeze,,,2025-07-12
TBzJFUqzA6jp8EmaagMKCfenx339njzcWs,tron,USDT,issuer_freeze,,,2026-07-29
TBzLTfj8k8Jdr7rVsWzkNooKPSUiq7Z4hF,tron,USDT,issuer_freeze,,,2024-09-06
TBzVGf8zpE3apJkTG6H8VPjMegXY8heJwQ,tron,USDT,issuer_freeze,,,2025-07-12
TBzrPEsStbZAUx2SBhD4oHz8UW3FX9Ak9W,tron,USDT,issuer_freeze,,,2026-06-12
TBztr7WwYz5WWmx35pszu4Vkk3eNUgpHke,tron,USDT,issuer_freeze,,,2025-06-06
TBzue9WFhGVuNvkTSUwbqSvWPzQE2KSxUp,tron,USDT,issuer_freeze,,,2025-07-12
TBzuhf6JMGDRo55SatSbe5dBNMPFekQoXg,tron,USDT,issuer_freeze,,,2026-08-07
TBzyCqp1RV2V1y7AECqquGNx2o4nVMA2fz,tron,USDT,issuer_freeze,,,2024-03-09
TC1PHnEXWC8ji6ydb4CnCqyKhZrhdyAXfE,tron,USDT,issuer_freeze,,,2025-05-26
TC1d8ZY4jb4UNViZqJedBg79r8EnL9qkmQ,tron,USDT,issuer_freeze,,,2026-06-27
TC1mpB3PyfbS3bG13whkTVtjM1rk4UEMYk,tron,USDT,issuer_freeze,,,2026-02-11
TC1sowGbHvTjsCZPGchWFwTwRxEvgaYc4W,tron,USDT,issuer_freeze,,,2026-04-27
TC1xAC16VrXXpV1sYUVdocsE9TeP2VthTT,tron,USDT,issuer_freeze,,,2026-03-03
TC22Y9FnyK4BpEyPhMM3ibaRBZCxqU3NSV,tron,USDT,issuer_freeze,,,2025-11-12
TC2A7fE1ax8MZ24zhoj7reigjjxG2bsWK6,tron,USDT,issuer_freeze,,,2026-05-16
TC2FmSeLpH2AVUevdpM6D4fX3bAYayDaF1,tron,USDT,issuer_freeze,,,2026-03-10
TC2ksg2JRxke3EiGSRxZWud5hAdhaccQYi,tron,USDT,issuer_freeze,,,2026-06-18
TC2mMwT9vtiL3K9vCQ6QSmrWK5NcxjYaS7,tron,USDT,issuer_freeze,,,2024-08-28
TC2nBrdWgAr3Zo3bY3XVxiTpgXfTkad5Pe,tron,USDT,issuer_freeze,,,2024-10-10
TC2rBmPwDt2gKmeUG9SeeYWAUmZ1safBju,tron,USDT,issuer_freeze,,,2023-06-08
TC3EzusRSWnYgNrw2CV7ZMwcrADCviWnJq,tron,USDT,issuer_freeze,,,2025-07-12
TC3Rq7HCjAB9WKexbYfsaSBkm4GtV3PxqK,tron,USDT,issuer_freeze,,,2023-07-22
TC3e6H9uZjJrXhuxGTUoV37dcCJPjuaEXF,tron,USDT,issuer_freeze,,,2022-10-06
TC3ukGo1z744cBMX5wHFdiZZAJ9XSruqoV,tron,USDT,issuer_freeze,,,2025-05-09
TC3vYqERP99KRxmbpwSmwy9a4BxTAmPkQH,tron,USDT,issuer_freeze,,,2025-07-12
TC46m5nNeqdLVgmzJ7n24kZ8jyaCHDpjL2,tron,USDT,issuer_freeze,,,2026-06-16
TC4FQTAfqmk1sVqfMgQ49q71FpDqipMWNJ,tron,USDT,issuer_freeze,,,2026-07-09
TC4LT1DDC1LmXai4iiVXpGVQxbKghHc2iE,tron,USDT,issuer_freeze,,,2025-07-15
TC4jieJwuzbKeKVA4GBtd3ucz6LdGvWTSo,tron,USDT,issuer_freeze,,,2025-03-03
TC51ehWz8ze6dQfjtbk5Q3PgDuyXgxpqTu,tron,USDT,issuer_freeze,,,2025-11-22
TC5PgrCtGfeSuHNQbJ3ccgpe2BdvRQRd39,tron,USDT,issuer_freeze,,,2025-04-14
TC5S1MSU37Mjc7PqXpA9dPV4adY2jKJvxs,tron,USDT,issuer_freeze,,,2025-07-07
TC5brxdjv1m5BQ52km1bWhRWyRhTw6h7J7,tron,USDT,issuer_freeze,,,2024-11-22
TC66d59uus8AWhYDvAgWM55T8NRa7KNWAN,tron,USDT,issuer_freeze,,,2024-11-04
TC6EfDQA5eEJZkxXQNb1ffBo4oLcpSBGAz,tron,USDT,issuer_freeze,,,2025-11-05
TC6RcNYkj6FMJ92Bb3nLqsxktHkwX2Jvbt,tron,USDT,issuer_freeze,,,2025-05-16
TC6SygRegUxDdTSBGZkzCWZoB1ByRpZGih,tron,USDT,issuer_freeze,,,2026-04-15
TC6WxrikcxBQVN2vpChGwbJP9QEAPp7CoR,tron,USDT,issuer_freeze,,,2024-04-09
TC6erirFbuHeKsqDuikdT5kBpc36Y9UW2m,tron,USDT,issuer_freeze,,,2025-06-20
TC6ppudugsZAUFSZVrHCxLg1D8VNV4oRhM,tron,USDT,issuer_freeze,,,2026-03-29
TC6q1nmsC9KGhxUWGBaRWV2nU5JmzgMjVZ,tron,USDT,issuer_freeze,,,2026-06-28
TC75Jsn4oEQUX42YTJjre4hiwfuz5oMNA2,tron,USDT,issuer_freeze,,,2025-07-08
TC7eLLJuwC4JZ58ibe3mvWTahv6vQpSash,tron,USDT,issuer_freeze,,,2025-07-15
TC8G1WqbzsNAjFMi58RdTG7XDs3ebDkQxn,tron,USDT,issuer_freeze,,,2025-07-01
TC8PQEpBjmRdifn7JDYFvMxRwRVMNtmAQu,tron,USDT,issuer_freeze,,,2025-07-12
TC8PwwLemtnVvhkyQMFy5qCY2kryQGMetW,tron,USDT,issuer_freeze,,,2026-08-17
TC8pa4TxhG8zz5G2UELUuzZwYLPH7Am3Ym,tron,USDT,issuer_freeze,,,2025-07-12
TC9CuRBGbTTcL4rSBXVVbRyjyh5rYW1QGR,tron,USDT,issuer_freeze,,,2026-02-05
TC9PiKXVgCXPRbLeGmk1rng4hMuFx76Nch,tron,USDT,issuer_freeze,,,2024-03-08
TC9kkKE2XGXZR7ZYCW1iXUsFPGZwzxzfb3,tron,USDT,issuer_freeze,,,2026-04-16
TC9tDoAWWRzDYbCo4eKLDHT7YoYEXSMy8E,tron,USDT,issuer_freeze,,,2022-12-22
TC9ufy6RsGTvPaPrTAb3TRdcaCqq78HSmH,tron,USDT,issuer_freeze,,,2026-05-16
TCAAJeNjDAWS2UPurHKkUqyH1gvsW4iPQN,tron,USDT,issuer_freeze,,,2025-08-14
TCABQ31NezT4hYzCGc3fJWS4aadZ6HfvcL,tron,USDT,issuer_freeze,,,2025-07-07
TCABWKwFvC55PJvLSH6mtQqC4oCUnteYvV,tron,USDT,issuer_freeze,,,2025-01-10
TCBB2eFJ5HvYSjv5Y3cNPq2XPQ7Hm2T8ev,tron,USDT,issuer_freeze,,,2025-07-12
TCBTtQEByHo7eYFLbTzvVXghE6hATqqDTH,tron,USDT,issuer_freeze,,,2025-08-19
TCBauL6xk4KKn1x5hJovmpymMwhiHFD5A8,tron,USDT,issuer_freeze,,,2025-09-15
TCBggyeR9hs9nJTbXtxL5Gs3sZvgX8nkrZ,tron,USDT,issuer_freeze,,,2025-07-12
TCBkd7qBzo9y4twS6TqFDQtjbui3tSFzax,tron,USDT,issuer_freeze,,,2025-12-03
TCBpBFuhUMf5U3EJcq6GWUodtYHRCgZMZK,tron,USDT,issuer_freeze,,,2024-10-17
TCBsnuoDbM2ZbHpPrXaU2PJzbggpyRRhXV,tron,USDT,issuer_freeze,,,2025-06-24
TCBw8jr5tGmwC8vt8fjBhVS8LxfmaFPp3o,tron,USDT,issuer_freeze,,,2025-10-27
TCCACAuu3kT6FobVMM1HRcaP3bMUtSkjRy,tron,USDT,issuer_freeze,,,2026-04-24
TCCBhcmEeaX7SCCT2hUbpwQFKkXLbFHP1D,tron,USDT,issuer_freeze,,,2026-08-14
TCCxhh6rwG7Zwb8Xyv8DUCRjgP7LV7tx7y,tron,USDT,issuer_freeze,,,2024-06-17
TCDH9QwK3Bh3WJ123qaRqCw6MNAvz2VQ9L,tron,USDT,issuer_freeze,,,2026-06-25
TCDZmR8bHTdDWo9xfPnTUdCDyJADJBB5uD,tron,USDT,issuer_freeze,,,2025-07-12
TCDbAA1gaMCN6LFLKRhRjrxBqwCDYEQxPq,tron,USDT,issuer_freeze,,,2026-07-23
TCEPTK4Bcuj6KiTHFzcKAoTr6PbnQuPy4q,tron,USDT,issuer_freeze,,,2025-07-12
TCEPi122eYrM3daQYbC8tyCaB8zc1WDhPL,tron,USDT,issuer_freeze,,,2026-01-31
TCEyqTUjZ4KQskycWcv5zqWnFhdHZJV51Z,tron,USDT,issuer_freeze,,,2025-06-10
TCF9ijTWy9rVZAhhrXev5X4Rr6hDTSjdP3,tron,USDT,issuer_freeze,,,2025-07-12
TCFE4vbhkhmtfdeX1MYVfNdEdBREmrQxeh,tron,USDT,issuer_freeze,,,2026-03-06
TCFEWXRZtEZXSJX5vmhGBsthGcPjorXdVF,tron,USDT,issuer_freeze,,,2026-01-07
TCFG3nLjSo2tvUD8NEh1cnCo4W9kcXghXv,tron,USDT,issuer_freeze,,,2025-02-10
TCFoGHAgpFx2ECA2fGDjnCj4yHZYCpU8A8,tron,USDT,issuer_freeze,,,2024-11-09
TCFv5u1h9HaLBpvDqzSPd4Cyzw6RjbYoLJ,tron,USDT,issuer_freeze,,,2025-07-12
TCFvN4wHGWQPm1w9ChLXNY6eF5yyuaRmAT,tron,USDT,issuer_freeze,,,2026-07-23
TCG2CBjX3x2uwKyv64XTmWQNMLyXYVFdFQ,tron,USDT,issuer_freeze,,,2025-09-10
TCJQjPwqV53LNbzQfZUuJaSKGrNkcYAAQL,tron,USDT,issuer_freeze,,,2026-08-07
TCJuk3QPc9CBw3m8rcusDgZDbWdC29mhJg,tron,USDT,issuer_freeze,,,2026-02-25
TCK7UcNfegAviu2v9urBjk4v8fbMcQM8AQ,tron,USDT,issuer_freeze,,,2024-12-04
TCKjfKEyPDHMVyW7FNjc7GKYb6SZfEVD96,tron,USDT,issuer_freeze,,,2025-04-25
TCKyS58zndxDWpcei3Cjfnopd5jMHAXu5k,tron,USDT,issuer_freeze,,,2024-02-25
TCL5CgL1McS9BguJw26HZ2nY2sEuqyirNF,tron,USDT,issuer_freeze,,,2026-05-08
TCL88wgcCHiFufjPZkY3ZZZ1RvXtL8gFHh,tron,USDT,issuer_freeze,,,2025-07-12
TCLJRCTUxc5vfKSB3KCdqWGhCH2k1Cm4QG,tron,USDT,issuer_freeze,,,2025-10-27
TCLgohUGjYjGgfpvBNTHwUSU4xfee9n7gN,tron,USDT,issuer_freeze,,,2025-07-01
TCMF5qEviiTzhhwPNBFnU2mT7iGyqoTzcR,tron,USDT,issuer_freeze,,,2025-07-12
TCMHcD1wsuJKn2Fxc6nXLstqxdqy1VY7dm,tron,USDT,issuer_freeze,,,2024-09-30
TCMX3ofcVJHJZ1TD5UWrBjRA2NENeRWuVW,tron,USDT,issuer_freeze,,,2025-07-12
TCMZYz8JqnVEJdShgxRPtTjsiatsuRbbu8,tron,USDT,issuer_freeze,,,2025-07-12
TCN35VoauUbZXNkMAQ7W2fRPHdg96n8YpN,tron,USDT,issuer_freeze,,,2026-01-17
TCNCAHTPJDpAf8c2LdPEjwAkQXg8vsbcvN,tron,USDT,issuer_freeze,,,2025-09-16
TCNKasnehfsqqbhsXyHkecc6kKCYxbNka7,tron,USDT,issuer_freeze,,,2025-02-22
TCNLATdxDJnT1fK5zFkpke2YRY5R9U3G4U,tron,USDT,issuer_freeze,,,2026-06-30
TCNNmPqcXWzp86sKCBPSHdDWkc7aRvHY5U,tron,USDT,issuer_freeze,,,2025-05-02
TCNTdakbmgSZasagGy7iBtB3awRs9uJya6,tron,USDT,issuer_freeze,,,2025-09-24
TCNegXZ9HPCkU4bFtPtkpzvMcgz4J6xXxX,tron,USDT,issuer_freeze,,,2026-07-21
TCNiFMuESR8jjua2oJP6Di3pgVCa4TGsDN,tron,USDT,issuer_freeze,,,2024-11-21
TCPCmxnGxwcUWyyyxWgakpmXUfbDEjWDYv,tron,USDT,issuer_freeze,,,2026-07-14
TCPGzghE6rL5ebh8pSehMyX9xtEMqgg6sp,tron,USDT,issuer_freeze,,,2025-07-12
TCPKG3NqPH9hKUGDUP7o3sPp3X5xGeVcbu,tron,USDT,issuer_freeze,,,2024-06-17
TCPULyVvnL7z1qnEM3YFNUFZox77CMYAeH,tron,USDT,issuer_freeze,,,2023-05-21
TCPXWdpepkQ5XbBiqgbrmoUjBD9c9itdrL,tron,USDT,issuer_freeze,,,2026-04-05
TCPgnEP6CtvBg5z75a87ve4c7Jn2bJR622,tron,USDT,issuer_freeze,,,2025-08-08
TCQ6A79JKhYz3scHrHN97wezJDyFjwcPwK,tron,USDT,issuer_freeze,,,2025-10-17
TCQRvq7hwFz3Xd1hTnQrJsZQcRwywPxDXN,tron,USDT,issuer_freeze,,,2026-08-27
TCQTjmrvSU6JoJz7fkSaB7oEmJtWQC5oKo,tron,USDT,issuer_freeze,,,2024-12-05
TCQV36XDLBPHF1qjeTWjeARsrsgbxcr8qL,tron,USDT,issuer_freeze,,,2025-07-12
TCQf888BCrkqQVYFFMpUcXTt8fYM5Xz7eU,tron,USDT,issuer_freeze,,,2025-07-12
TCQhdZFhG1pzreaFBMzMGVysWpWgQZJJmD,tron,USDT,issuer_freeze,,,2025-08-08
TCQqA58EmX6AnUZKPCogL2Q441B4ThbJGN,tron,USDT,issuer_freeze,,,2026-06-08
TCR2CBUUk4wiJ1QLkQPFgYAu5L2DB1t3eL,tron,USDT,issuer_freeze,,,2026-06-27
TCRPL9aVn3SHhGVxCjY1RdwhSz287EWxPa,tron,USDT,issuer_freeze,,,2026-02-06
TCRR8QzLq4FVNXF24UfufxnkRebchhyyoc,tron,USDT,issuer_freeze,,,2025-05-05
TCRV2qp8prCoCrNUkvZiDDYQyoyBNyD48d,tron,USDT,issuer_freeze,,,2025-07-12
TCRcfNKxotq3TdcA6am8ak2XPXFQ5uNqEw,tron,USDT,issuer_freeze,,,2025-06-20
TCRfebmNGLE6hYL87EmtNkAx5vHXPVUMQX,tron,USDT,issuer_freeze,,,2025-10-29
TCRqnLmBAtqy5YfeLbZ4thSWB9XHP2AnA8,tron,USDT,issuer_freeze,,,2024-05-13
TCS1RBG9EQovNKQqxXBxVBjFYc4LXHTfBA,tron,USDT,issuer_freeze,,,2025-04-02
TCSBLRCpWmC77gKeCPehuwZcAf1DeKVWh5,tron,USDT,issuer_freeze,,,2024-12-05
TCScHcyxNZ8ydJspuboN8qhb4vZQzh3cWJ,tron,USDT,issuer_freeze,,,2026-08-21
TCTHATVL9yiVDyW1T2E1CacgfTAzui5agL,tron,USDT,issuer_freeze,,,2025-01-15
TCTtFdrTKpQbwHNkvEJuZwmk8kvTwEWSc1,tron,USDT,issuer_freeze,,,2026-04-01
TCTzp4uH1JMLRBeitQv7s4M53Q8UxzG9cs,tron,USDT,issuer_freeze,,,2025-07-12
TCULAeahAiC9nvurUzxvusGRLD2JxoY5Yw,tron,USDT,issuer_freeze,,,2024-04-23
TCUebLErffbRyjEKwuf5JWDZoDrZqbF4zY,tron,USDT,issuer_freeze,,,2024-11-26
TCV86MwwbZLeLttSX8t1fZtrFy9CiwuFts,tron,USDT,issuer_freeze,,,2025-10-01
TCV8AzXESb1kyc7DRM4pmEmN7VxfSdTjhG,tron,USDT,issuer_freeze,,,2025-03-19
TCVQA3bTWPekxRXJDGR5hTzE5gb5VvRaWj,tron,USDT,issuer_freeze,,,2024-09-30
TCVsAvPZcFBDEkFHboqFQu1fEt4z6hF85Q,tron,USDT,issuer_freeze,,,2026-08-23
TCW4R2aP34xhaPDixmwCrPvuQsSFjQZkyd,tron,USDT,issuer_freeze,,,2025-04-07
TCWHP82YTVw3eRQwzq4NE1pXVLKd912KEM,tron,USDT,issuer_freeze,,,2024-06-18
TCWg9V319hsVxGRrS2XGex3qRpB1beSje5,tron,USDT,issuer_freeze,,,2026-09-11
TCWnvVV3B2C6xx66Q8L5CwhCY8yFmUtAE6,tron,USDT,issuer_freeze,,,2026-03-11
TCWyMUfU6S76sAHy6Zonf2jqmNofuenJfJ,tron,USDT,issuer_freeze,,,2022-10-06
TCX2zgyHoxUT4MhGCma77BZmq8zPB4u5UG,tron,USDT,issuer_freeze,,,2024-11-06
TCX4CJDbnCW31m8RQjXCc98Ng7t9aDFit6,tron,USDT,issuer_freeze,,,2025-10-02
TCX4tHcZU7m4D2uUL2UR3ndraqgJ9S2Rye,tron,USDT,issuer_freeze,,,2026-03-10
TCX6cjQ34oVm7GCab6cd4Zy6T79uWUpJzo,tron,USDT,issuer_freeze,,,2025-07-29
TCXQmxu9a9JKS4ybuXeERpxQFGi7sFenTV,tron,USDT,issuer_freeze,,,2025-02-05
TCXSKvF8k9FGQAQAr1L7AHdUzL8SCNArWa,tron,USDT,issuer_freeze,,,2025-07-12
TCXZKSiacdVGmmzd5PqrskCbnkD4FmQtn4,tron,USDT,issuer_freeze,,,2025-02-19
TCXpwH3WDphckWtPiJtm6ncS2Wu47L3qr2,tron,USDT,issuer_freeze,,,2025-07-12
TCXsmzDSQt6fVduLpwECZ8nSS2NDJSt6wg,tron,USDT,issuer_freeze,,,2025-09-04
TCY3YNqYraEiKgaeuchPCiiCoSZmAGbERF,tron,USDT,issuer_freeze,,,2024-04-28
TCYPVhwwQNz2H45zaFnVBtpQx5YpPiqeUD,tron,USDT,issuer_freeze,,,2025-05-23
TCYQArmKBmgTgF8F3wZpd1dpsGDy4jidQL,tron,USDT,issuer_freeze,,,2025-02-10
TCYfF4qCHTxN7tnLVkAeVdGe9rs5Ky9htU,tron,USDT,issuer_freeze,,,2026-07-06
TCYyNYitXPGcoM3XqsidyaX7Z8A6DVNdpp,tron,USDT,issuer_freeze,,,2026-06-16
TCZ3yiK7UNm9EdVL4Sjyh4EYJpaf27fRTj,tron,USDT,issuer_freeze,,,2025-06-20
TCZPUPuiEiEUdncTzyga7Yx7LcKaRz7qxN,tron,USDT,issuer_freeze,,,2025-08-30
TCZWe2uJkkYNtwan8eEmziXUp7e3Pg4zA2,tron,USDT,issuer_freeze,,,2025-03-11
TCZinsc8GhJR1K4VCpMCn8S1PDpJdpCSBT,tron,USDT,issuer_freeze,,,2024-12-16
TCZrDF8Wcw6nmZPcdtDtiNgGYtNqcEHJAo,tron,USDT,issuer_freeze,,,2026-04-01
TCa79si7u7hjZa5j6NrUyRNSkTCUPDohHg,tron,USDT,issuer_freeze,,,2025-02-19
TCa7AhDFMKNhvQqp13jhUtTtRopr3WAGQr,tron,USDT,issuer_freeze,,,2025-09-24
TCa98kaKwFGqLgfifRf5GPGrmnNakC6Zev,tron,USDT,issuer_freeze,,,2026-06-27
TCavj7w1Kj9tXZ9b8W5XdtnoDZGzPwHZbC,tron,USDT,issuer_freeze,,,2022-10-06
TCbktVvCv4qCMFBVUAmk14G7ZaiQ2VK4B8,tron,USDT,issuer_freeze,,,2026-06-25
TCbuboSoNKxHKiorJeW8QyPzvXC7m1X1XD,tron,USDT,issuer_freeze,,,2025-07-12
TCc127hvyr3VLkfFwSfiZQodgm7rpdA6F8,tron,USDT,issuer_freeze,,,2025-07-17
TCc5yoAkrGM8bMHNJnAMawxmSxiostu7pk,tron,USDT,issuer_freeze,,,2026-06-02
TCc8g4FEbCR42FneBVV6J2cZm7DaywwEE6,tron,USDT,issuer_freeze,,,2024-09-06
TCcEJnxoFJ1d7w5MqAftKxS8TLxDzCvmbg,tron,USDT,issuer_freeze,,,2025-07-24
TCcESmZRh9kx1wqohsnhCvJ9s3sDqhXKk1,tron,USDT,issuer_freeze,,,2025-06-03
TCcJw6jzwfuLUfzK3gTGH4kACNmSNk3xr5,tron,USDT,issuer_freeze,,,2024-11-01
TCcQGQrNn1ELAZcDkXckZ4v3rPJTdhNUwB,tron,USDT,issuer_freeze,,,2026-03-16
TCcZDMgnoiBQe21VV9CcSyYtZBMfu8huJ9,tron,USDT,issuer_freeze,,,2026-03-05
TCccJYQkbGziTNYDB4kBgipGts3f6aYtbf,tron,USDT,issuer_freeze,,,2025-07-12
TCcdhNswk2gMi4D3tikEyRF22q78xHAfra,tron,USDT,issuer_freeze,,,2025-05-26
TCcgWnEv3c7NW3dBQJuQqtoiBw7NWtYWw8,tron,USDT,issuer_freeze,,,2025-02-10
TCcq3vsb8tDQgpvb2fAY8oa2vLRGBdVnJT,tron,USDT,issuer_freeze,,,2026-04-29
TCcz2HrB8bDwR3yfpfkoicWdS519VZBJHX,tron,USDT,issuer_freeze,,,2025-05-15
TCd3oXD5rmiMQYvvUXQLLWEnNw5VHZmaot,tron,USDT,issuer_freeze,,,2025-04-10
TCd669waMfBTQiyu1iL1CVnvMVYQwf3BP6,tron,USDT,issuer_freeze,,,2025-04-14
TCdB7kBa2TFng6Kc57Uf6ai2psBGi5zyij,tron,USDT,issuer_freeze,,,2025-03-17
TCdFcWxACBxxbrWX6yNtF5MyuKtfPBiRcu,tron,USDT,issuer_freeze,,,2026-08-31
TCdQv3wbwYvJQ2q2DPH4nSJerh6pEDQDWB,tron,USDT,issuer_freeze,,,2024-12-03
TCdosVLYr3JPtEpFKb4MrnY1sMCMpt4ohC,tron,USDT,issuer_freeze,,,2026-07-27
TCdr7njGZWryQxoHjAM8mJMhjwpNpmLma2,tron,USDT,issuer_freeze,,,2024-07-23
TCe6XCgqzTG1cjgAYhET7gLt9qWe3XViSn,tron,USDT,issuer_freeze,,,2024-10-30
TCe9kLvNcRkpFXYGutrh9dmgBeDU118iDn,tron,USDT,issuer_freeze,,,2025-07-12
TCeCc94bcYiooTuGsHojDCUNbdneK2qgn3,tron,USDT,issuer_freeze,,,2025-04-17
TCeGZpgLVG6Mv3u5nv5CbR9o2xwEav8wwK,tron,USDT,issuer_freeze,,,2025-02-22
TCeeXkETBSezpmjYZmYSZXB9pTZoJZRFAa,tron,USDT,issuer_freeze,,,2026-05-11
TCenBireSt7AFUv2J7wXEgYAuQ6HY4QYao,tron,USDT,issuer_freeze,,,2026-08-11
TCfANMYJa8ntVzEkzuDPq6N7HH3ks9cjTA,tron,USDT,issuer_freeze,,,2026-01-31
TCfAyy8EX5Kq9j3MowvawJNbTFAKGqHsf7,tron,USDT,issuer_freeze,,,2025-08-14
TCfQLP3RBfkTszNfpkMHt5p1bwBWNxLTo7,tron,USDT,issuer_freeze,,,2026-02-11
TCfcg5k1ysK7jH8NLAxtU4bvtuG4bmCvUc,tron,USDT,issuer_freeze,,,2025-08-21
TCfjHzdetvFQGXn5546GRLeVfV2iGrkmEd,tron,USDT,issuer_freeze,,,2026-07-06
TCfr5oZp8qJJwarum6kjt4o23wTNhi1ss8,tron,USDT,issuer_freeze,,,2024-04-26
TCfxohgfGj2oBa1JXwLX7yQoU92RtumFJi,tron,USDT,issuer_freeze,,,2025-04-04
TCgBGPYNDEHaBMLdE1aEfGGxz5ZexYx3Dm,tron,USDT,issuer_freeze,,,2024-06-18
TCgLfUeuTA2L8NhTftczYUrv98FbG653Li,tron,USDT,issuer_freeze,,,2024-11-06
TCgSNavF8hVyW4B8QmfyvbGZTbiZDg1A6L,tron,USDT,issuer_freeze,,,2026-06-08
TCgduHb2WN23TDdhu5GSuEEhbjHJqu394o,tron,USDT,issuer_freeze,,,2025-03-04
TCgncphCSM8Ha2bJhBpxagaC3qMnN3Vhxc,tron,USDT,issuer_freeze,,,2026-02-10
TCgoeHCypjiNNsusWyQcN9FTjQcJ4KTPbQ,tron,USDT,issuer_freeze,,,2025-04-04
TCh59EXQYCaj3cCwpVzFAJNPFd4vHQQgBL,tron,USDT,issuer_freeze,,,2026-01-10
TChHUy3wsdWNJFo27fam1ZrwgQeVTVe1tu,tron,USDT,issuer_freeze,,,2022-10-06
TChLSj45ows71stbNu4v82uLZ3Vx5isfzi,tron,USDT,issuer_freeze,,,2025-05-26
TChPmCTeM4G3wskruSPMvXfhoztKz93C2E,tron,USDT,issuer_freeze,,,2024-06-19
TChrDn3FbGf6yQVFS8ZPffFfAv2hHgBAeC,tron,USDT,issuer_freeze,,,2026-05-27
TCi4CkFiSsktoztyiV1MKrSWK6ugrXAnCr,tron,USDT,issuer_freeze,,,2026-04-14
TCiDKaBG847ot1cBmysbgWLNszjQJS5Rxa,tron,USDT,issuer_freeze,,,2026-03-27
TCiVCGPYruRPf6xJypQxeQ5hGiPH8NSPCA,tron,USDT,issuer_freeze,,,2026-02-26
TCiZpecaAKojEE6SGwbyKqVwRF8WEr56Tr,tron,USDT,issuer_freeze,,,2025-07-28
TCicQXusPzTiJMCxkatAwcgDWHtjRLMZWR,tron,USDT,issuer_freeze,,,2023-03-23
TCinTo9YBf1jsBiWuexazL1nYiDZa1r38x,tron,USDT,issuer_freeze,,,2022-12-22
TCipWHxA8cnw1VEJ2Z5s7mLrDVzMELoTmE,tron,USDT,issuer_freeze,,,2026-09-12
TCjHpjvkZm9AQhvMAFg85nKMPXTEYwWPem,tron,USDT,issuer_freeze,,,2026-05-14
TCjHuvLDUpSEY4gDESVrY2c3mgpauhF4Pq,tron,USDT,issuer_freeze,,,2025-07-12
TCjT2u8XxQ2y9h5EMXsxwfd1g9LiJyTZAN,tron,USDT,issuer_freeze,,,2024-08-15
TCjVabHyMwx52FvCa748DRomZovEBMqBPd,tron,USDT,issuer_freeze,,,2025-03-05
TCjW3QLBBvgTctxuQPF9ZJwqEQijYinhWL,tron,USDT,issuer_freeze,,,2025-07-12
TCjftgZQjhFBnohoQiRjLgjZEazGSiHccu,tron,USDT,issuer_freeze,,,2024-09-12
TCjpaHkEC1JaiHX4wRDH1jZ7xJHMCVHtV2,tron,USDT,issuer_freeze,,,2026-07-14
TCjtL9WxvY7qzWk4J9QUvJm9CToXV1PWrp,tron,USDT,issuer_freeze,,,2025-05-31
TCkepwDH4WUCNfP5T7he5zqyT4Q1ZaBerF,tron,USDT,issuer_freeze,,,2026-08-07
TCm8KpVmsdmxN2XdCbjfd3LojVZvKNNXzq,tron,USDT,issuer_freeze,,,2024-11-08
TCmGZRXPoYasLtLRSxR8vPwdsSx9Lp7FW4,tron,USDT,issuer_freeze,,,2025-09-09
TCmrTz5XK9WTJX2ULMbZNtkGvmvsPwnLgN,tron,USDT,issuer_freeze,,,2026-04-27
TCn2ghdAHWnZUH42bbLgyYG78vp8SsTQFZ,tron,USDT,issuer_freeze,,,2024-12-05
TCnUJNKiqToN3UvnZUSgNBxDrfi94EaYZV,tron,USDT,issuer_freeze,,,2026-08-11
TCnainBkcwMWgmPwC3tMtMvAvZAa8o77Tu,tron,USDT,issuer_freeze,,,2024-12-05
TCoBf1bqvh7JYp5ne7CTBgNfvdv3K8z7cG,tron,USDT,issuer_freeze,,,2025-07-29
TCoK5AdTsty7rCGvaDZkwVKEwx1RE4jmkM,tron,USDT,issuer_freeze,,,2022-10-06
TCognMPmzZzQW7Z9Qgfz5c5iDmo6hEbjC5,tron,USDT,issuer_freeze,,,2025-07-12
TCp56rAiL6FQj7o5hoY9yY7rHviB1CLjsa,tron,USDT,issuer_freeze,,,2025-08-08
TCpXh9GvKHG3LHiCMyaTUDzTpZZiFwgtNG,tron,USDT,issuer_freeze,,,2025-02-18
TCpjsX5J78Eq5WLAmqV7oCa1pAYGU5XPxV,tron,USDT,issuer_freeze,,,2026-06-04
TCpw6TSan68wAzQzTmKmnbQPwRGFbj8XqK,tron,USDT,issuer_freeze,,,2025-07-12
TCpwAoTpxUno7kSybUUE8pXAxV88kpL4T5,tron,USDT,issuer_freeze,,,2025-07-12
TCpxNAMSDUYAG7sDFiG5ANjXjBgyMqEqGz,tron,USDT,issuer_freeze,,,2026-07-09
TCq9cYJxMNdnqqgCg9URkrH2BTK5uYd4d3,tron,USDT,issuer_freeze,,,2026-05-05
TCqGao2ErHW8VMX8UDi1q1r2iePqofnjYe,tron,USDT,issuer_freeze,,,2024-06-15
TCqLaFhbeW67wZmDHjpji1YknrAkd3sTSe,tron,USDT,issuer_freeze,,,2026-03-11
TCqVYoE3TtPkT7yHwGZv1G3Bv653BXbNf1,tron,USDT,issuer_freeze,,,2026-09-10
TCqrYiqkfWHAnQkQCjrhcbTa4nmitVXFXt,tron,USDT,issuer_freeze,,,2022-12-12
TCqrjjEnG7YKTwskT9ZvUZRnNqcZhyGHKo,tron,USDT,issuer_freeze,,,2025-07-12
TCs1nqiooT5JuSyjNtL6Nh8omsUVaWULBn,tron,USDT,issuer_freeze,,,2025-12-03
TCs4sUspZfK844mwmdSJAYpM68cWdNizYo,tron,USDT,issuer_freeze,,,2025-09-09
TCsHnG5Z3wgB5nMmsmmD3nQGpnH7uGkqHW,tron,USDT,issuer_freeze,,,2024-11-20
TCsNgvLsFosGwxvVz1wf2kRDqKgwopVYz2,tron,USDT,issuer_freeze,,,2024-10-17
TCsfpy2GLBcAvfMVZ9xLC9o9XoeuLZpEoU,tron,USDT,issuer_freeze,,,2022-12-08
TCsgiLEJ4ccuB4qix6JfbZD64vGic5mAz7,tron,USDT,issuer_freeze,,,2026-05-01
TCtCF1DJwhEPz959V44K2z84Ek1zCqUfG2,tron,USDT,issuer_freeze,,,2025-06-11
TCtCSWUUVpaNiwPwqSF2fV3gsT2BDRXSqf,tron,USDT,issuer_freeze,,,2025-02-27
TCtHWzJRE8aakB8UtYcrKsc19TmLqo3BVb,tron,USDT,issuer_freeze,,,2024-06-06
TCtShwzVCD17jCVvp9ELJbzzv13ywHUrz7,tron,USDT,issuer_freeze,,,2026-09-13
TCtVtrdy8sSXGMx1QYUjMrAvau1pduC2Aa,tron,USDT,issuer_freeze,,,2026-01-10
TCtXVALNzumwYrd3MrnAS4eoAAdB5Nn5hF,tron,USDT,issuer_freeze,,,2026-03-22
TCte75V6p1eKxDGnYv9MdcVjWwvQxpsfM5,tron,USDT,issuer_freeze,,,2026-04-23
TCuHhuYFuNsbUdYpDGuHaeXB4mNwYzPH3s,tron,USDT,issuer_freeze,,,2022-10-06
TCuHkR4J5tnxkNqtYWXkyp9j5TrDUJHn1d,tron,USDT,issuer_freeze,,,2025-08-14
TCvCdx8q8RtXNwmB7DYScCjHf92S5fmbku,tron,USDT,issuer_freeze,,,2025-09-25
TCvf1Agi22TJ1uWCxnQT7P7m3Trh82nUey,tron,USDT,issuer_freeze,,,2026-07-04
TCvnNvb37S7ftr7SD85eV2GefuBqmiwAbt,tron,USDT,issuer_freeze,,,2026-05-08
TCw6bg9fZ7EaCAxgLAKubtT4peMkS46Xge,tron,USDT,issuer_freeze,,,2025-03-28
TCwRsFBRVDsGw4p2wz1LT9xMBA5JTJJi2Z,tron,USDT,issuer_freeze,,,2026-04-14
TCwrBc8fBnLTAQQENwkTLP4UEESM9Ksg6n,tron,USDT,issuer_freeze,,,2025-03-19
TCx3rzMhqohuvrYNFgvqfqUtGbo7FpmWEH,tron,USDT,issuer_freeze,,,2026-08-07
TCx8C4HLBM2KdhAyFo6thZdiQYMtXz4JNw,tron,USDT,issuer_freeze,,,2025-05-16
TCxCHCndDkz2xNAaYibienjLaS8eZASaXu,tron,USDT,issuer_freeze,,,2024-04-09
TCxR29DHYwVnc1xT1Y495wWQWHXfJLyiHY,tron,USDT,issuer_freeze,,,2026-03-11
TCxStoM677S4iVoNApoCEMiMXAtDCJU7bX,tron,USDT,issuer_freeze,,,2025-07-12
TCxgBVJXkqvR8nnbs4rwLg6izjpQW7w5Li,tron,USDT,issuer_freeze,,,2026-04-14
TCyQrnEnzd3f9h73iAZQ7Pekepb4obebtn,tron,USDT,issuer_freeze,,,2026-07-09
TCySsLerRewRKzWM85C6K3QJCQiQNog5r1,tron,USDT,issuer_freeze,,,2026-07-24
TCyn9ws8q6dboMzAJfMBHYbaD68mqBpGv8,tron,USDT,issuer_freeze,,,2026-01-10
TCyrjiHvtZLTP6znsToVMbwyNmhKLNtrSP,tron,USDT,issuer_freeze,,,2026-08-21
TCz391W9Zcmr87izbrmsCJgGs5R5jZxGWF,tron,USDT,issuer_freeze,,,2023-01-20
TCzJirAovwFR8vNBJApaZnmPbncNJ1q8HP,tron,USDT,issuer_freeze,,,2025-07-12
TD11KU1ffjCYMw6SvNdMg7AtCNsPwHtztm,tron,USDT,issuer_freeze,,,2025-12-11
TD1F1KGLzkBJVzTgmXqn54NrjxaesP2Lry,tron,USDT,issuer_freeze,,,2025-07-12
TD1MNTDrKb1EdieAyUYriwzrxKfLWqHsNf,tron,USDT,issuer_freeze,,,2026-08-11
TD1g66iCBJm8W4kpmBXFyLvLL8xZpWj2eN,tron,USDT,issuer_freeze,,,2026-02-06
TD1ot1eyQE6VTSeLfnSLWJqJXVZSiLXs27,tron,USDT,issuer_freeze,,,2025-07-12
TD2v5dCoxoqN6uTZDLi31RW9vRV45zWUMq,tron,USDT,issuer_freeze,,,2026-08-13
TD3R2LjhhKTxRMoPoR6gV7qCouUtTpi7kb,tron,USDT,issuer_freeze,,,2025-07-12
TD3R6KDnvLuNiY3zcKAVeEqBxpfd3YRbqs,tron,USDT,issuer_freeze,,,2026-07-30
TD3bLbnVvcvucnJm8uhvVYGwinUzFUFgud,tron,USDT,issuer_freeze,,,2025-06-05
TD3fnAKUfxwfcy49LuwUCvm49HrhQKfPJY,tron,USDT,issuer_freeze,,,2026-02-23
TD3h2pPUeufaJ92Cdwn6KSYiZ7t5XZHvWV,tron,USDT,issuer_freeze,,,2026-08-11
TD3iJZa72XDorPKXEQSRkkVf3iJRyfUm6L,tron,USDT,issuer_freeze,,,2025-05-26
TD3uB882A1J2bbR3ShviqmJRjTdqKw9tHe,tron,USDT,issuer_freeze,,,2024-12-16
TD4Ujjar4RwbNuxWNg5NqXKSF1XNDXSfTD,tron,USDT,issuer_freeze,,,2024-08-28
TD4Yc3V55bygb6P4u5QBLPxuuf1HB22VnH,tron,USDT,issuer_freeze,,,2026-04-30
TD4iKcMRuWDjzxWgqzoxZNLf4k5Ex7XD6z,tron,USDT,issuer_freeze,,,2026-06-04
TD4j3yetUk3tLhnqACgbuGXoQGHngcU2Q3,tron,USDT,issuer_freeze,,,2026-04-17
TD4kqUFoZ2kSFCfrf61CdhFRPngkeDkZrR,tron,USDT,issuer_freeze,,,2026-08-20
TD4rPd5RXQm9qn8d2keRVuPvZhQtCVsEXB,tron,USDT,issuer_freeze,,,2026-05-04
TD4sqY2NTUhmejDYqiyMaBSNHdZJrbRSEj,tron,USDT,issuer_freeze,,,2026-05-29
TD5Ago746mReZ7qLDx5s9DL4Hr2MA4mHw3,tron,USDT,issuer_freeze,,,2025-08-18
TD5PPQzVMj7RCAnz7Wm7uH8nfFfdrMFyAn,tron,USDT,issuer_freeze,,,2026-08-16
TD5mf1NTmbEnAeSw9VHNS9PtYMV65DvAAW,tron,USDT,issuer_freeze,,,2025-03-11
TD65b2xLHeTd394E6DNzHC97exyC2NCoBo,tron,USDT,issuer_freeze,,,2026-06-02
TD6L2rr4BBHZdTDC9rTL6v31QgLnkjQGRc,tron,USDT,issuer_freeze,,,2023-07-06
TD6UriyZ17rmUcx8QPJEKtJxYSR7s1m3R7,tron,USDT,issuer_freeze,,,2026-07-07
TD6f4q1xjJmsXDSpL6x5U8DHqet9x5umMx,tron,USDT,issuer_freeze,,,2026-04-24
TD6qX2xTbU142kuLptDsp6P1YGU8Zw5PGY,tron,USDT,issuer_freeze,,,2025-08-18
TD7BoVWpofmHgjbryXHPd7imVSQC8dcGVH,tron,USDT,issuer_freeze,,,2024-10-11
TD7JVg7oVMLxWXwaFdwawdp16iTVsqFZ8m,tron,USDT,issuer_freeze,,,2024-11-21
TD7PRsheeziZ3LRgoFn4e1CXg6NFjKjG4J,tron,USDT,issuer_freeze,,,2026-07-29
TD7dppSmMQfQ2YviWu86DN7AMuqPQ3uF3K,tron,USDT,issuer_freeze,,,2025-12-17
TD7hp61dWZB3zt5nzk2UqP4xAFCuhmdUJd,tron,USDT,issuer_freeze,,,2026-09-01
TD7pNjjV8h443FwD7BMLvE4jAwnSacfUNs,tron,USDT,issuer_freeze,,,2025-05-08
TD7tRkjyF4Dssk82LsXPx3LboZs5nis7sr,tron,USDT,issuer_freeze,,,2025-07-12
TD7yAXxF9Kx3E6ATY6oFrM7iRXLWifqRNt,tron,USDT,issuer_freeze,,,2024-03-24
TD8HgFo5zGFSBZVkeD2EMCNrGBNTTMVnwy,tron,USDT,issuer_freeze,,,2026-09-09
TD8REDonMLDhaeMEms7VYzKkC4Jtrgp2go,tron,USDT,issuer_freeze,,,2025-07-12
TD8w6JJQBX27A7nVpK97B43BfDXQuZGaf2,tron,USDT,issuer_freeze,,,2025-11-20
TD9Ch36k9Dy6g9D5Q4HetwQkGkuYwST4ch,tron,USDT,issuer_freeze,,,2025-07-12
TD9FiEa8JpDo9KaWcQn6Ba5myWVHYcrwR6,tron,USDT,issuer_freeze,,,2025-05-21
TD9NmrXh9ZBjhhQBD3R7Lp5VsXZGK5282S,tron,USDT,issuer_freeze,,,2025-01-08
TD9kbrsF9K67BaK99Psx4DsS6Xd4PpzxSn,tron,USDT,issuer_freeze,,,2026-03-24
TD9nEVwkvYMyiRvuCReTLfj6SVHC5NWa9c,tron,USDT,issuer_freeze,,,2025-11-03
TD9rmLeKg5p2dKqieztkhGXnSWjSPRH7VK,tron,USDT,issuer_freeze,,,2026-02-18
TD9uTursrU2z7MUQQzigVuQDqxq8ktA8tK,tron,USDT,issuer_freeze,,,2025-12-22
TD9z7viwJCHs7GkT1iLJrhxuAUeVj93rL8,tron,USDT,issuer_freeze,,,2024-06-03
TDAE5d9Xxg9qGC91cFCv8uMR7g4hW6DDTm,tron,USDT,issuer_freeze,,,2022-10-06
TDAe8Kw4rg7SeAEPeUXMcFokDuksfcMcuX,tron,USDT,issuer_freeze,,,2025-02-05
TDAmrL4bBN9iRXrs3gZc8DWTd7G3xuGFsw,tron,USDT,issuer_freeze,,,2025-09-09
TDB4Mz5wyVSsfPLVWGLhEMPJPP1e5SHBvt,tron,USDT,issuer_freeze,,,2025-10-09
TDBHsCcovC61QaKiaSeHqS6fZRfZUNd1Jq,tron,USDT,issuer_freeze,,,2026-09-06
TDBLDSk9JNFWfcZeqo1D1r72nFK1dkixt2,tron,USDT,issuer_freeze,,,2025-10-30
TDBi5GdwaLZTSNzdf3qDvDKpx54pi7ozcu,tron,USDT,issuer_freeze,,,2024-08-30
TDBpaBbpn433qVvGyaLoZfMjEjEwSeojzT,tron,USDT,issuer_freeze,,,2026-07-17
TDC76HdLuMmsMj5RAmwoLFExsNtAgCHMxT,tron,USDT,issuer_freeze,,,2026-06-12
TDCL1Q8zWqJFDbLiEp5Tnm5GriJSqPcHsc,tron,USDT,issuer_freeze,,,2025-07-03
TDD62Jzea9WrFEofRTREZphLGyG9vZBpyL,tron,USDT,issuer_freeze,,,2026-07-17
TDD847CrBxZXbcENBpA1JS8sWBs6oBqiW2,tron,USDT,issuer_freeze,,,2025-01-23
TDDYRfUPxg5AzX7kQkB5Yr145hxh7VVn8M,tron,USDT,issuer_freeze,,,2025-07-12
TDDeBWzRG2gKqKU2zT3WM1auaEVMAdX1ey,tron,USDT,issuer_freeze,,,2025-02-10
TDDkk9Kku1e3wwKikP2BBUJPcQKYNF5rJf,tron,USDT,issuer_freeze,,,2025-04-28
TDEAjXVBQHEorBjCEw8F9uvsLQ7EEY1FDY,tron,USDT,issuer_freeze,,,2026-03-14
TDEQaJx42joqiFiy3gF3aDRMVxz2fPq6PD,tron,USDT,issuer_freeze,,,2024-08-08
TDEYRx3yjgwrJoSXVkPfAQLAeuwwRuJ4xA,tron,USDT,issuer_freeze,,,2026-04-28
TDEbZqStJtmDAVbMfeQdJANeEFLHgUi2Uh,tron,USDT,issuer_freeze,,,2025-07-12
TDEewi35CLitr9jVeLf89cH2CjcRQfSxqh,tron,USDT,issuer_freeze,,,2026-04-25
TDEgQNvG1r824jfUW9Avncf5DRTSmiEY4y,tron,USDT,issuer_freeze,,,2025-10-29
TDEriGM2S3RxhBzGda2dgNE8NhVB4VxMuB,tron,USDT,issuer_freeze,,,2024-11-27
TDEsXLMmxSvX1js3xYCzLA6giDS78BN3Gb,tron,USDT,issuer_freeze,,,2025-03-03
TDF3QpL9d6PPjSWAs1R4ucT8eNWTq8yQWM,tron,USDT,issuer_freeze,,,2026-03-10
TDFW3Q4EkUEGN9QpPzNXVJjWyz9Jweu8UU,tron,USDT,issuer_freeze,,,2025-05-01
TDFZyPiKM9phGmXdYitEy8gQH9qibCoTBn,tron,USDT,issuer_freeze,,,2025-06-10
TDFfouHxTV8Wh7UzTtF9zFrLtQJaoBdbnD,tron,USDT,issuer_freeze,,,2025-07-12
TDFjpXZshmR6MnZRLEaHAWE43USGNa3uXM,tron,USDT,issuer_freeze,,,2025-04-28
TDG1umrzCgLwLDJUmTERujKhT4MkPwXStW,tron,USDT,issuer_freeze,,,2025-07-12
TDGZ4GfvCRe1d8oksj8fBD77ZHw4bkCPBA,tron,USDT,issuer_freeze,,,2023-05-31
TDGkasendCGz6mu4NTiDMSEY8KyFzXjtJK,tron,USDT,issuer_freeze,,,2025-11-24
TDH9rgdYTDu952MHWCfKjqA5pgPP4oWCcC,tron,USDT,issuer_freeze,,,2026-07-09
TDHDE8yc779BYCwESEG6j531wECSdd8bSe,tron,USDT,issuer_freeze,,,2022-10-06
TDHL4dfstbiuBfpxJddBACcLTxXw5kr3KC,tron,USDT,issuer_freeze,,,2025-05-28
TDHNbkZ8mdjKmHHiZtfiY7tyQAfko1Tm4x,tron,USDT,issuer_freeze,,,2025-09-24
TDHWeYezPJD6jAeAbHYLFC3RZ3dSJVTuGk,tron,USDT,issuer_freeze,,,2025-01-30
TDHniFZ5iGrMyndH2TfD3v7PLE2FdsULKD,tron,USDT,issuer_freeze,,,2025-10-08
TDJcTy4kLqXT9Yg3h8SsYZLYHf4TdctoGa,tron,USDT,issuer_freeze,,,2025-07-07
TDJkmbe8NrWw2wuhdhQEfyLJvvpmGksZWi,tron,USDT,issuer_freeze,,,2025-11-04
TDJvDjsRLirx5YZvKuu78L2VadqKiowSqw,tron,USDT,issuer_freeze,,,2026-09-03
TDKWbcXdB4vX68YSwtSeLLgFzz1fqHv8P2,tron,USDT,issuer_freeze,,,2025-07-12
TDKXDY7XQ2t8DTeTmx3b4VB5wWhEwora4g,tron,USDT,issuer_freeze,,,2026-08-07
TDKfFLzLaquF7yf2fnhbE9YcPGQCqwiCBS,tron,USDT,issuer_freeze,,,2022-10-06
TDKs2q8CUepeUwiKQ2pg5Fk4ptrPK7H4XF,tron,USDT,issuer_freeze,,,2025-07-12
TDKxibXXYKzwhGawQguBKYdUbaeaKSTMJp,tron,USDT,issuer_freeze,,,2024-11-23
TDL8QDyBkgwYeaz1yf263qULPopiX6K9yq,tron,USDT,issuer_freeze,,,2024-07-23
TDLRfw4ZAGquYDPpDpviXrJPcsyRLMS7Uq,tron,USDT,issuer_freeze,,,2026-09-09
TDLcRL3ExZPiCsBQbDcfppdsGCULY4Zh3Q,tron,USDT,issuer_freeze,,,2026-01-29
TDMN3remc5BzjzXUyxkdNmJ7VrjZJs6whB,tron,USDT,issuer_freeze,,,2026-02-10
TDMT2ouZiATfkZhDoSzwJ6QRuiypAruFPP,tron,USDT,issuer_freeze,,,2026-09-11
TDMZNr1b7NzJ7th7ZjULBDrbGFvRKkWMCW,tron,USDT,issuer_freeze,,,2026-06-01
TDMaKDFWY67yjPw8XDcGy1yHPNHGhSLT2P,tron,USDT,issuer_freeze,,,2025-10-07
TDMwR4YQXK7vcf6eZawCRREwy4zrUeMEeC,tron,USDT,issuer_freeze,,,2025-05-26
TDNiEh43XfxE7yxZpb6oC6bNvayc6dtnn5,tron,USDT,issuer_freeze,,,2026-07-21
TDNrt5bJ5yrhyMxBssm14giBCcNdierapA,tron,USDT,issuer_freeze,,,2025-04-25
TDP7ZXkSHSDF1nkCaW3e55sRoyvPaMt8pK,tron,USDT,issuer_freeze,,,2025-06-20
TDP9EPwABcYngJ95fngLnGXtK17gWERSS5,tron,USDT,issuer_freeze,,,2024-11-01
TDP9igtCpqpQFT4f9AQDdmQ8yNBeMkTyNk,tron,USDT,issuer_freeze,,,2025-05-16
TDPADEj2VVJf4wKGcAFSPe3TaxfCjy9hpH,tron,USDT,issuer_freeze,,,2026-05-14
TDPHFDSv5UcNnktaTFAas2Ew256QLwSiFZ,tron,USDT,issuer_freeze,,,2026-04-22
TDPUnvod2dmnn4hYFbwLsKskEfB8e6bCNS,tron,USDT,issuer_freeze,,,2026-03-29
TDPjm9c4SqxRTpoe7WhP6ZRReUkJMn6oQN,tron,USDT,issuer_freeze,,,2026-04-15
TDPkjmwcECfR6GN1es8B2A7dAUYPNDrVRn,tron,USDT,issuer_freeze,,,2026-03-03
TDQMrdMFTabWBBPxhiVA8H7ZY5VGwzGN3R,tron,USDT,issuer_freeze,,,2023-03-17
TDQuJaS8THGebbUQtPZc3DExcPeG6cnN4z,tron,USDT,issuer_freeze,,,2026-04-15
TDQxdEhqytJKzcoovrJAY1qPUY5x8kVNYv,tron,USDT,issuer_freeze,,,2023-10-02
TDR5WDjWtiB2EDX3QsDhMPPtKefUgFBc4Q,tron,USDT,issuer_freeze,,,2025-05-16
TDRJC25grMVsK3rh4jZSMAroehAv8QgNpW,tron,USDT,issuer_freeze,,,2025-10-28
TDRQ3Gn3zZaF2gXoTAkR9hnuEWyjWjWHrL,tron,USDT,issuer_freeze,,,2024-06-17
TDRgTduMiuDkYQeeMCqZoCFxBFpnxw14WH,tron,USDT,issuer_freeze,,,2026-03-22
TDRk5pnL2RLDufjSxXzSkdnS9pMU4nTULg,tron,USDT,issuer_freeze,,,2026-08-14
TDRtiAG2txbVo9AGtaoyazZw9uTYCud7cy,tron,USDT,issuer_freeze,,,2024-10-07
TDSHehvh5KB13Bn37RrX5qK2vdySLb2eM4,tron,USDT,issuer_freeze,,,2025-03-21
TDSg3LcpmQixyBhxTej6cmNXUrdFA5Xc8Z,tron,USDT,issuer_freeze,,,2024-10-11
TDSp29bjTQZjQ6qoMB9VK74NnbbhT4aPB8,tron,USDT,issuer_freeze,,,2024-09-10
TDT1L6cfDKYQ5B5N2ViooK4rkUfnHf49jX,tron,USDT,issuer_freeze,,,2026-05-14
TDTKbh2rhQHH38dnJYYWEhzMNFBgdsv9Rj,tron,USDT,issuer_freeze,,,2024-06-17
TDTYyjHwtxqtaNsbZNikt1oADWEyNpSBfA,tron,USDT,issuer_freeze,,,2025-02-22
TDTcRJzXkLU7qARbJYAhCxDWYyjba8mo7d,tron,USDT,issuer_freeze,,,2025-12-08
TDTinDt3pYbX43rh5YWasa4ALvGdkPUodR,tron,USDT,issuer_freeze,,,2025-02-15
TDU5ZXU2okL3AKeYBuhpFTP1oC9xMuXeYq,tron,USDT,issuer_freeze,,,2024-07-23
TDUK3rfF6WNJ8wcaNLCaPCo1UhjVi1CBkp,tron,USDT,issuer_freeze,,,2025-05-16
TDUWmDinvaYgAcmZsHrw6nbm7oLiYK3ZXS,tron,USDT,issuer_freeze,,,2023-07-13
TDUrgsvJWYyG8C83Sgds3VGeoAtTdCaQut,tron,USDT,issuer_freeze,,,2025-11-14
TDUuVDC14u133QFjcw8sJRgjsipsCsWxJY,tron,USDT,issuer_freeze,,,2025-10-24
TDVBLHa4YvHpb9PPRDbVTHmMYbD9zE4yMe,tron,USDT,issuer_freeze,,,2025-08-13
TDVF6TBsg1UMedR7XZKiBr7TiJZUmfdz5o,tron,USDT,issuer_freeze,,,2025-08-18
TDVGVAJf64caSswWYHtrdeSHZgUK9jzchQ,tron,USDT,issuer_freeze,,,2024-08-05
TDVntNcRT3KtWi3ZkZQnoHAEBXp9cxVgjk,tron,USDT,issuer_freeze,,,2025-06-20
TDVrA9W2RAt92SPV1MoszhLfP5cmMoJijD,tron,USDT,issuer_freeze,,,2026-08-11
TDWNcse6iChpWsTPbcvQPmstroJ2yoEP2p,tron,USDT,issuer_freeze,,,2026-01-30
TDWUp6XjPaukGigogGEsXKcYcUUbXREguM,tron,USDT,issuer_freeze,,,2025-08-08
TDWYe4GLo5KNgnqMB9NRQhQunvbXosDqRL,tron,USDT,issuer_freeze,,,2025-07-12
TDWee23VzkYh56NpPMJFVNEAuBANh65UGk,tron,USDT,issuer_freeze,,,2025-07-12
TDX5EeNGqi2PRZEnTkVb9LzCsZhvL6mzdv,tron,USDT,issuer_freeze,,,2026-03-10
TDXFkHupezcnXBGsH7iLD2vxrMBBDgJskR,tron,USDT,issuer_freeze,,,2025-07-12
TDXJuLdVLY3BUVF2FAUSUZeizakZ5yiMHc,tron,USDT,issuer_freeze,,,2025-11-22
TDXRjQuqVjdpnmqbtuj4cLa8asNWUS7r7Q,tron,USDT,issuer_freeze,,,2026-06-10
TDXj7BnVGjcVuZTRbvWYhTh8FTQ26bZUnT,tron,USDT,issuer_freeze,,,2026-09-13
TDXxLo6rwMu1RHH8JjJEVUwZA4s7fNZ6z1,tron,USDT,issuer_freeze,,,2025-10-27
TDYEA5iFMgfAewqM6NhxXkY3AhE5odUchV,tron,USDT,issuer_freeze,,,2025-03-03
TDYNY1oXZMCkPUuLMBqe4D64xm46nd4bLm,tron,USDT,issuer_freeze,,,2024-05-10
TDYaZvDfinhhUGLiGJXEh4GfBjEYpwKyyZ,tron,USDT,issuer_freeze,,,2026-08-08
TDYfdBrPuQCN1HXct1UzqAbCNWunu96H1W,tron,USDT,issuer_freeze,,,2025-11-14
TDYhybXaH6MucixtVWP5DcW5TRVRtEFG7z,tron,USDT,issuer_freeze,,,2026-09-11
TDYmZm4UFoFhviBvMU63zLPpsgDrGHZmy9,tron,USDT,issuer_freeze,,,2025-07-12
TDZ48fL4LQzoBCm92vZFok7sErFDhq9GNv,tron,USDT,issuer_freeze,,,2025-08-21
TDZ7ofGAZ5seuGLy8Zv96asGjPpJkAckLV,tron,USDT,issuer_freeze,,,2026-01-10
TDaWenoxK65X54gEDB2RNPzFMZHL6AC473,tron,USDT,issuer_freeze,,,2025-05-16
TDaq2QznMRy8K8ZJwwY7Gd7hapSUxfY5MJ,tron,USDT,issuer_freeze,,,2023-06-12
TDaz5tbRhQSGteG6teeLdkhm3eCCAGQLrE,tron,USDT,issuer_freeze,,,2025-07-12
TDbDTxpwVD2Bi2UygvypaYTvxh5tk9hkCu,tron,USDT,issuer_freeze,,,2025-07-15
TDbHNAdPGn7MDzY1C2BXSAsBMmJr1Hv5x9,tron,USDT,issuer_freeze,,,2025-07-12
TDbHUbAD5i9Scv3GASik3jR1dt7hXiyncN,tron,USDT,issuer_freeze,,,2026-02-02
TDbT7koebCCjTFcK9W7vTJDib8dcHLAY9X,tron,USDT,issuer_freeze,,,2025-11-04
TDbVEYhUenNvX9gPFCs6CuZZsvEwBDBZVp,tron,USDT,issuer_freeze,,,2025-07-12
TDbZVZbGZuAVC6D1sRwSr6kAZ6HVP22pFa,tron,USDT,issuer_freeze,,,2025-01-24
TDbmnuxTCfyQEdtaDsR7DPfevR2mNz9FJD,tron,USDT,issuer_freeze,,,2025-07-12
TDbvZrGAs9qKp3eVaTN7iheULM5AJGKzCs,tron,USDT,issuer_freeze,,,2022-10-06
TDbyWogEUCvfkqHcK5YYA6KQoXGRMCLv9C,tron,USDT,issuer_freeze,,,2024-04-12
TDbyXYEpHSc75pTamULcwT3U3KRaRwL6qg,tron,USDT,issuer_freeze,,,2026-01-26
TDc9eQ3Y1vjtEZdsLM4D6vnyfLUGsVowu9,tron,USDT,issuer_freeze,,,2024-12-27
TDcDKetTpuJbeX7vqmvidKG8Nma5vQrpFR,tron,USDT,issuer_freeze,,,2025-03-06
TDcFpQrvjPLEmSGbd5NHbtf7tFNy4YtmLb,tron,USDT,issuer_freeze,,,2026-02-22
TDcVrW4XhDTH8MN6FuQYXQAPz4YnjnZ5k8,tron,USDT,issuer_freeze,,,2026-04-01
TDciqQMStq4waDygv5tzmcA2CESsPqT4Xs,tron,USDT,issuer_freeze,,,2026-02-26
TDcowe9ybfkyBZveXXmEGJEkYse8VM3E8r,tron,USDT,issuer_freeze,,,2024-06-14
TDcpKaE4JmtWBmeMCGVxmXnZYbsefVYp6r,tron,USDT,issuer_freeze,,,2025-01-28
TDctv58D5gizdKhisPMiDanhEJtoRTHXAc,tron,USDT,issuer_freeze,,,2025-10-27
TDczNDCEuDqnhCVj2qjdn7va9rvJApfB5x,tron,USDT,issuer_freeze,,,2025-07-12
TDd7c8BtHoPKcX66yGW9KJaaCNvZYuKw9q,tron,USDT,issuer_freeze,,,2025-02-19
TDdC2LpDB8G453agYNiNLXeFcaqmoXfZYo,tron,USDT,issuer_freeze,,,2025-08-18
TDdhPZCNzEisX2Qs7KKM2DUNV5uBp7S5Ge,tron,USDT,issuer_freeze,,,2025-05-16
TDdjqGfwgiJBmjx5j5GgMBcQrmU2Zg1YH3,tron,USDT,issuer_freeze,,,2026-06-18
TDdtXGS6PJ9o7BcDS55CPbZeHR9yWhKFgb,tron,USDT,issuer_freeze,,,2025-12-17
TDduLTxUF4Vf5HTRU5tRdMgFmTyV65Zd91,tron,USDT,issuer_freeze,,,2026-04-14
TDdys4B5hzyHMrNRnme9kMthK77PaE9qY8,tron,USDT,issuer_freeze,,,2026-02-22
TDe1WMAfWmdpVECRGF6tWNcSv7WoBQwzDg,tron,USDT,issuer_freeze,,,2025-07-12
TDeA9med6eoAJEHjDHCH8qpyUyoMxzsNm7,tron,USDT,issuer_freeze,,,2022-05-20
TDeBgBrQjgySyP9zPje3CRBCT2MQd13hy3,tron,USDT,issuer_freeze,,,2025-04-17
TDeHAS39vf7C6Qr1siS3dndKRGQU1sRrVn,tron,USDT,issuer_freeze,,,2026-04-24
TDeTitnreFDRW1y3FqcsmjbQU9zHpSB3AS,tron,USDT,issuer_freeze,,,2026-05-20
TDeUU7AuH4vybSDoi1xBSjmhkTQmZaw7jG,tron,USDT,issuer_freeze,,,2024-06-06
TDeW17GX57P5KdBqW7HSGRwnLrcnjRMFxu,tron,USDT,issuer_freeze,,,2022-10-06
TDeZCUfNWYhzxqn21tkc2TuzSHHWaWj9Mq,tron,USDT,issuer_freeze,,,2024-06-18
TDet6VF9t9hQ9DG2B47qpJzJFChfsWuwmy,tron,USDT,issuer_freeze,,,2025-05-16
TDexQmQivtdAef9Yb3eiHhDFtTUMiMJAGD,tron,USDT,issuer_freeze,,,2025-06-20
TDfH5Wk5WGQY6gnRQy7NH9B2W1KBgej6qv,tron,USDT,issuer_freeze,,,2026-08-20
TDfXcovp2MGS7P152NzGwg2p6YSwpjMLAe,tron,USDT,issuer_freeze,,,2025-12-01
TDfgTCqGMXj9QUk2dZep8N8p2gv9FtXGbN,tron,USDT,issuer_freeze,,,2026-05-14
TDfrTJUggkLrKai3dJNvNJUtD7yYVaDB2E,tron,USDT,issuer_freeze,,,2024-06-14
TDgKAHPGJV3EGCnxEX3krNN7g674wbhpEX,tron,USDT,issuer_freeze,,,2026-08-24
TDgvsHWNMnPa7xu3q6H9L2KNJqsa3DWNNp,tron,USDT,issuer_freeze,,,2026-03-06
TDh6QVjBaYF5kdN2qrREKydArESsG12N9h,tron,USDT,issuer_freeze,,,2024-04-09
TDhYrXBw5LL5KbyRufVBN7uD7NVRTTDJiA,tron,USDT,issuer_freeze,,,2022-10-06
TDhsDbWC8f9rYg72tbuv94ifQmM4CFuKgF,tron,USDT,issuer_freeze,,,2025-06-02
TDhxEgePLaLwiWuhaRbzyxR4efyPnPVzR6,tron,USDT,issuer_freeze,,,2024-12-13
TDiAUGmoHTNuxr6XZMnmrjW7dc2F8QFLVz,tron,USDT,issuer_freeze,,,2025-07-12
TDiPGrTeeiAWQob5TFfWovHEjVwCDxEqu1,tron,USDT,issuer_freeze,,,2024-04-09
TDiYVErYoXvPojF4P6CUpUwbxpc529X6YF,tron,USDT,issuer_freeze,,,2026-02-04
TDiZN3Z8Er7tMGcRMPa3BhajC3TDQK4xx4,tron,USDT,issuer_freeze,,,2024-10-26
TDj36P5pLvycu9dRFZV5AmBSK5T75RK8bX,tron,USDT,issuer_freeze,,,2025-11-20
TDj7XocNFMSGG7K2jCRvscLvkh3WAwWojD,tron,USDT,issuer_freeze,,,2026-05-12
TDj9kS1qci2NuEa7Ak2qXCr1ZaqisUqH3R,tron,USDT,issuer_freeze,,,2025-07-12
TDjKr5Px3LGVWr9R2NCk5i4tcyt6jb8jAw,tron,USDT,issuer_freeze,,,2025-07-07
TDjNr8GRyMqKmCGjsdQDyXUEJASGqKzTjJ,tron,USDT,issuer_freeze,,,2025-05-16
TDjV3uh55pzGF5vDYxAvEi6r6yqVzvQik6,tron,USDT,issuer_freeze,,,2024-10-11
TDjvyKkwoTptcyV4oDEo9RFvPLHbazsKrh,tron,USDT,issuer_freeze,,,2026-05-22
TDk91SWz2GvwfZwMTGX21d4ngUUH8YZZAv,tron,USDT,issuer_freeze,,,2022-06-30
TDktfpkcygSeyBQNyiUE7GsQ9wSywbvhGy,tron,USDT,issuer_freeze,,,2025-01-16
TDkvMXb9Vjq6NY9jucp77kc7DCrVCqMAZu,tron,USDT,issuer_freeze,,,2026-05-19
TDm8EPfvGWphgkWWa9kvQ6CHU3GER1gvNy,tron,USDT,issuer_freeze,,,2025-08-30
TDmBm5zUSiupoV71MXUittZqReN3h85nJc,tron,USDT,issuer_freeze,,,2024-04-09
TDmD9n821dv3vcbt6LuymC4yF4wtoMB9EX,tron,USDT,issuer_freeze,,,2026-08-13
TDmLo47bbr2QBLu2zSCx8Hu2Z9XSgoe4L6,tron,USDT,issuer_freeze,,,2025-07-11
TDmQGqf2tNsujGaXshiajXd1wc89G3jMzL,tron,USDT,issuer_freeze,,,2023-02-22
TDmRBGnSdSmuKFjbFoQcxPn4k4qb6TRWpd,tron,USDT,issuer_freeze,,,2026-02-12
TDmTAZ4WvMg4B3Jtt8VPmsnEsKrKVd88y9,tron,USDT,issuer_freeze,,,2024-07-12
TDmvbJbZDejZ722jVURNCGHG8bqcEwxJLW,tron,USDT,issuer_freeze,,,2024-04-12
TDmxeZ3CA5hYKT79nkeFbjhHjVJS2A75C8,tron,USDT,issuer_freeze,,,2025-10-30
TDnAck9eodBepk53QwmTeqCtbPvM8VY8gy,tron,USDT,issuer_freeze,,,2022-10-06
TDnTfNdygrnUQpMQbT1sMYM7NDuVF5kCff,tron,USDT,issuer_freeze,,,2025-11-20
TDnabTAW95LAWvPS1VWTXM2wjYepiMc7gB,tron,USDT,issuer_freeze,,,2025-07-12
TDnig4hXeQQXNQF5knUmY86T4pFp6xsSta,tron,USDT,issuer_freeze,,,2024-06-21
TDnnSkxJ6hEX4sB9totW9wUFNAbkh5akbY,tron,USDT,issuer_freeze,,,2026-04-24
TDnnVjChkfbmYQpXjcizZdibKhDouqDvQD,tron,USDT,issuer_freeze,,,2025-08-21
TDnxemZfPUWNtfAJY2RJBzH1EBkHWTZeiC,tron,USDT,issuer_freeze,,,2021-02-01
TDnyHHei4ZDs25cMc7VAX2HvuRcdk9ohrU,tron,USDT,issuer_freeze,,,2026-05-05
TDo6bbZkbqWnurxyW9yYNWhVWEhAfwYrhy,tron,USDT,issuer_freeze,,,2026-05-26
TDoDTq4KzWnJSj1WpVtemaEJGpJ8M7eb4r,tron,USDT,issuer_freeze,,,2025-07-12
TDoLNAdKftysUtMz7y5CybdZqX2Dga4Htd,tron,USDT,issuer_freeze,,,2026-06-08
TDosRsx3togaxjJeEPiHePv9joomzE3QLe,tron,USDT,issuer_freeze,,,2026-08-13
TDoy2hZcnYJyLQjSPCPoD8D72yDv5RimwX,tron,USDT,issuer_freeze,,,2025-07-12
TDp4YZjxVm158emC1CwyYBubPXNUfb22ks,tron,USDT,issuer_freeze,,,2025-07-12
TDpJYEyyg3YHso7mbfPLSv2ZAAKQVVf4Du,tron,USDT,issuer_freeze,,,2026-06-16
TDptPDG9sXnLJfrefoBVkGfQyL4UzUhUzk,tron,USDT,issuer_freeze,,,2024-05-10
TDpwBeBt6KPz2HJRzNNXy62gT1yU1MFLTS,tron,USDT,issuer_freeze,,,2025-10-17
TDpwh82GpwP8CG8hV2Jm4f2wcvwh4UJWNp,tron,USDT,issuer_freeze,,,2025-10-13
TDq4CVNaKQAjupV6miJNYxkD1trAyniGYw,tron,USDT,issuer_freeze,,,2025-07-12
TDqEvfM2anwg29GB6kttx2WwV8sgvYLWzQ,tron,USDT,issuer_freeze,,,2026-05-21
TDqKuV8kEsXVMx5UVuoUJNEULxPU6rQBFb,tron,USDT,issuer_freeze,,,2023-03-08
TDqQAvPRMgdVPDhUmB9L5hR5Uige2uiLpJ,tron,USDT,issuer_freeze,,,2026-06-26
TDqkXMmv5gZhQY8cTUxAE2VE1B5z9judR7,tron,USDT,issuer_freeze,,,2025-07-12
TDqroZaFsjWXhefyMqXthS2rvxzmWnavNZ,tron,USDT,issuer_freeze,,,2024-04-09
TDqyyygBkuRec7jQVsnwyevS6JYQDNFDGg,tron,USDT,issuer_freeze,,,2024-05-10
TDr4q3nDGq1yUxVsuWpV5noXupttfXC2MQ,tron,USDT,issuer_freeze,,,2026-08-13
TDrJR1CAqKDYCRe4M7q2QsuW7bQrCKqMT6,tron,USDT,issuer_freeze,,,2025-06-18
TDrdjZyS4GAumzFSXaFnU53W856E79aRKR,tron,USDT,issuer_freeze,,,2025-02-19
TDrkFcaCqAv2YMWGKMrjd9Hyewgy183Sek,tron,USDT,issuer_freeze,,,2025-08-21
TDrugjTwPPeS3JvQCNMJjWkX4dzn1ieSeM,tron,USDT,issuer_freeze,,,2024-07-23
TDsKAY9rXSqWz8HNzmdEWbaQhuELPZVkjU,tron,USDT,issuer_freeze,,,2026-07-24
TDsbKsrWaFJ4xPHtYNUST4b7yjjLqbXhgn,tron,USDT,issuer_freeze,,,2026-06-05
TDskBcHHaFYSJz3QuKBSd5Q9ZxEc8dPzyH,tron,USDT,issuer_freeze,,,2024-04-09
TDstdrTpiHuNMJDShNM3okHYd558vRNpdk,tron,USDT,issuer_freeze,,,2026-06-18
TDt2YMst1yEE2yzkQVSrrU4f8xdY4ZpgEn,tron,USDT,issuer_freeze,,,2025-01-08
TDt4JBrAPxmBHBNFnVxD9NfaSffPncaXUE,tron,USDT,issuer_freeze,,,2024-08-08
TDtDQHNhTT7B12YeTV38ZtkNttZU74gqrk,tron,USDT,issuer_freeze,,,2024-06-19
TDtFA8Cdg3vUtZZgA7uopLp19CMhNvnhtT,tron,USDT,issuer_freeze,,,2025-04-09
TDtNVrHfDAcRPxcRcWC7vi4TcfAFfTjjHi,tron,USDT,issuer_freeze,,,2025-03-05
TDtXiHiSXKqWyn4JJwWLgSaZ6Em1JqPnY8,tron,USDT,issuer_freeze,,,2025-09-29
TDu8fCxonUZ1bLeZ1ybuptQgefxLE7nFt8,tron,USDT,issuer_freeze,,,2026-05-14
TDuWboL7P2DpjfxirYTy4xNyHSCVszcuqF,tron,USDT,issuer_freeze,,,2025-11-07
TDubMv5NMkVTPTLwF81KXPtaXv2ehM9rsh,tron,USDT,issuer_freeze,,,2025-03-05
TDuwmi6LTunBQe4ZkBmUpd72nBBp5qNc3m,tron,USDT,issuer_freeze,,,2025-08-18
TDvRhqyGMW5NuZjhiAmEmYuXrSZ4bdZtmu,tron,USDT,issuer_freeze,,,2024-04-26
TDvdhiZXUDmaTKiSHJdzjow7imntSJPAPi,tron,USDT,issuer_freeze,,,2024-04-26
TDves3dneRzcoEiV4jweA27Vj8q4ECDsuq,tron,USDT,issuer_freeze,,,2025-01-23
TDvrFRyn6gmnfz4oqGUwthAsBqRVfigE6M,tron,USDT,issuer_freeze,,,2025-07-12
TDvwPmuFnVN2nKQ2t2Kt4XDHt25h1i5CZj,tron,USDT,issuer_freeze,,,2026-05-14
TDwK14iLcdx1UCvyC1GnXRGZowf6ZqhSyp,tron,USDT,issuer_freeze,,,2024-11-25
TDwSoGiRFCNVsZfT6dR9mefhYtjYGbw5rQ,tron,USDT,issuer_freeze,,,2026-03-11
TDwfSsxThu7wq1VDJqDiCmqSviyTkvsS2r,tron,USDT,issuer_freeze,,,2025-07-12
TDwschUh8kjVF3MH8K2P39ERJyTv1kh1zv,tron,USDT,issuer_freeze,,,2025-05-20
TDxG9nKbFcD4vB5zyEk7mvEo5xF21FBFjt,tron,USDT,issuer_freeze,,,2026-01-13
TDxVVo56dk6MUMv6NN8xfwQLMczV8dsWJK,tron,USDT,issuer_freeze,,,2026-02-02
TDxkFVw8odZVHjc7nxvx3tnLX1zjj9zQYc,tron,USDT,issuer_freeze,,,2026-07-22
TDy1mGPc6J4eKeEhAgjRKn6tc39ZTNEkv7,tron,USDT,issuer_freeze,,,2022-10-06
TDy9j6dASSD4t2QMVkaNJpbs5xucTquVgd,tron,USDT,issuer_freeze,,,2025-07-12
TDyqoyJw2fijTuSkKkU3enrTpmEcuRBhii,tron,USDT,issuer_freeze,,,2025-10-22
TDysnVPxhbLPYtZ3Z5G9dDqPz3VwUjvE2M,tron,USDT,issuer_freeze,,,2026-05-05
TDytYWyoZSnw9S1jyDtzH4dtnkDAKzcYyY,tron,USDT,issuer_freeze,,,2026-04-28
TDyyV8bkNNfttzk3NvjGvLFobsGdYmig9J,tron,USDT,issuer_freeze,,,2025-03-11
TDzdfBF2MKi9SBJsh1ckyDLDMiRXFzZ6Ek,tron,USDT,issuer_freeze,,,2025-08-08
TDzh3ss71yCVCdKqcuQjvgaguVkJtmWSFh,tron,USDT,issuer_freeze,,,2024-04-09
TE1C4qr7ek7ka4Uw6hpj3tMhvmPTpV57Gw,tron,USDT,issuer_freeze,,,2021-01-11
TE1J7fdDTtkbNPAU3Qcbu68D6TBvizcoEC,tron,USDT,issuer_freeze,,,2025-05-26
TE1UixHZHBgjgcRJ2AL7N5q1SP6Qif3TT8,tron,USDT,issuer_freeze,,,2026-03-03
TE1Xaaf6zjUEeeahNhh3fh71ctDVjdwRda,tron,USDT,issuer_freeze,,,2026-06-29
TE1kiUQiLEcRomM6UX1qHotYRRES4fakWX,tron,USDT,issuer_freeze,,,2025-07-12
TE1nHtk31Cch4nAT8SrDmAGdTCKr8amiLP,tron,USDT,issuer_freeze,,,2026-04-14
TE1qDEi5iriq9Qa1MK7W3fLN9233zvv8Uk,tron,USDT,issuer_freeze,,,2025-08-30
TE2D2wovKPenDnsTatLB87kZWhHNNJdVTM,tron,USDT,issuer_freeze,,,2025-09-24
TE2QRd16kZfHZz3LRooh2qmCKsQ2gcnbeC,tron,USDT,issuer_freeze,,,2024-04-17
TE2qVzGwDWThdTsqG2ZpCUrawFsnJDHLpg,tron,USDT,issuer_freeze,,,2024-12-05
TE2x7nYPLX3NpY6LDPjb9J2LfzzVsymLfW,tron,USDT,issuer_freeze,,,2024-06-05
TE39kgWXLJVYwBLHxW2V6v2qKX1XXbSHww,tron,USDT,issuer_freeze,,,2024-06-10
TE3JkM2RE8Tt9q1HGYL9iWEw3pgMb4f67p,tron,USDT,issuer_freeze,,,2024-04-13
TE3RXGtd6YJZkDtv9CWDzLFbRbd8WHWUBB,tron,USDT,issuer_freeze,,,2025-05-22
TE3bkj5uCjS2TzyPQzWf63aQw9g2KVm67u,tron,USDT,issuer_freeze,,,2022-12-20
TE3k9ToyCQfsHQT8SUHfKdmQa7LjM9iJqg,tron,USDT,issuer_freeze,,,2026-02-23
TE3qEeUQP58DjP38bkMJKugGxaSjMxbiys,tron,USDT,issuer_freeze,,,2024-06-07
TE4MJcv9ZqLh8CamzRVHLzbpLtvtXmoisq,tron,USDT,issuer_freeze,,,2025-07-12
TE4bibBSEtskzMLw4iwrkEgeTxDT83iWij,tron,USDT,issuer_freeze,,,2025-07-12
TE5JbMcsPWbYVMkJDbqvRBwyfEtPDsH5WZ,tron,USDT,issuer_freeze,,,2026-04-07
TE5MAqv3eCURc3UTzX5FyNMaqesTY9pYuq,tron,USDT,issuer_freeze,,,2026-08-31
TE5SntrSahUw9H1xKsamVqUMGotYfWnJsr,tron,USDT,issuer_freeze,,,2026-09-13
TE5bqwBJbJ1zwF5zQavn4XhEJAt3a2MHZH,tron,USDT,issuer_freeze,,,2024-02-15
TE5dMX6Po7Fc54H9Mc2ttPaDFS6xvafN7r,tron,USDT,issuer_freeze,,,2024-10-22
TE5jPTRT7GkiQbFBintxLgy69q6mVW8phe,tron,USDT,issuer_freeze,,,2022-10-06
TE5jj36nNEE6JhsQhGvkDHiQWL3LSqwNgf,tron,USDT,issuer_freeze,,,2025-07-12
TE5sBpKjYQr6qLMkRNokoQFSWcBe14Rb7p,tron,USDT,issuer_freeze,,,2025-07-12
TE5tTW1cDd4sUVrzUvrdN5RoqEJEuiVPtU,tron,USDT,issuer_freeze,,,2026-02-26
TE6RV37ssSH372is95JA6ee37oYafAHnvj,tron,USDT,issuer_freeze,,,2026-02-23
TE6s8LR5TFcUNyxy6QdMTqcNkHmmGDEv3t,tron,USDT,issuer_freeze,,,2024-06-18
TE74sMtpcBUWGqhSxSZmb9CGZ4yiMnRPrr,tron,USDT,issuer_freeze,,,2024-12-03
TE7Fecv2PmrHiYAtisis2F29cSEPvJCeBF,tron,USDT,issuer_freeze,,,2026-09-09
TE7b3MVQFFQeAxdoyj9PgHKZT3th1LgVP2,tron,USDT,issuer_freeze,,,2026-04-15
TE7fNh7kefx5PJ7ngWca9Dj9L6fzrfFsHN,tron,USDT,issuer_freeze,,,2025-05-16
TE8BBk2sajdomWH4x3nshgRo8uzmXhfNA4,tron,USDT,issuer_freeze,,,2026-03-13
TE8CBwYnbhquFytMxWaYvFbwVt2qWz3h9p,tron,USDT,issuer_freeze,,,2025-05-16
TE8EtnFSoWBgXGHkjSPDmo2irAMxbhscXF,tron,USDT,issuer_freeze,,,2026-08-20
TE8gizE2D18rMksdhqNewn44Gus15DD1LB,tron,USDT,issuer_freeze,,,2025-02-10
TE921VpNz6C6icvuVaovh8Eq1Rw67KXTxY,tron,USDT,issuer_freeze,,,2026-03-25
TE9Nf3659ijf2ercVJLFo9GcxxX5SbhxBk,tron,USDT,issuer_freeze,,,2025-07-12
TE9ZFi69jrrQLw1cFooDbP17Xb2UrKPDoj,tron,USDT,issuer_freeze,,,2025-05-16
TE9gAy8SkkoorsNiv1AjzySpPKyvmd9KZd,tron,USDT,issuer_freeze,,,2026-04-15
TE9oJ3pTiCwdR7r8WQDh2Yc7ehqHpum3Wv,tron,USDT,issuer_freeze,,,2026-03-20
TEACcM4WiyQYw81bYZ3QthmT7mqLhZmh4i,tron,USDT,issuer_freeze,,,2025-11-04
TEAGP3Kgv8hJWmUEmrtDjHH2AunmpzztxL,tron,USDT,issuer_freeze,,,2026-05-04
TEAGfyfa714bbYa2a4fnL1Wz6gPEWAKYJF,tron,USDT,issuer_freeze,,,2024-02-15
TEARbVKszKsp9rp1NuDibZnGrG3fphjF4D,tron,USDT,issuer_freeze,,,2025-04-17
TEASPoETE3QrQ7dBRTnLzCJNg2uSmmM8uo,tron,USDT,issuer_freeze,,,2025-06-18
TEAjNsT2RGhSM3ujKDfaGaQaRTmuABnmso,tron,USDT,issuer_freeze,,,2024-12-09
TEAx6nmjqV12978eQKHHsLzTJtj3EctqLM,tron,USDT,issuer_freeze,,,2025-10-09
TEBZGiy3av1aadityXxvBG9LDjQyt8nvuM,tron,USDT,issuer_freeze,,,2026-03-02
TEBetd7ppKYESDWfiPbdJxC59MMibh8LJr,tron,USDT,issuer_freeze,,,2025-03-04
TEBq14WbtKPiJbtaWNGmyVKfp2QhLy3iwP,tron,USDT,issuer_freeze,,,2026-07-16
TEBq8RXRPkoYKmaT15f9vcefTTuskMVq9s,tron,USDT,issuer_freeze,,,2025-07-12
TEBxfAwbkwWP6xJnnyHD5Ceuegu4957yo4,tron,USDT,issuer_freeze,,,2022-08-10
TECNY2bgj6CgtBkGTJQgzo5wkqrSGGC1YZ,tron,USDT,issuer_freeze,,,2025-07-07
TECdioUHNRE7qBgSLcGpbhciJMa8rXqiiK,tron,USDT,issuer_freeze,,,2026-04-09
TECjJGkreKdrfkz7itqCdcCjDneW28WAu1,tron,USDT,issuer_freeze,,,2026-07-31
TEDAwPQjwf4wg9YRBKBSdQs2eyrjsS2zE4,tron,USDT,issuer_freeze,,,2025-10-27
TEDNf1aqk8YJEUdNH9NRd4MqibZmdP49Fm,tron,USDT,issuer_freeze,,,2023-09-14
TEDSgWLhmcdQTf14TJHpE4EGpRs6aZRcSp,tron,USDT,issuer_freeze,,,2026-04-20
TEE3ZWvrWXJgGRET5sq1VGnJJo1cJC1ZLv,tron,USDT,issuer_freeze,,,2025-07-12
TEE8i8HFzf2HG8hmA1Laiab5Dsb1sT6J4Q,tron,USDT,issuer_freeze,,,2025-11-19
TEEXJYUAMupkXW2dx9V9WDkjKcckjkP5hi,tron,USDT,issuer_freeze,,,2026-05-04
TEEdfjnXmiw2YSf3vnjjwr7rk2C51eFtAZ,tron,USDT,issuer_freeze,,,2025-03-05
TEEgyqtUxoWHBai3ciL5NByxnHPKcp8gpt,tron,USDT,issuer_freeze,,,2025-07-12
TEEpAYENzb3CcRB2waLfNqTRr7B9utCoVr,tron,USDT,issuer_freeze,,,2026-06-11
TEFXiJi4PXcMcxb6kafD7hPFHT4VxzRwaY,tron,USDT,issuer_freeze,,,2026-08-10
TEFduqWy9iPg88mUnHMtHusqMWfxZWNCF9,tron,USDT,issuer_freeze,,,2024-03-24
TEFwZgXdnCMGxa5d6mkEuR25PyxQXxiiDE,tron,USDT,issuer_freeze,,,2025-07-12
TEGVfLzym1FWPTNw283DrcCkSkaHybG5uo,tron,USDT,issuer_freeze,,,2026-03-06
TEGeAte7DfTB5wGkttyAwHN24aiyfX1dco,tron,USDT,issuer_freeze,,,2025-07-12
TEGnG5SuyPUG2fvzihU6t28au9X9E3aoUK,tron,USDT,issuer_freeze,,,2024-08-16
TEHGE1zv6UmTdU3Z4PTDELhxLqqZf4o3Sc,tron,USDT,issuer_freeze,,,2026-01-19
TEHGg3e5kf8cjvPeDojipLLcwdKsyPQF2Z,tron,USDT,issuer_freeze,,,2025-09-25
TEHLh2xe71DHLvv2dDqupe5814WZncch7b,tron,USDT,issuer_freeze,,,2026-03-19
TEHeZHUhXyVnG8hFt1TsS6Ynn3YnpWoLQc,tron,USDT,issuer_freeze,,,2025-07-12
TEHwzvb7Ne2UBQR1q3w5C42ePd4Aim4abd,tron,USDT,issuer_freeze,,,2025-07-12
TEJWdtG6GwKaKz6EN2uPssioaVFm7u2bGM,tron,USDT,issuer_freeze,,,2026-03-11
TEJbrZ4SwsKxyztPLkhfPkapHoPjyQ35eJ,tron,USDT,issuer_freeze,,,2026-08-10
TEJc98phyWzSBQiWNiFq1diXXxowFHZvW2,tron,USDT,issuer_freeze,,,2026-01-07
TEKHcws3gafambPNZHgNvPTJgQiNGHNRqm,tron,USDT,issuer_freeze,,,2022-10-06
TEKaS6rXXtojQnKNccRRc4rGusPnsB2uVD,tron,USDT,issuer_freeze,,,2021-01-22
TEKg6ufRaMhTcskT4LSqo4JmMWmmYemWpV,tron,USDT,issuer_freeze,,,2025-11-07
TELTDYswqM4KSRFPPrgevxKPGHCDzwRid5,tron,USDT,issuer_freeze,,,2025-07-12
TELZ5mKPcQFb5chfLJ5KMwRNb1rxa235Ta,tron,USDT,issuer_freeze,,,2025-09-19
TELaSkGbX6SMtPHRFM97w4KyKh2eXV9cWV,tron,USDT,issuer_freeze,,,2026-05-25
TEM3Ch1nqyBxtDeyDaFgDoksVvCMerqQZM,tron,USDT,issuer_freeze,,,2024-11-26
TEMS4mYEzwvsuUL9ariZv4DkKqNpdzXMrf,tron,USDT,issuer_freeze,,,2025-09-16
TEMYcTye5gM4JDWVQDrsBAYxuCDTb5JZ2B,tron,USDT,issuer_freeze,,,2025-08-07
TEMeimeJN7bGo7evQrsSyiti4S2u3hztkq,tron,USDT,issuer_freeze,,,2022-10-06
TEMojjkY8NGjnAhqCAJyWf4knpafbUvWN4,tron,USDT,issuer_freeze,,,2025-01-24
TEMq7JLQkXfiyFNL6Xg2dBY3RgnWnWRqhS,tron,USDT,issuer_freeze,,,2025-07-12
TENT9npo2PxXX7tESswCqV65zsxwq1CGMu,tron,USDT,issuer_freeze,,,2025-03-28
TENVyG8oaFWBr35G8GZGGzrVVAFKASkspA,tron,USDT,issuer_freeze,,,2025-07-12
TENe3DWCHz35tpKidzSengythVUipgDBF6,tron,USDT,issuer_freeze,,,2026-08-07
TENjm9Zyn4McrqQmLzhMvNNX6oFj85tAoW,tron,USDT,issuer_freeze,,,2024-07-23
TENpXjNFQda9rFqEtyUtKS48PrdYnhfYMH,tron,USDT,issuer_freeze,,,2026-04-22
TENzUZMgMfh9rnZuK72Dm1yXEPF4W53Kif,tron,USDT,issuer_freeze,,,2022-10-06
TEPGTa5UQQfPuCmJJ7vKTrGx9yreA2AwmQ,tron,USDT,issuer_freeze,,,2026-09-03
TEPVQDcE41fE2T83uN4bqMTdJf8EosDcg4,tron,USDT,issuer_freeze,,,2026-01-31
TEPXY63eAUVoaWePnVvGedkx68oVZfRuJm,tron,USDT,issuer_freeze,,,2024-07-23
TEPdot3MkDztqPDeBGde1aG19MbwEiQnq1,tron,USDT,issuer_freeze,,,2023-08-25
TEPpF4vfELF7HZ2Rp5PApHMo4jtMWUWB3K,tron,USDT,issuer_freeze,,,2025-10-06
TEQC88ZfWoAurxRkXLLLuPpNZ8qAddcYvv,tron,USDT,issuer_freeze,,,2026-04-27
TEQW6cLRHyCYWAEh8GKoQcGWpu7SgB4ysL,tron,USDT,issuer_freeze,,,2025-07-12
TEQWzLx7gwwUvmTHMDh7VpVrNDjPjVx8qt,tron,USDT,issuer_freeze,,,2025-04-29
TEQZCA1QwzFi8tweYNukfSeVK4S9V2HeSv,tron,USDT,issuer_freeze,,,2026-01-10
TERC6KNE1QZr5WeLgMwhx9KqPcnftAvihr,tron,USDT,issuer_freeze,,,2024-01-13
TERD4WMUxRoZK5Kf1mEbh2fhcE9dZbXZYj,tron,USDT,issuer_freeze,,,2025-10-29
TEREywWefCMtgNvzX6VDqc38sRQi3z3bo7,tron,USDT,issuer_freeze,,,2024-10-27
TERfCUGRu7gryF3CkSkTCZqzV5MGTK1BEj,tron,USDT,issuer_freeze,,,2024-10-29
TES4TCD5FMCgoajcURmiW1RVB9a1xwSPj2,tron,USDT,issuer_freeze,,,2025-03-04
TESCDkZbKWuJtuFPRSjczChuV14XHMMbMA,tron,USDT,issuer_freeze,,,2025-04-24
TESKpQ9gBn2QGMnJSuU1K5BtbKwfeD7Y6G,tron,USDT,issuer_freeze,,,2025-07-12
TESNrCcxkpT66vRYrmDQXZJvydf38nE9xb,tron,USDT,issuer_freeze,,,2024-12-10
TESTAwMbTsyTeAzkA8qNkHn6yLJ4tDvPqe,tron,USDT,issuer_freeze,,,2024-04-23
TESg1X864ZrHac7yHPC39MVm8yyciuHMZo,tron,USDT,issuer_freeze,,,2022-08-19
TESgrh6N8GQt38r77CHo4S3KR4PzBQNT58,tron,USDT,issuer_freeze,,,2025-02-19
TETNyvEkghficnqaDzt4aoXk9AP2GW6uEw,tron,USDT,issuer_freeze,,,2024-12-13
TEThhMoLktkqMVPgV2tT2JNJTxYEgRB2Vt,tron,USDT,issuer_freeze,,,2025-07-12
TEUDYsGYbPShTeqJMZ6GdA2ydj4j1UkyW3,tron,USDT,issuer_freeze,,,2024-01-01
TEUe1DKFChu9ZPYnRn4Hd5pp2Dep2GjC9a,tron,USDT,issuer_freeze,,,2024-05-15
TEUgm8BA9jgTVAUvcD6ULVCmM4DnhqUS6C,tron,USDT,issuer_freeze,,,2024-10-21
TEUny4Jja8XWuaKxPgAfnqt3TcCxDqL7P1,tron,USDT,issuer_freeze,,,2026-01-31
TEVLP2BsFrcwWSaLy9tDa4JsygzJCdRqys,tron,USDT,issuer_freeze,,,2025-07-12
TEVcdv3bus27Vv21JT1akvL1YmThNRdTpQ,tron,USDT,issuer_freeze,,,2024-08-16
TEVcm6xDiQpHDMAR1zSVV7audBFpHij2XD,tron,USDT,issuer_freeze,,,2024-12-05
TEWYzWb5VyyT4GFK5KQuLjKq4UnWnCcxKu,tron,USDT,issuer_freeze,,,2026-02-22
TEWhNUsd5XcYvJt4rj1TFLqdN41tA1yqVs,tron,USDT,issuer_freeze,,,2024-03-24
TEX4dCyHchcmZmEE321FP4AW3udJaJRnqq,tron,USDT,issuer_freeze,,,2026-09-01
TEXG56DmKiJMTKdH4sUhUFu381HouWwn91,tron,USDT,issuer_freeze,,,2025-02-27
TEXXbaiiJvMBHf3uDdTwJtgejguHidLiFB,tron,USDT,issuer_freeze,,,2026-09-04
TEY7apmhrA4AjDdHhgXrCc86DMRGcYKoj2,tron,USDT,issuer_freeze,,,2025-07-12
TEY7mV4uanCVFfNQMVUevvRJHzDWTWcvYN,tron,USDT,issuer_freeze,,,2026-07-09
TEYRynvqcNodbdspdv85Knc7cfrjdLFqy5,tron,USDT,issuer_freeze,,,2026-02-22
TEYbEC12AY5VdQi8EzKZtnB4Mu2KQmC2Vu,tron,USDT,issuer_freeze,,,2025-01-16
TEZH9zYFrf9kzmnifYz1Q5o2Cy98GsFrFv,tron,USDT,issuer_freeze,,,2026-07-02
TEZRLkhrWADL4LemEMHv25hnGK935GYzh4,tron,USDT,issuer_freeze,,,2025-01-10
TEZbRADq7gATfmn3HgpftkcbCr3EfXxpjk,tron,USDT,issuer_freeze,,,2026-07-01
TEZbaUhqcXARX8VeNAbZQsLh1AgZ5DHSHd,tron,USDT,issuer_freeze,,,2026-06-05
TEZcvA2soq7aVJ52rD7X2G78TtF8tiS9Mr,tron,USDT,issuer_freeze,,,2024-10-27
TEZhzgBXMmj36mFB32vQDJy1Hn3Vdvi57X,tron,USDT,issuer_freeze,,,2026-03-20
TEZuPBkVcNyci5WM3zrzoqX6ho4hMXgnJ6,tron,USDT,issuer_freeze,,,2024-04-09
TEa1NpRPax9KiRXF2WBhcPfU4B8jt8zUiQ,tron,USDT,issuer_freeze,,,2025-03-01
TEa4TiaT5MjxJ83xYyHB1cwMMZG4R2b1Nt,tron,USDT,issuer_freeze,,,2025-05-29
TEb46c2vK4ZjyXMVnkL1yr21upXpL3588j,tron,USDT,issuer_freeze,,,2025-02-14
TEbCoC2dCpy9759SsCmptK9S1aKzR9bgdF,tron,USDT,issuer_freeze,,,2026-03-13
TEbHgUffcsjbMRzK7D5dUhBbibxLsVb2qw,tron,USDT,issuer_freeze,,,2025-04-22
TEbXAKJN6KyAZgD7YgJvdZPp77UWbM9oB1,tron,USDT,issuer_freeze,,,2026-05-06
TEbYJtPkdPHP2hsRjmBQgA9eS3PExcoefH,tron,USDT,issuer_freeze,,,2025-07-12
TEbdtRVVT4WqsATyLcQeu1YvgjGBdQTe6k,tron,USDT,issuer_freeze,,,2022-10-06
TEbiCGXhMFvjqJSe4A51pwry31qaXfKU7h,tron,USDT,issuer_freeze,,,2026-03-06
TEcB8ET7jpnbPR15v2c1aJYpgCfHw2ko8m,tron,USDT,issuer_freeze,,,2026-05-14
TEcD1EJN3Fqk91bvh9WSebXLQdQPUjQCA8,tron,USDT,issuer_freeze,,,2026-09-01
TEcfJG8eeXHwxrid3Rq3iFdQPaPSmJxwj4,tron,USDT,issuer_freeze,,,2024-11-14
TEcfu1bdP6yGfzCW98ruTjKpJmVNbsd3ar,tron,USDT,issuer_freeze,,,2026-08-07
TEcg3C2qwuFeBvkXgcXp51SzZygzsH1kcR,tron,USDT,issuer_freeze,,,2022-10-06
TEcpUeeiVqxmUujg2s5SAtFxkdN6P9bVB1,tron,USDT,issuer_freeze,,,2024-04-09
TEcwfmBVApN2XF9HudsBkPBptF5hPCQBup,tron,USDT,issuer_freeze,,,2026-06-09
TEd1ZdQyRqdzcU3YPenZSPiVRu2kSvGgW9,tron,USDT,issuer_freeze,,,2025-07-20
TEdPXiLCfj9ZqSdoTK9y8C1QHSzWpJKkz5,tron,USDT,issuer_freeze,,,2025-11-27
TEdRgYhFj8QoeYSJA6E6sxUXUjaG1WQdsd,tron,USDT,issuer_freeze,,,2025-04-09
TEe7mhDCAduzWUXsxscyQqUV7AQooSTckL,tron,USDT,issuer_freeze,,,2025-03-03
TEe8Jma9irkHGAv77s5LxjmL1AboRnorPJ,tron,USDT,issuer_freeze,,,2025-08-07
TEeQpqRKY4BguEL6x6pcfGrdQuhJe8mAvK,tron,USDT,issuer_freeze,,,2025-03-05
TEeUUbxFC8jtP3V4fDBVAg6nvfVWeDZt77,tron,USDT,issuer_freeze,,,2024-08-16
TEeW8nDYySXUdHwNqUzXyuuKbimBFZaZwn,tron,USDT,issuer_freeze,,,2023-10-02
TEehcjj6kMnDC485BPrcGwYc1L2beGvLkE,tron,USDT,issuer_freeze,,,2025-07-14
TEej8iPsoR6AdtGQas8cNHJESTRCy3rhj1,tron,USDT,issuer_freeze,,,2022-10-06
TEfBX3WP2BzkjD8XRyGWq7XNAhLuncdktg,tron,USDT,issuer_freeze,,,2025-05-23
TEfX3pGvpwDQHk3QRvS8CRqs4re3NoFEHC,tron,USDT,issuer_freeze,,,2025-10-29
TEffAExKdVQK1tdqqG3nQ3QJgJzWCPmKHB,tron,USDT,issuer_freeze,,,2025-02-07
TEgjDKCESf7kp11ezVyh36DN9MGBX6eXBw,tron,USDT,issuer_freeze,,,2026-05-05
TEgrhF9fwkhxpTmYdfmmm2pD7sNK7wPTVt,tron,USDT,issuer_freeze,,,2025-12-11
TEgvoDmdnqCEV4wV3ma4Z2BXkaGFGyq8ys,tron,USDT,issuer_freeze,,,2026-07-09
TEgx5gV72E4Ju35qxNReNRfr9t6bWf7JRD,tron,USDT,issuer_freeze,,,2025-01-08
TEh1giAYtTeYiGFgDJMvHBQXjTFApqaxqd,tron,USDT,issuer_freeze,,,2025-06-02
TEhMDdAFxLmQ33oKrf32eCFMmsRi64KcZw,tron,USDT,issuer_freeze,,,2025-10-30
TEhMKWeizUQLmjJn2RMRX8oTJMWkKF6RE7,tron,USDT,issuer_freeze,,,2025-01-30
TEhPYvdZD3sM3gJE4deyLTbaJjLsTtCCn5,tron,USDT,issuer_freeze,,,2025-05-21
TEhS1co8uS4ieEDLKwgwRtmcbdMXhD9Tpk,tron,USDT,issuer_freeze,,,2025-10-31
TEhgUWW4SpkPu4zKGM5hw5LDFsntaoHL1w,tron,USDT,issuer_freeze,,,2025-07-12
TEhmaDsFpc7Virq4Zcrg9ErVtUzAgddVbm,tron,USDT,issuer_freeze,,,2026-05-23
TEi4nrhEyBnRQKjWBWyu3k98JoqbjUFSNp,tron,USDT,issuer_freeze,,,2024-10-27
TEi5xbGBKbYdNcxDSvZoiEWk9wbkF8qMTg,tron,USDT,issuer_freeze,,,2023-07-06
TEiC4ms3ZaMcEkRGuwBtDADkT6oJqpYFPP,tron,USDT,issuer_freeze,,,2025-10-02
TEiCoF2KZJRMREL5sbXRMQNtxCFHZPZoCL,tron,USDT,issuer_freeze,,,2025-07-18
TEjBPKLK8uRbBMWZNWtdUMVmBkPAgrEEa4,tron,USDT,issuer_freeze,,,2026-06-10
TEjNXwAakJEtfDPmmJDqZBUcWoPY4xB122,tron,USDT,issuer_freeze,,,2026-03-11
TEjXjJF9Yr8mBcwXD2yGDFCyjBD7A8tZKa,tron,USDT,issuer_freeze,,,2024-09-06
TEjYo4zMQiAvrRmZHYwyxHsctFZuWR9sXS,tron,USDT,issuer_freeze,,,2026-05-12
TEjarKzDZ53utyVqos3PnJuhFGdr149wSN,tron,USDT,issuer_freeze,,,2026-04-22
TEkEmHUyF3Aty8B224rUFp4V8mG7qEFFYH,tron,USDT,issuer_freeze,,,2025-06-21
TEkEuqHpjWEJEeMrycGw9q929AXpt11GMi,tron,USDT,issuer_freeze,,,2025-08-30
TEkXKkEU38ydMKQ1mZUuh6fENqE19opB4U,tron,USDT,issuer_freeze,,,2025-08-29
TEkfR7frxVhxPQYUF1B81bBahAMefoC9b5,tron,USDT,issuer_freeze,,,2020-11-06
TEkjoEX1Vb2Dve21aL9i1FQrxRKAPtiRUW,tron,USDT,issuer_freeze,,,2024-10-01
TEkme6f5KFhcX6Cn6vpbdVew94XV7rx1x6,tron,USDT,issuer_freeze,,,2026-07-16
TEm5ME3HRonTqx1fsJnQ6MdsqxKXHa8M2T,tron,USDT,issuer_freeze,,,2025-08-18
TEm7FNd8ZnuQfbgkfzLmTRqJUJbb48nMSr,tron,USDT,issuer_freeze,,,2022-10-06
TEmG91ksKfkGS6FX6JitMVy8WDNcabWRCG,tron,USDT,issuer_freeze,,,2025-12-17
TEmdkciDpLgRSpM8QPCZ3Jo6wg9mPr1DMt,tron,USDT,issuer_freeze,,,2025-07-15
TEmfZxwXv5EUxXm2hBdnJwNM167P7BQK4R,tron,USDT,issuer_freeze,,,2025-06-25
TEnhEwBG7RJQSrUQkdFW5Z98KQyHTvMoK4,tron,USDT,issuer_freeze,,,2026-06-22
TEnnQLKxtk779eXmcdmXk2fqjeDfgc5uUp,tron,USDT,issuer_freeze,,,2025-07-12
TEoE4fuckghX7x8jsTyU76zTK9fofPVggL,tron,USDT,issuer_freeze,,,2023-04-21
TEoJ5EugVxLzvLUork1SEF1pbQq1GWMXwL,tron,USDT,issuer_freeze,,,2026-08-01
TEoqVMC58rVkkFfuFN9FkePgSCWPgpRFGD,tron,USDT,issuer_freeze,,,2025-12-19
TEorTrwknjLvX6SimZXMQy7Pt5xTL3Eoq3,tron,USDT,issuer_freeze,,,2025-07-12
TEotn55PBm3dGH3DqrkdDR3bb72FtN9Vxh,tron,USDT,issuer_freeze,,,2026-09-09
TEp21Q6xyLBQo6UQzysAtD2TrBqxQXnHNT,tron,USDT,issuer_freeze,,,2025-07-15
TEp2sh3K9PY47DpM92uAqxHtnAvV4ZyfuF,tron,USDT,issuer_freeze,,,2024-07-26
TEp3dTdekTfQeVTy5fyyfHjGst9P9j6FzT,tron,USDT,issuer_freeze,,,2025-08-08
TEp7KweqqumfTE2pW6qS8xknN9ub2YBfSK,tron,USDT,issuer_freeze,,,2026-04-07
TEpGKc3qQEYkdaswCTN8JthniwcN5NgWb2,tron,USDT,issuer_freeze,,,2025-07-12
TEpHQvkX7HwWUD3fkztnoWHTEKdV2Ja766,tron,USDT,issuer_freeze,,,2025-05-15
TEpLurPbZTR12hvwfnsCnWqVYp15adY4pb,tron,USDT,issuer_freeze,,,2025-08-18
TEpUkUeN4kJwZjW94kPYmq11r7AZ5nbbnq,tron,USDT,issuer_freeze,,,2024-12-17
TEpn59ZY8Qe2U9RD3DJ3Ft1QgxyZyXULY3,tron,USDT,issuer_freeze,,,2024-10-07
TEpy6zpPrkjzX5tBtDm3owWVxWQn6nxxHj,tron,USDT,issuer_freeze,,,2026-02-19
TEqBRrjs1AXYvhqwHtpjGjr8QZgdeNi3ia,tron,USDT,issuer_freeze,,,2025-07-12
TEqHp4RDGEMvRc4H7Z4kt8akxumat9kPsy,tron,USDT,issuer_freeze,,,2025-07-12
TEqU3Rxk9axNqzZ1GjMwXvJhjp4voQRaTE,tron,USDT,issuer_freeze,,,2026-09-03
TEqhM7Qu1ufGtgjL9FAB8SvGoSGRmtM5W5,tron,USDT,issuer_freeze,,,2024-09-17
TEqpY82JaUCJdCLxXtrPkonNUKpQRkAKmX,tron,USDT,issuer_freeze,,,2026-06-08
TEr4ivS1oyJMDZ3Mma7qWez8sx3KAK1111,tron,USDT,issuer_freeze,,,2026-04-01
TErFTfyD7Nssfe9kMfuk266YWLRAGi81H4,tron,USDT,issuer_freeze,,,2025-04-18
TErGehJYkTdBTq7gXztDiZdJdAMt1MXogw,tron,USDT,issuer_freeze,,,2025-06-20
TErNUy5zW7csEbVSo3cmsunpin4wmVNsju,tron,USDT,issuer_freeze,,,2025-08-08
TErTUBLxhGEPsSfZJUWpzR6e1RPHxJg23V,tron,USDT,issuer_freeze,,,2025-11-05
TErWy94Uc9viA6LygZCsnBtRK1GDL2qHXD,tron,USDT,issuer_freeze,,,2025-06-21
TEsLdTDNizGrKzrMmZiD1oXyQri7KqVSyA,tron,USDT,issuer_freeze,,,2025-07-12
TEsLzNxsehVu4hzE4sxEsmtS9fhXbnRprN,tron,USDT,issuer_freeze,,,2024-12-10
TEsSgbNw7J4H5UMZWZWrL5nA4MuP5jc9oV,tron,USDT,issuer_freeze,,,2025-04-28
TEsSqkH1SnZn4unVQRbL2vF9YJQFpsmqe5,tron,USDT,issuer_freeze,,,2026-02-10
TEsgp2cSHsNCNSWS4C87UxRtBSk4cnVx4g,tron,USDT,issuer_freeze,,,2024-12-20
TEsuU9NnMmr5aiga6z6QKbAinx4MUr4u69,tron,USDT,issuer_freeze,,,2026-08-20
TEsy6UKUE7Vja618xRQJXt9zrHJeqLuSkH,tron,USDT,issuer_freeze,,,2024-06-03
TEt4fxNPF1NGo9d8JbnYoqRsdYVJno3J2b,tron,USDT,issuer_freeze,,,2024-05-10
TEtyZXgyBHpHH3n2QRYApNQsRYcwDiSxoC,tron,USDT,issuer_freeze,,,2025-10-07
TEu4x2wzGPrRXV7hjyckxYpmrqdGi5NFnA,tron,USDT,issuer_freeze,,,2025-07-12
TEuBZnqmc135vrpXQUCpyT3YsEiL3ShjdK,tron,USDT,issuer_freeze,,,2026-09-08
TEuG5z2fbKcNTYQdfapLUUe6QEoZdusuZ3,tron,USDT,issuer_freeze,,,2025-10-28
TEuMmkzFEixGSqmSD9LjNg7sZKCfCH82hc,tron,USDT,issuer_freeze,,,2026-07-10
TEuY2tNwvrwRnM3DrVmtQqsmNq1BE7Sask,tron,USDT,issuer_freeze,,,2025-07-12
TEuZSVmB3oQNy1MXDiZPRqPoV8tvbQU1X7,tron,USDT,issuer_freeze,,,2025-07-12
TEuZnYfgocpniZ9is4s6sLV5sgiyq6ifGN,tron,USDT,issuer_freeze,,,2025-07-12
TEubK5aqbhPWuXbDfUtJXLL15Lr3AGPZVh,tron,USDT,issuer_freeze,,,2026-06-10
TEurX6rQiCZG6QLqjWR17zP46bdFTkpYcu,tron,USDT,issuer_freeze,,,2025-05-21
TEuwuXU9Au9VQCwXe6YPtcw3qBdcT8kb8u,tron,USDT,issuer_freeze,,,2025-07-12
TEvqkaRCB4G8SATGx4hABPhuUijsdrWb57,tron,USDT,issuer_freeze,,,2025-06-20
TEwscimzEAb6VTcuhHRz5BNGDNfRMkKFy9,tron,USDT,issuer_freeze,,,2025-05-01
TExRVfccpaLpvQBsxuC4hY7rrtbn6U3B2H,tron,USDT,issuer_freeze,,,2025-08-08
TExVY4phTeQWvxg7XERjrWrrMEVXd8cvhd,tron,USDT,issuer_freeze,,,2026-03-05
TExXEQN8eRTNdqVd2tq15cwaMXWG3BnG9x,tron,USDT,issuer_freeze,,,2022-10-06
TEy4CdgFxMSP3FCoxoMboxp8z3mZqcWZ97,tron,USDT,issuer_freeze,,,2025-11-23
TEyCz6z9GjPKSVBh5LtK8GTutVDi42zNoA,tron,USDT,issuer_freeze,,,2025-05-16
TEyEZh1kweMgC2YrpAXywb9M4dm74i4DW9,tron,USDT,issuer_freeze,,,2026-06-17
TEydRkf3PpYKW7cQ2RFkqZRWtYKxqkpDyY,tron,USDT,issuer_freeze,,,2025-04-04
TEyfnF3s2j9uR7eiGsyyRZCjQs4x2oQ7RV,tron,USDT,issuer_freeze,,,2025-06-18
TEyhbz4ohzVLQWGmsWjTKqLL1vHMjUG2Fc,tron,USDT,issuer_freeze,,,2026-08-11
TEytEHRoS7fNpHAKVBfrqb9RXSGR4iHjv9,tron,USDT,issuer_freeze,,,2025-09-10
TEzPF9WjC6baMtYDTL15P95SKczfz4EGKV,tron,USDT,issuer_freeze,,,2026-03-10
TEzwxDou3zjvhEPcFGWDZiMCkbyWeDzmTV,tron,USDT,issuer_freeze,,,2025-05-23
TF1YF327hr1FsuUpqDnqrtt6LcDen5YK2w,tron,USDT,issuer_freeze,,,2025-06-04
TF1dkFYMwFyHdfgshtvGqv9PqD8K3r4dFH,tron,USDT,issuer_freeze,,,2025-09-04
TF1pUcg9HLVCASgPN7msxYMA8utafJra6q,tron,USDT,issuer_freeze,,,2024-12-03
TF1rUGA6DJDEQwXp6JPeR6xESagka4G5Gq,tron,USDT,issuer_freeze,,,2025-02-10
TF2Acno5fqFf35PX2tNfivpso7isxjSW7u,tron,USDT,issuer_freeze,,,2026-05-01
TF2EzRULNokxMd5MsdiRs9Km959tnMj3ne,tron,USDT,issuer_freeze,,,2022-10-06
TF2nnB49qGHX1pDecgwhBttYga4UFzvUEb,tron,USDT,issuer_freeze,,,2025-03-05
TF2seZm177TfGRmsPxRXnYMEC6eUAwZPsA,tron,USDT,issuer_freeze,,,2026-09-13
TF2zBfEXEnKAJwETCVDskwiSxKRPcbD69n,tron,USDT,issuer_freeze,,,2026-04-19
TF3JRez3XpJJYDCJ4hPtA1BTyxRurYsHTd,tron,USDT,issuer_freeze,,,2023-01-24
TF4AT2rsVeg3BxWBkfQfpgCxeKtzFGXQjj,tron,USDT,issuer_freeze,,,2025-11-14
TF4FvMAtmY43FW6TfVKaR62dR8kBZ48SPs,tron,USDT,issuer_freeze,,,2025-07-12
TF4UXL6vg9Pkmm4G9QqDx8XYjEVRZVxbYv,tron,USDT,issuer_freeze,,,2025-05-26
TF4hXpUcX4tY2x5xTRWopaVp7mhEPNec1R,tron,USDT,issuer_freeze,,,2025-02-05
TF4kV43g38V4z5hpsRqgBk9Q6g8VprzEFn,tron,USDT,issuer_freeze,,,2025-07-12
TF5UcX3eJ7eWxG8qDoaXnNrpBby6Aofkju,tron,USDT,issuer_freeze,,,2024-09-22
TF63W1Ku1t945dPqhJmAFUk7fFnc38rYDy,tron,USDT,issuer_freeze,,,2026-04-20
TF6FPrzgEMxpMZ54JQSukKRZ4kyAyazPjn,tron,USDT,issuer_freeze,,,2024-09-26
TF6JZ4J9zzV4no4TqssHCUL23CTj49hequ,tron,USDT,issuer_freeze,,,2026-06-22
TF6TBgVGYiioKf5YUFsRNDZfVUVxQfmDaD,tron,USDT,issuer_freeze,,,2025-12-08
TF6bwqbXxvm5ccXiuPa2AHWLbGYoz9pBVp,tron,USDT,issuer_freeze,,,2025-04-25
TF6dL61H4ZGxqws3hPQa2Sqfjb2VkbVoHw,tron,USDT,issuer_freeze,,,2026-06-09
TF72yW7TUiJ8MwPVvjgFSdPVa3ZHx6scgi,tron,USDT,issuer_freeze,,,2026-03-11
TF7RyXwhGjvWK4J4p3YEss62XVDaKwZdxd,tron,USDT,issuer_freeze,,,2025-03-09
TF7g2FrsPQ4t6dQHTNyXPYPvBG7KwpfNNN,tron,USDT,issuer_freeze,,,2024-07-31
TF84snKqQfX9ZiF4YZyJDusss6ZN6MLLpE,tron,USDT,issuer_freeze,,,2025-08-21
TF8BCz5NbanwpQsayWuwG24SFXHe5bVihR,tron,USDT,issuer_freeze,,,2025-12-17
TF8aRRhD2CTE9xeQoELo6JTyPMHhjXDrZu,tron,USDT,issuer_freeze,,,2025-04-04
TF8fq7brF3YsGFm4snyUHxDf3fr9gXB6mN,tron,USDT,issuer_freeze,,,2022-10-06
TF9fasytJ1WJwUfoV8Zz4gK6VPLxMDatGV,tron,USDT,issuer_freeze,,,2025-07-12
TF9kGRhgBZqUoopBvqtDpHTGcAXxaP9gb6,tron,USDT,issuer_freeze,,,2024-12-05
TF9sQA71jifU2U2Qcs6n9wNVfodDS8HXYM,tron,USDT,issuer_freeze,,,2024-09-06
TFA8cgayP1wveGDaVmsVf9gwTGCDRivE48,tron,USDT,issuer_freeze,,,2025-09-09
TFAV4y6bhpWm3s3k7XpXPEU9R8Bi1AjNHG,tron,USDT,issuer_freeze,,,2025-07-12
TFAXJ5eVJjcrG1fnMxRqAcb6TW1hygUNzd,tron,USDT,issuer_freeze,,,2025-07-12
TFAgKH6N22958TN5Y1bsRxE51cwutTAkmi,tron,USDT,issuer_freeze,,,2025-07-12
TFAkEERxvPjwmqfjFP5WUkLW43cjogEcZf,tron,USDT,issuer_freeze,,,2026-03-25
TFAyxBMg8wLyxP8ZxVbCBeCo3zxzs6wsMT,tron,USDT,issuer_freeze,,,2025-01-08
TFB5pxZdAwrNwJB7bjWXbQ6Xko2UpBt4K7,tron,USDT,issuer_freeze,,,2025-07-24
TFB5wGzo8T3oWW675Z1ZpQ7XMGggFGHoPC,tron,USDT,issuer_freeze,,,2026-08-27
TFBnvjWAjXkRAigJSPR5YqzowMNT85y1YZ,tron,USDT,issuer_freeze,,,2025-04-15
TFBoJyYkNRnLogAnHgXXbEiuZXuBeoznqo,tron,USDT,issuer_freeze,,,2025-08-08
TFBqWsFD5FcrZs4f1MbxKeB32pNAYk1tVo,tron,USDT,issuer_freeze,,,2026-07-06
TFC6kAr5H3YjoNSw24gfavrKisej6BtD3V,tron,USDT,issuer_freeze,,,2026-04-07
TFCZ9t3pHNkvrj9qAXGd93FxU9AYy2Y2K4,tron,USDT,issuer_freeze,,,2024-11-22
TFCsF3H9rUJN2D8UwxohrqE5TdKkXpiecH,tron,USDT,issuer_freeze,,,2025-07-07
TFCxiuu4mLmrXQ6Sj5pnT2nYKkuBBmJ6YN,tron,USDT,issuer_freeze,,,2021-03-29
TFD91fRPmHxDgBbEkML1GpgPHxNGTs9WaK,tron,USDT,issuer_freeze,,,2026-07-15
TFDYCScy9wAuWb2SaTp3M5E3osMkVE9ubY,tron,USDT,issuer_freeze,,,2025-07-12
TFDveBVrmnVSNX4aG2ooJM9BW4UEtkgiuz,tron,USDT,issuer_freeze,,,2024-03-19
TFE7h9Hk7MWyrcosYaZBVSMx219dHq6SwB,tron,USDT,issuer_freeze,,,2026-06-01
TFEHFGf3wfnnTPKzLGsQSauWfFpvqUAijd,tron,USDT,issuer_freeze,,,2022-10-06
TFEHPgrRkr9txnZUzGdoBCUVhSGeiDn7cg,tron,USDT,issuer_freeze,,,2025-07-12
TFEXHK4wSFwFtvWMyFr3g3cQh4wpF2p139,tron,USDT,issuer_freeze,,,2025-07-12
TFFAfmbrSLmANR5dxDVX1GWoqxui66StB7,tron,USDT,issuer_freeze,,,2025-06-20
TFFB99U4ggKXs3AgeMHYrRNSpfGnyjMw4u,tron,USDT,issuer_freeze,,,2026-09-13
TFFG57QAsasu4Dcp7Lig9L79MCK6NfCQCS,tron,USDT,issuer_freeze,,,2025-07-12
TFFe2dGD93CkmN3c41HBhA4We3g2nW4HPH,tron,USDT,issuer_freeze,,,2025-11-20
TFFkhh9eX967t5iiT8unk3WziCeFm9VuX9,tron,USDT,issuer_freeze,,,2026-02-25
TFFzgDnjvoMmQAT3ocb7iq8CcX3uDx19ir,tron,USDT,issuer_freeze,,,2023-12-22
TFG4wMDudBcja4a6DhEE4BVLVqarBCpmZd,tron,USDT,issuer_freeze,,,2026-08-17
TFG5CfiCLYVQzJScYXd91xzr49njbyRaw1,tron,USDT,issuer_freeze,,,2025-05-26
TFG5vVdkeiMt88cZ5rVJPeFZtb1prMGnzp,tron,USDT,issuer_freeze,,,2026-05-11
TFGGM24CvWLyYyxcKh4yCkbWTcoEofAYVs,tron,USDT,issuer_freeze,,,2026-03-29
TFGMhbsQ96GMWwsjgxwXYTwY4Ye64qTMQf,tron,USDT,issuer_freeze,,,2026-08-27
TFGNaiZRipgnUUNePp6SgGdagMUicLEpCy,tron,USDT,issuer_freeze,,,2026-08-11
TFGTwHJNUEgFC4M9QiPiqJ6pJrFHeV815H,tron,USDT,issuer_freeze,,,2025-04-08
TFGmDx3TxFsAgP2uKNj9kckA9zhBM5cNS3,tron,USDT,issuer_freeze,,,2025-07-12
TFH4FBubGjiN3PQ9yf6rNqwpH5mg45ZzXo,tron,USDT,issuer_freeze,,,2025-10-28
TFHM3awxwt2iHuEbobv72NpwXKzgpCb8XS,tron,USDT,issuer_freeze,,,2025-09-10
TFHU1oMwqFvjYGYWrEQVsYCe5Tq5DqycLM,tron,USDT,issuer_freeze,,,2025-05-16
TFHfaRVXpnacLB6JCXY1WMYGFYXyJ5vfju,tron,USDT,issuer_freeze,,,2026-09-10
TFHgMLgLjvQTY3zNbjMABvvK9RsyJMtGZf,tron,USDT,issuer_freeze,,,2025-01-28
TFJ4gKwV4cTpFUnm2Ao6VHkRWsR5smbWra,tron,USDT,issuer_freeze,,,2025-05-28
TFJa7pzzWxkVHbfGBiUTrp8AeXAYtpmF6j,tron,USDT,issuer_freeze,,,2026-05-13
TFJg9K6hLGFwPq3mpr9wYE8LMeejU8yrvi,tron,USDT,issuer_freeze,,,2026-05-09
TFK628xNHo5AZ5ZDnWqmyEpCCyDn9EMWs9,tron,USDT,issuer_freeze,,,2025-04-15
TFKBo4RYaLrHNJYpicYfJ422f7Qcd5dKP4,tron,USDT,issuer_freeze,,,2022-10-06
TFKDWdyGKLukoKytCryfhJetVvedNNtAT2,tron,USDT,issuer_freeze,,,2024-07-23
TFKRLDfaRfAjr7A9PHpVMQ8jvHJhpM5hjs,tron,USDT,issuer_freeze,,,2025-05-16
TFKw2cxB4Vvm6e5kGXPZDAMaWqgTbNJvSm,tron,USDT,issuer_freeze,,,2026-07-25
TFLQE7A19G98NMoxDoqKPZKBCdxwGYv5c3,tron,USDT,issuer_freeze,,,2026-09-03
TFLbYpJPqHABzRL8KJeFWuDiW23ahpsb1B,tron,USDT,issuer_freeze,,,2025-04-28
TFLnguybXDKQqkpsUR4mQLBRkjoxHVajfB,tron,USDT,issuer_freeze,,,2026-07-09
TFLqQn2YJkgJL63nN8mNiEwBLnWbSAPix6,tron,USDT,issuer_freeze,,,2026-08-10
TFLyapxvmhYVPQ6DG5sX2voRXSnk1c4afc,tron,USDT,issuer_freeze,,,2025-06-25
TFLzBVSZTHZ5P3PVVRe76vsEJz5QSoryGr,tron,USDT,issuer_freeze,,,2026-08-20
TFM6Tg5oEewY49UmsrG8rDmTX2AHsVPg9H,tron,USDT,issuer_freeze,,,2025-06-04
TFMg8HXoydn1ftvZ7Vo3AE4sNtUfXntZJi,tron,USDT,issuer_freeze,,,2026-04-27
TFMqZ75vgYUEtb3eEKWV2GL8SPnK2LBa4E,tron,USDT,issuer_freeze,,,2026-07-22
TFMtSM6FJS2NKT1WVPX5R3Yoynh81CuyTU,tron,USDT,issuer_freeze,,,2025-07-08
TFMvDP6XFx5Kq6Nfph7XUm1B5mRHyZ8yKj,tron,USDT,issuer_freeze,,,2022-10-06
TFNPw8osUCadF1SssirMeWLy9iHMEcuCGv,tron,USDT,issuer_freeze,,,2026-07-30
TFNp25jj8vTnMYureAi1wPn3HEjdkDDz9E,tron,USDT,issuer_freeze,,,2026-03-27
TFPNEMBav71vWq2WmuRR5wQCqGZzZPJwCn,tron,USDT,issuer_freeze,,,2026-04-23
TFPP4KnLa7H3eaHSF7vFNz44bc7jcKdNy1,tron,USDT,issuer_freeze,,,2025-10-02
TFPYxkKa36TZLwSZRUr1NMPoP9i6nFW2eF,tron,USDT,issuer_freeze,,,2024-08-16
TFPZgAMBUJJb4nWr1iUJBkCBHCBGEXfP4R,tron,USDT,issuer_freeze,,,2025-05-26
TFPvw2RzpzGEQqrE4z1Zaa97GSFDC8Rzda,tron,USDT,issuer_freeze,,,2026-04-22
TFQ6pumpapAF1FZkghKgvEtd4kSvo1Jiuy,tron,USDT,issuer_freeze,,,2024-09-20
TFQGgsQXAVQuzafwMRMJerU1RWBDSXzS3G,tron,USDT,issuer_freeze,,,2025-05-08
TFQMLUXdo8qfeyLB238euC7Dqd3N7VgWnb,tron,USDT,issuer_freeze,,,2025-05-08
TFQMjjfcxHHnZVMweoWSdqP1SP67X7YCGs,tron,USDT,issuer_freeze,,,2025-12-29
TFQY41utLv9xrZDm5unJ7y2VTLs62iqk2F,tron,USDT,issuer_freeze,,,2025-07-12
TFQasatEKbiVLrTq1gZYdw2ZvmqrYn9WRq,tron,USDT,issuer_freeze,,,2026-05-29
TFQzj8E6N1BAC3Gje58ponCkfdKnXS9awZ,tron,USDT,issuer_freeze,,,2025-07-12
TFRXgsmSFGWa4uzaxR2SM56mE7fB745vMR,tron,USDT,issuer_freeze,,,2025-09-24
TFRepCNXRqwKytGYD5uURmnLEETiidphbK,tron,USDT,issuer_freeze,,,2026-09-13
TFRvM646RABJwnwcigGxfxdqGR7qPwtC3x,tron,USDT,issuer_freeze,,,2026-03-25
TFSC88TBfFEzRXhaviBJqD2A1TVoWuznL6,tron,USDT,issuer_freeze,,,2025-10-05
TFSDHbG9jq1AmtPCvsAbNRbuReMcCNyfFA,tron,USDT,issuer_freeze,,,2025-09-24
TFSG5fu6GoM5K8EvHwWNQXwSsbrRrVPVsa,tron,USDT,issuer_freeze,,,2026-08-03
TFSSZjKoFF3ntY4qAAVzJHBcdcA3x77Ra8,tron,USDT,issuer_freeze,,,2025-10-02
TFSWeB7tRfjk1duWXnK9nrUETGnhqvAt9W,tron,USDT,issuer_freeze,,,2025-07-12
TFSYy3aacRbk3LPRLoGUqw7NvfLShPWMvo,tron,USDT,issuer_freeze,,,2026-02-19
TFSqFkwE6oWLqQNAQgKyMncNvXd72LGQeF,tron,USDT,issuer_freeze,,,2026-08-18
TFSqLNahtaWYcrRts2tGeK4H9eLiqdR6dL,tron,USDT,issuer_freeze,,,2026-05-01
TFSs1G4sNF3Ak3FmP1uXi3ZVtgqWZLGQJq,tron,USDT,issuer_freeze,,,2025-03-03
TFTLZDShm8C3rDpMuLQwYcV8ephYy6aA1v,tron,USDT,issuer_freeze,,,2025-12-17
TFTVCCTPv9XYzw1qxKhsAj5b9ZPEjXGntw,tron,USDT,issuer_freeze,,,2026-09-01
TFTW4hc7wpWXJC4RRUWw545Nzt3Y3BZDvg,tron,USDT,issuer_freeze,,,2025-04-02
TFTXnn7Hg19Kd483RgWyqDZr75GC1gYusK,tron,USDT,issuer_freeze,,,2026-03-25
TFUBi4NtyEGAoga4aseoR2dyUhk2PYJ2EM,tron,USDT,issuer_freeze,,,2026-05-22
TFUGKRQoVvvayFNCcFSEvoyEA1rq4iYdxr,tron,USDT,issuer_freeze,,,2025-11-20
TFUK48bHsPwbtG75SLPzXNsmTCA5PmzzSg,tron,USDT,issuer_freeze,,,2025-07-12
TFUer63nNKu2GD8mbSKTJ8YQGbyMLe9BU3,tron,USDT,issuer_freeze,,,2024-10-07
TFUezKtrUQVJf6MiJw3KZ1aivxLfehCqFk,tron,USDT,issuer_freeze,,,2025-06-20
TFUkQqbG5a6R6wCYVapm11wwTW4Vy8f6ph,tron,USDT,issuer_freeze,,,2026-02-13
TFVEQP4mXBMFVoTJMaYz2oTphJtrHnKehq,tron,USDT,issuer_freeze,,,2026-08-11
TFVb5ZAJJaykF59vJPkycaxJKQVPbvY3dF,tron,USDT,issuer_freeze,,,2025-03-10
TFVcMZTYjhtmZ3rj6iqyVRJx18VMsr17vE,tron,USDT,issuer_freeze,,,2025-04-18
TFVfmraXNQsuW1CNZy7P5CxCrK9kB5YiWK,tron,USDT,issuer_freeze,,,2025-11-04
TFVhkDMG3wMRTHSTZg1V59D68m26g7Rn2W,tron,USDT,issuer_freeze,,,2025-05-16
TFWCE3aLDHmWf76jTniUN7J2iTmys8x624,tron,USDT,issuer_freeze,,,2025-03-05
TFWK9eP9d8WerG22ERoa1ENt2fo9muRk5n,tron,USDT,issuer_freeze,,,2025-07-12
TFWQLBiBFQFMaZ8mZPK4ZPJzLsTE8rGUtU,tron,USDT,issuer_freeze,,,2025-01-23
TFWk2Kb64ckWLq6mXxE4jkUwTYAK39PuTM,tron,USDT,issuer_freeze,,,2025-02-10
TFWry4G122VJdZNn9uX3HFZ64FeZR4WB13,tron,USDT,issuer_freeze,,,2024-02-07
TFX6JPE7kW7EP36DHoAzRBU6dnbyTHJGXq,tron,USDT,issuer_freeze,,,2025-07-12
TFXxt8gtueMyqh7YEipwzX5rnwFrbSRkSu,tron,USDT,issuer_freeze,,,2024-09-22
TFXyuqEQXWHsPoKzVUFuawfK4xufeAUpBb,tron,USDT,issuer_freeze,,,2026-03-14
TFYDR788boQCk9xrBEZCp5MfungsMy2n2a,tron,USDT,issuer_freeze,,,2025-09-15
TFYKXGU6SCHEtghGDkqJMVvgXjoweLeUHo,tron,USDT,issuer_freeze,,,2025-05-21
TFYTAN2o5r1dfVFvUUhfTcTKu79ZcPPTZR,tron,USDT,issuer_freeze,,,2022-10-06
TFYYNfH7bvT1JJSjejA4ywswfude8EJPPp,tron,USDT,issuer_freeze,,,2025-07-12
TFYZNHuVds6PMdawMvy37H1CavLQK5GZkR,tron,USDT,issuer_freeze,,,2026-05-11
TFYhadNuDQoYJQVnkmDwQ2L5rMPd1tS3BH,tron,USDT,issuer_freeze,,,2025-07-12
TFYtTH1PwYs68kMwmxP9Ng338h1FEAi7wo,tron,USDT,issuer_freeze,,,2025-08-14
TFYydEx4w1ekQeQEQxT4x4jGhZ5aJD4gqY,tron,USDT,issuer_freeze,,,2026-04-27
TFYzBzzdFqtxQAMcncR6xvLCqnZySrhobX,tron,USDT,issuer_freeze,,,2025-01-23
TFZ6GykT1qTQ1Q6WctTJM6cFyayYzMsvo3,tron,USDT,issuer_freeze,,,2025-05-16
TFZHYvrUhgQrKo3nrR9hwVo1Z3e1jbHxSk,tron,USDT,issuer_freeze,,,2026-04-20
TFZKsMbk7QXZuMTb4aZWtmpXrukMa8KStT,tron,USDT,issuer_freeze,,,2025-08-28
TFZXDYhEi89bQuSWjmVoq6qc33ybrGB1Az,tron,USDT,issuer_freeze,,,2024-05-10
TFZgizpF9BYhi5gSSWCaA5LpfqUYzdvfMg,tron,USDT,issuer_freeze,,,2026-06-05
TFZjkhpHyawzHrin3WeuceUhXF5cT3eHyS,tron,USDT,issuer_freeze,,,2026-06-09
TFZshaMmjQaNpbAvh4ReT2ns7RMtBgaMYM,tron,USDT,issuer_freeze,,,2025-07-07
TFaBenDV4zrAAvPQpW5gX95m3YkPSTwCzR,tron,USDT,issuer_freeze,,,2024-11-14
TFaDxYsVjCV1vsmXuK75hjtsZQrHD4MYnA,tron,USDT,issuer_freeze,,,2026-09-13
TFaRNvR69pk5vtgNmap14vpP5t1kdXrQ4Z,tron,USDT,issuer_freeze,,,2026-06-01
TFaUJXfFDXL1p1z5k6v7CGQXXTXoLk6wy5,tron,USDT,issuer_freeze,,,2025-07-12
TFabrmcqp1F7VPFuoeSXpP1sKbaULfJc3L,tron,USDT,issuer_freeze,,,2025-01-10
TFacQ7ubjXRE4Q4tBPWSoaMYjcqvxSHAWu,tron,USDT,issuer_freeze,,,2022-07-31
TFayfNT2zfqUbwR8SPTwtsQqDNBTVkduWq,tron,USDT,issuer_freeze,,,2025-06-20
TFbDs69t3TmMxbjiVPKeQqeH65VdqnCkRg,tron,USDT,issuer_freeze,,,2025-03-11
TFbKC9oeArTkUYqNKWxbhRer9SPRDZC32G,tron,USDT,issuer_freeze,,,2025-10-28
TFbjd2EWV9umsb7P8o5NpfbFXuLxvxqG6m,tron,USDT,issuer_freeze,,,2026-05-11
TFbqeNMbR2EwNwfwDBW3wA8W5JxW891rCq,tron,USDT,issuer_freeze,,,2026-02-17
TFbvw6TavggR41FEqRFB3aPb1Th3vt9RdM,tron,USDT,issuer_freeze,,,2025-07-12
TFcGoHi47na6xHNsjt8T8jUSBoihH3yGMk,tron,USDT,issuer_freeze,,,2025-07-12
TFcLDs8SWxc4WoaJvk5pXuJd6wuZkG2ZiN,tron,USDT,issuer_freeze,,,2026-03-03
TFcbEG9MawKx2fHAy9TBuieLm6ZnN6ZUdJ,tron,USDT,issuer_freeze,,,2025-09-16
TFcj1C4KtcVGBEwE9T3PPTutFw5871VPWh,tron,USDT,issuer_freeze,,,2022-10-06
TFcrv2bcn7MLB8B8XkJii45zN6MXiBb1Eq,tron,USDT,issuer_freeze,,,2025-11-23
TFctXPuGKpLcrF6Pwj8zoY6via8Mbcrm5d,tron,USDT,issuer_freeze,,,2026-06-19
TFd54HymPGDHf4WfZfbZod4U2vrwzDLK7A,tron,USDT,issuer_freeze,,,2025-07-12
TFd9LhQK7497dz1X2eRL5mNTbq8SQdKAeH,tron,USDT,issuer_freeze,,,2025-07-12
TFdBWfBN1AbCipgUozazFJFMyxcJjn1jy8,tron,USDT,issuer_freeze,,,2025-01-16
TFdNZxNik6zgcv3o8LvQwen29g3jx5WyPw,tron,USDT,issuer_freeze,,,2022-10-06
TFdRdFfK1uLPbJC7m824Usy4CJbGg3gPMc,tron,USDT,issuer_freeze,,,2022-10-06
TFdfnUmGPjcp7HB7vHRck5ZyktzVnXHjqg,tron,USDT,issuer_freeze,,,2025-02-11
TFdfu59zhCAX8C2PqipeBRwC63AS1vNvhs,tron,USDT,issuer_freeze,,,2025-08-07
TFeDK4WEa8ciDLaUe5W2QRSw9WvSqzV4p2,tron,USDT,issuer_freeze,,,2023-01-23
TFefLp9QfF2DVoDeKUg9a1GqeYaCDt4fzy,tron,USDT,issuer_freeze,,,2025-03-14
TFeoKSHv3Et75xjcoxp7esbdkKvxk93anq,tron,USDT,issuer_freeze,,,2025-07-12
TFf2B2A5RtNhtBaSS4iu8moDnBzPuitc4M,tron,USDT,issuer_freeze,,,2025-01-08
TFf7TYHJyBisV16gAK2JmbKpsdRoCodx8K,tron,USDT,issuer_freeze,,,2025-02-07
TFfLx7wWa2L1apG2zvYa6oJFHYvprxgCyF,tron,USDT,issuer_freeze,,,2025-07-28
TFfQ6dCU6hm2ZdyCMVe8XX7G5eLzhZ9h8G,tron,USDT,issuer_freeze,,,2022-10-06
TFffdLfhsmzZKxB9haSmyrkmoP4rWzB7sS,tron,USDT,issuer_freeze,,,2025-07-12
TFfsWYuuUKYifwXM28s8DrFWUXZqQSRatw,tron,USDT,issuer_freeze,,,2026-08-12
TFfsqqjoFhQ5S7osp44vhAfcPnEBcDoXso,tron,USDT,issuer_freeze,,,2026-07-21
TFfy3HRR1Pwjsai79fshufQowVEhmKHKsn,tron,USDT,issuer_freeze,,,2025-04-22
TFg7bFTc3NDLFjF2aEryRrhjCpNS3Fdiem,tron,USDT,issuer_freeze,,,2025-05-30
TFgQaVtd2xfobZcfBkgXeiPk1Zata4F6rG,tron,USDT,issuer_freeze,,,2025-08-08
TFgVxpDVPRhgaNdKcCES1o6WHsXczCb3it,tron,USDT,issuer_freeze,,,2024-09-06
TFgei5SiEUoMEKm5MuzTTYGHf9F8y8UB9d,tron,USDT,issuer_freeze,,,2026-08-21
TFh2zTYVPoNvr2TcRNEGHcHrG5RsU6mZ9y,tron,USDT,issuer_freeze,,,2025-12-17
TFhELXLU2YYvzPNKFFDNdo2y3DJ1LEVKCa,tron,USDT,issuer_freeze,,,2025-08-18
TFhFU5xPce72P2kEWSD7syeCuF1os4vuEf,tron,USDT,issuer_freeze,,,2025-10-22
TFhH3GEwndGqd4HjamfeJ4ZNNdd3L33Zwu,tron,USDT,issuer_freeze,,,2024-08-19
TFhNWbRwpyWHRvwWBV6bobw8XCzDfuUPZn,tron,USDT,issuer_freeze,,,2026-05-13
TFhP6YaXsThqAc3K3XXikyyjLgM1GMb4tD,tron,USDT,issuer_freeze,,,2026-03-03
TFhVbpMmbhe6UGoXYtHKYVd8Rh6CjATxYw,tron,USDT,issuer_freeze,,,2025-09-15
TFhWw3dKP1XXJkbMHJjxi9X8eCRKyhHzQu,tron,USDT,issuer_freeze,,,2025-06-03
TFhecSoXyqaW8WHAv4LKsozk8QNaFYQanJ,tron,USDT,issuer_freeze,,,2025-07-12
TFhtzyJm9pXhJXD6PU8bDU5J1uCSHWJZMA,tron,USDT,issuer_freeze,,,2026-08-07
TFhwzuTRQUHMzogRPTNH892pvqC3AFk2Ci,tron,USDT,issuer_freeze,,,2024-12-10
TFiT7aHpYrmjhfjysHhC1HHNvFW15QDTUG,tron,USDT,issuer_freeze,,,2025-12-02
TFieH3GSNQ6f5Q6KRNraaaq6C1VobC9bka,tron,USDT,issuer_freeze,,,2025-05-26
TFiiRbCfZ97oHmbYAqp1dLs7SUZyKBVjtU,tron,USDT,issuer_freeze,,,2023-12-19
TFishPz9ZBx6QBbZ4TobX9Jj8o6SyFUbdo,tron,USDT,issuer_freeze,,,2025-11-03
TFj2SbZUSpdBKZcbDCWGFVvXDr7iS3RoGU,tron,USDT,issuer_freeze,,,2025-09-09
TFj7cUPccrB2M7eU5tJdzT7TrHkCVhB4EG,tron,USDT,issuer_freeze,,,2026-02-11
TFjFb53dNuD89NYmLczeTa5K7aeqg5Zf7b,tron,USDT,issuer_freeze,,,2025-02-10
TFjSHepvtXhev8FBdXgRWSGjFM9PZj6W1W,tron,USDT,issuer_freeze,,,2026-07-25
TFjqBgossxvtfrivgd6mFVhZ1tLqqyfZe9,tron,USDT,issuer_freeze,,,2025-06-20
TFk3Y3Cxzno2zC8Ntgax4HVR5D1EFUmffA,tron,USDT,issuer_freeze,,,2026-04-23
TFk7avbWGSSab2RB4wBv7W4DAiTEfejJ5j,tron,USDT,issuer_freeze,,,2026-09-02
TFkJoiVUMwU3rVEFPcgb7mSiYFaVYrZPSi,tron,USDT,issuer_freeze,,,2024-12-05
TFkmrkQaX8eVPgd1mBrrt8htWScpQ4TDk9,tron,USDT,issuer_freeze,,,2026-03-14
TFm11vL6ASnhHHKtHk6LLu3iJv7swa96wH,tron,USDT,issuer_freeze,,,2025-05-09
TFm663QGuVaTp5X9fSqX1ke29rMi5YwdnR,tron,USDT,issuer_freeze,,,2023-12-02
TFmCCQe3gxi8TPJFzDbVRjyBZgc5LUtUvz,tron,USDT,issuer_freeze,,,2026-06-01
TFmUTEZQLum6hVncq65eYtJWWtbddqm89i,tron,USDT,issuer_freeze,,,2026-03-09
TFmWFCxobMBpxMmsXE8Rco3U9bfeLo5q7g,tron,USDT,issuer_freeze,,,2025-06-02
TFmagVq4QhKf5sVrKNwnaigcN5Hu4UaW28,tron,USDT,issuer_freeze,,,2026-03-06
TFmgBSjNR8yRbciEfkNkhtdwQUA3jG2XYj,tron,USDT,issuer_freeze,,,2025-07-12
TFmpqr7DDf98ZvrnMaW8CJm88igqAiJ9jt,tron,USDT,issuer_freeze,,,2026-04-15
TFmqKbrMQoDyDndK45W1P8fmnmkxpa8QdL,tron,USDT,issuer_freeze,,,2026-06-16
TFn8tKc8NGxDrFEnip9GqQY8Ciy5eoo98N,tron,USDT,issuer_freeze,,,2026-03-03
TFnQkY8DTzmrZndaKvC5uS4se8MTUqbaTQ,tron,USDT,issuer_freeze,,,2026-04-14
TFnjvkcSZt7VqFFFFNndg5at534Pt62kEM,tron,USDT,issuer_freeze,,,2026-04-21
TFnqhCLAXhFDFpLFGRCDwAR6Vhu3WNH8Qa,tron,USDT,issuer_freeze,,,2025-07-12
TFnvQCfbSMvATJwaeyT7HhF2E3WHUveBSR,tron,USDT,issuer_freeze,,,2025-11-20
TFo79cYq56LZxiZAijc4SpGLPGzdwTm1E1,tron,USDT,issuer_freeze,,,2026-07-25
TFoj3McxqR3WYoGppN5eJtKxEqMMZpMnY1,tron,USDT,issuer_freeze,,,2025-07-12
TFotuQiT9WPdNhVRSSqpqJqUQTE46BMYzG,tron,USDT,issuer_freeze,,,2025-04-10
TFpBR3nTCczpdgpQzcyRgmpYtDyarenJZM,tron,USDT,issuer_freeze,,,2025-10-28
TFpSv1WVE3fewk5WwajJYprVjGziQbRKMs,tron,USDT,issuer_freeze,,,2025-07-12
TFpWAB7UceaW33RjZLxV2YgKC3nmNs2LAn,tron,USDT,issuer_freeze,,,2025-03-04
TFpWezJB3pD6vRsFHuS1hZGX1HW79j8Uuf,tron,USDT,issuer_freeze,,,2025-07-12
TFpqLdyzdSnfEGMrZR4d3R3gb5Nt2jDgmz,tron,USDT,issuer_freeze,,,2022-10-06
TFptHk9SfnQnkJ4FbhbupPijtsJNe3MVsK,tron,USDT,issuer_freeze,,,2026-02-22
TFq5SdxqovKzjNLv99DspEVUj637zyXsh8,tron,USDT,issuer_freeze,,,2026-05-16
TFq8GqCTiJA1PAnCJjtqDMHTRAsZgKNaYk,tron,USDT,issuer_freeze,,,2022-12-06
TFq8nBxgbb9pjMw9fjT2uNRNuuhTgDdBed,tron,USDT,issuer_freeze,,,2025-03-21
TFqEQ7inHv1cXW5AashG7yjy2cQraJ7mk7,tron,USDT,issuer_freeze,,,2026-09-09
TFqVH49va7ScsK17QrMu1hSbNnPuMaQH4H,tron,USDT,issuer_freeze,,,2025-07-12
TFqes8BHKMVK9Si9WQqhj8sQyhUzxQN2B8,tron,USDT,issuer_freeze,,,2025-07-15
TFqoFVa3nmQ84Y9BY6YfwD1BWk2m7BeM9B,tron,USDT,issuer_freeze,,,2026-03-27
TFqsiUmyk6PMiT6Hm4BkFRL1N1YGkdQAfp,tron,USDT,issuer_freeze,,,2024-11-12
TFqv6Zxg4NFZ72UoZ79naCoFbedhqoW9cL,tron,USDT,issuer_freeze,,,2022-10-06
TFqxt7CZB2grC4KoKk33y9c7SbiJYviTnB,tron,USDT,issuer_freeze,,,2026-03-25
TFrToE3wDvADGeiW5B6fWLTay68s3WxFHr,tron,USDT,issuer_freeze,,,2026-07-28
TFrYeC1HHy3Twj9WergXEzX5jpKMaUfrCh,tron,USDT,issuer_freeze,,,2024-05-11
TFruz37PRqAo2j724utzg3WyVqebB2XJNC,tron,USDT,issuer_freeze,,,2023-10-29
TFs1KqoojE2gSwhrY8wSt2oR5zAtUVVpBc,tron,USDT,issuer_freeze,,,2026-04-20
TFs4Vtj7kmuu4d8qjBraxoepNc5PG6tcC4,tron,USDT,issuer_freeze,,,2025-08-08
TFs5LyifyTD8Wn64L8SytSK5ih4BSajEvU,tron,USDT,issuer_freeze,,,2026-08-20
TFsYKq7wuQuQY1gHWoAihAp9oUF4LqGvyZ,tron,USDT,issuer_freeze,,,2025-07-07
TFsZgvea4VuwraTA78w3K85D6nkEoWUFfA,tron,USDT,issuer_freeze,,,2025-11-04
TFsoKXzYRSL1rdiQKEr5M3FYCzVKK5VR7N,tron,USDT,issuer_freeze,,,2026-04-17
TFspwRjAxbhs7RADXLvKShEjxsdEJxpXfB,tron,USDT,issuer_freeze,,,2024-07-30
TFt2WFzWvthNrgPj2vmiwaPVBfG6MJf35P,tron,USDT,issuer_freeze,,,2025-10-22
TFt8adyFfcDEhzQyAhqE2HuSxY9h3bTVGF,tron,USDT,issuer_freeze,,,2026-04-29
TFtH1CovwyWnNpF8K4xWbUXpqBko21FMVa,tron,USDT,issuer_freeze,,,2025-05-09
TFtdZFnZBPPiV6pZTc5wkdDzosZ6FXZmX2,tron,USDT,issuer_freeze,,,2026-05-05
TFtsJh4csJfsgm2v61ov9vQxgrekDUUo8o,tron,USDT,issuer_freeze,,,2025-01-27
TFvisDJhzJN7hH9byZEFAVTzYkU7rVYuSv,tron,USDT,issuer_freeze,,,2022-10-04
TFzKiDKUXqZ443f8sajy7AX37RyAcoysqS,tron,USDT,issuer_freeze,,,2024-05-28
TFzQYnrjjKrTWCLvtiZqajjoAJy2dbwfab,tron,USDT,issuer_freeze,,,2025-04-21
TFznuEMFtga3szd1WU4Ve27upcq3qH942t,tron,USDT,issuer_freeze,,,2026-06-16
TG1HRYyvsmnDsZS1zE4QCxcCaaqyeCSNno,tron,USDT,issuer_freeze,,,2024-04-16
TG1Smgug1GCtAWZD8ZogqUdWBH4S2ZFDGk,tron,USDT,issuer_freeze,,,2025-04-17
TG1Z4v5RPDkzZHFvXq4zqpRjvht5FBEmLt,tron,USDT,issuer_freeze,,,2026-08-28
TG1bEZfcSC7VR3wayy5LafD9dB4kEY7Jbv,tron,USDT,issuer_freeze,,,2025-07-12
TG2KXVRqnGq6Mko8EqXJhNnsApmxaQY3md,tron,USDT,issuer_freeze,,,2026-09-09
TG2ME7Y4mGBgL1Mc6fS8JtE23Pu4G3UCtz,tron,USDT,issuer_freeze,,,2026-03-10
TG2mf3hGpCPbcYs6XY1UftHW4mVTbDXxkh,tron,USDT,issuer_freeze,,,2026-08-07
TG2rGjGsTqhtefBXzX7DoGTh4zVc5eJHwU,tron,USDT,issuer_freeze,,,2025-07-12
TG2xRLnQsPvbegrQWnhRxTqDv4PjybZGX8,tron,USDT,issuer_freeze,,,2026-01-15
TG35PjKSqwVVxb8a4R4WqXGpEaaSAZfwSY,tron,USDT,issuer_freeze,,,2025-05-26
TG3L3ewpZsm3oAM3VeeUwgEjjmKVeBYCy8,tron,USDT,issuer_freeze,,,2026-06-25
TG3WMBu5AYt8wxJZhQRVFicn7aRG2nhTs6,tron,USDT,issuer_freeze,,,2024-07-30
TG3imLb8ZjMTZQcCx5RRruYxukNka3A1xU,tron,USDT,issuer_freeze,,,2023-12-02
TG3rd3vQTe1rjSiEGo1BnWNMEARp3pVE72,tron,USDT,issuer_freeze,,,2026-07-31
TG3tPEfYzVMuDgqcUQjcYSwtPLidgb4gXv,tron,USDT,issuer_freeze,,,2022-10-06
TG3yJwNZ84H8BVNGWAtWFgRb1XMkFtBPqU,tron,USDT,issuer_freeze,,,2026-05-29
TG44jehZtiGJSPekXz6sQ4tU1dEJjuey3p,tron,USDT,issuer_freeze,,,2026-03-17
TG4ME2SkmQBSSow997NhdSj5u3cg631Nfs,tron,USDT,issuer_freeze,,,2026-06-08
TG4NqvGiaYN5xGYtgNNekdJ8grDJ6f4rw5,tron,USDT,issuer_freeze,,,2026-07-20
TG5QjeMnpi16wpG8AsmQPBDH12W2iZ1nAh,tron,USDT,issuer_freeze,,,2025-04-18
TG5U9v1RyYDqkrev44SLDf77GGTvsnS8Bz,tron,USDT,issuer_freeze,,,2026-09-12
TG5WoBnJw8YCRhBDpboABUzK9ENUkxCy3x,tron,USDT,issuer_freeze,,,2026-01-10
TG5ZYKc7p8DogQu5fFDv5kjkweZRCRVASS,tron,USDT,issuer_freeze,,,2026-02-08
TG5hGK8jBG2VnPCrz1inPLmchEgsGQ39rv,tron,USDT,issuer_freeze,,,2025-09-05
TG6A6zqvRLAqC8kAEg4gCe5MxfctWoCRi6,tron,USDT,issuer_freeze,,,2025-07-12
TG6EpsoQfvjyuav5TybUv6d1ZnUjDrQH3L,tron,USDT,issuer_freeze,,,2025-03-06
TG6aCBDNNEMr2KwFhVZQbGZRMmtmVcseXw,tron,USDT,issuer_freeze,,,2025-12-16
TG6k3jJWYh9jKidFjdrxUKXE2aMW7a5qff,tron,USDT,issuer_freeze,,,2024-01-30
TG6rF5Ho8Gk5U4Ho9t4z72Hex5KukP9p4G,tron,USDT,issuer_freeze,,,2025-07-12
TG79BsUTBjaodAAufiYFmKcP2D3CyTwpEG,tron,USDT,issuer_freeze,,,2026-04-14
TG7mCc9krjWUDGp5AN4sKizXKVbSkvEeCN,tron,USDT,issuer_freeze,,,2025-07-12
TG7qnen8e6ZVxFXkwfZ488kpcgBXHBDhtg,tron,USDT,issuer_freeze,,,2022-10-06
TG8EebmYHzfPaP8jrVcsTVXrcjD3D6oqyq,tron,USDT,issuer_freeze,,,2025-07-12
TG8JMTis8EZUuTgApHueZAWzGXetRJPvkC,tron,USDT,issuer_freeze,,,2025-10-02
TG8cRpv6JZbKbRUZqtFDSTacbFz67hFeHb,tron,USDT,issuer_freeze,,,2025-07-12
TG8dSLVvfS8hH7b4PkEDJK2D1ETo5UBjkd,tron,USDT,issuer_freeze,,,2023-12-08
TG8hiuCe3KKLnREiz4v6S7HUT1ghSCo5hy,tron,USDT,issuer_freeze,,,2026-04-24
TG8kds34tEZtMEvVgmB3w3pvGmfsswpewu,tron,USDT,issuer_freeze,,,2025-04-10
TG99EaciUwNBirdpKdkat9rAPmQDwr6ZXA,tron,USDT,issuer_freeze,,,2025-12-23
TG9CLuDMZDd7C3AQSrLmbp7tRhDxJZtpAV,tron,USDT,issuer_freeze,,,2026-02-22
TG9PdCNby4whcbd7zAK3U8fhafUyxLQKcR,tron,USDT,issuer_freeze,,,2024-03-01
TG9ZAev1Q4335uM6Gwm5df9eFUFz8e6Xgo,tron,USDT,issuer_freeze,,,2024-04-09
TG9pBPHkRDhpLDBwmWv9Do92qkanpwkEhx,tron,USDT,issuer_freeze,,,2026-07-05
TG9pyGvqKgMEGoLBGt4T78Zy8KgrZCv3nu,tron,USDT,issuer_freeze,,,2025-07-12
TG9qzUHEEvWVocCGQgyNsxGsq5VqwiPPFv,tron,USDT,issuer_freeze,,,2026-09-09
TGAeuP8T1Y3aavSv3faYkZjgaB8ePzC4f4,tron,USDT,issuer_freeze,,,2026-09-02
TGAnEvbJze1R5e9mc8QSmad6cxxEUW3w7u,tron,USDT,issuer_freeze,,,2024-10-07
TGAqTW7hRy7d73U6GEg9JqpNGwPNudqZyj,tron,USDT,issuer_freeze,,,2025-05-30
TGAw6db3Nn7dqRM2ti5uDshGnUZpXFXRcQ,tron,USDT,issuer_freeze,,,2026-05-25
TGBASsUXmoAPtbzRqLDuiATzFhPJ7aSmoG,tron,USDT,issuer_freeze,,,2025-04-04
TGBMouf916gKbvndJLmpSEkbCBKFtciyLX,tron,USDT,issuer_freeze,,,2024-06-17
TGBZKXrS32tDVcQjjetw8XsBbU8NuiViUp,tron,USDT,issuer_freeze,,,2026-07-23
TGBmpWRWoicqPoDh2GyisGsZ5yCayCB6Jo,tron,USDT,issuer_freeze,,,2026-09-01
TGBoiRtDYGWxwGsBbzPcL6NUvRn2n6psnj,tron,USDT,issuer_freeze,,,2025-07-12
TGC1t9MbJhx7uKYiQG4SzoafeFz3Jzg1JN,tron,USDT,issuer_freeze,,,2026-07-01
TGCAznXbaZ1WefG2f7gxAQPksunvmhXtAR,tron,USDT,issuer_freeze,,,2024-12-03
TGCX4tpCq6x7VeFxmHQxDmCJPW21K6yfSs,tron,USDT,issuer_freeze,,,2025-01-16
TGCjJkYLTnW2jb3aynpo9tCdAEQWmktsY6,tron,USDT,issuer_freeze,,,2023-10-25
TGD3keN9AqL3MS1CQcZgijKu6C3MicWaXT,tron,USDT,issuer_freeze,,,2026-04-15
TGD9MXBc8dKbTsaUzDMDEGioQYwV7fuaoR,tron,USDT,issuer_freeze,,,2024-04-30
TGDF5DQ3aZv6F5e4BT5arSAWiz4g8rpFyK,tron,USDT,issuer_freeze,,,2026-08-17
TGDSbADeoXDtCG4GkfsekS9oDzQWbWRnXY,tron,USDT,issuer_freeze,,,2025-09-26
TGDUnKoC8s9DYFdef2x4FE6oQhe6ijABNc,tron,USDT,issuer_freeze,,,2026-02-25
TGDWCDg82AtJnSqhJqDfaMTWksr27EEDLp,tron,USDT,issuer_freeze,,,2025-01-10
TGDYCcp3cxpFcrrR52VHUNpSfS8EcTsvkm,tron,USDT,issuer_freeze,,,2026-03-27
TGDbMxtRASz4HKVEea65md8yasBx8SCDQi,tron,USDT,issuer_freeze,,,2024-07-31
TGEAZbA4yhaS3NjsFUmRDGtUNrV7tse7ZJ,tron,USDT,issuer_freeze,,,2023-06-12
TGENotQt8rAfPGEGNaxr6Dbi1KwXMhbtzi,tron,USDT,issuer_freeze,,,2025-07-12
TGEXn4HzdRHz83cNqGCobAzg558VFR9K2d,tron,USDT,issuer_freeze,,,2026-09-01
TGEhVZksDfvBJNCcZGFcuRGGEZCxWbCkra,tron,USDT,issuer_freeze,,,2026-03-20
TGEmRdrQu3AuLnFub8Q2k6Nrk6iYaFgpib,tron,USDT,issuer_freeze,,,2024-10-11
TGEq2mZDxx6QrfH2oo2eicK6q36wC7pbYK,tron,USDT,issuer_freeze,,,2025-07-12
TGEsSqXZFuoKXJK8D6H4mweWLPAdyUj2wK,tron,USDT,issuer_freeze,,,2025-07-12
TGFUdt6MbVMqgaDmz4GzEiMqoR23Yk1YbP,tron,USDT,issuer_freeze,,,2025-07-12
TGFt8fQXh51banCz7PLJPA42PLM4SR5aHc,tron,USDT,issuer_freeze,,,2025-07-12
TGFto52h7kHuanzBYAXbLLpAoHavcv5zip,tron,USDT,issuer_freeze,,,2026-06-01
TGGNawCcT18hpZRi9cAZCUyPwj5FHLEDet,tron,USDT,issuer_freeze,,,2023-07-22
TGGSCJKPBw3mz1K7L8L41SaSW2DFM9Mgqr,tron,USDT,issuer_freeze,,,2025-04-28
TGGgAjNHbnu5VymLBjwKD7ZL2AE3mZQesn,tron,USDT,issuer_freeze,,,2025-07-12
TGGgCca1NoCbSXt1dNtKjXmVqqXnwrYkaK,tron,USDT,issuer_freeze,,,2025-03-03
TGGqjjHxHrsLgL881B8X5yTKMYWN6Bqd7k,tron,USDT,issuer_freeze,,,2024-11-01
TGHBq5ux9qpPhDqMC4fKf1SpXGBGVVAmj4,tron,USDT,issuer_freeze,,,2025-06-20
TGHrEgnWEbKko7SV1VyDXwawmHF1BqyL72,tron,USDT,issuer_freeze,,,2025-07-12
TGHrEvZuEJihn2vB7J1Gy4NrvUqJ43URdW,tron,USDT,issuer_freeze,,,2025-12-15
TGHwbXcKNeXki2k9tMqCxZpv9dLTK4qnV5,tron,USDT,issuer_freeze,,,2022-12-21
TGJTw6Yq3VVpZRkfjAKmBGMpH7avKgTJgv,tron,USDT,issuer_freeze,,,2026-08-21
TGJWGj1jp3uDpv2qPnHGqRk3M9FcskWW2M,tron,USDT,issuer_freeze,,,2025-07-12
TGJiwKnBcYb8qPT7CqJN2CQcaKy3BtS8iQ,tron,USDT,issuer_freeze,,,2026-07-29
TGJqKXetZMs3HNTdnFDYNob3A9jFewQoJH,tron,USDT,issuer_freeze,,,2025-09-24
TGJqqsxbvbNwpKgRZohJbR43kARX4qEhwH,tron,USDT,issuer_freeze,,,2025-07-12
TGJz5XKvdCJrSPsAzCd5Gd4wWfpsdkeM58,tron,USDT,issuer_freeze,,,2022-10-06
TGKbrPcmt5ogvF63GCcUDcUkWHwjTczcFp,tron,USDT,issuer_freeze,,,2026-09-02
TGKksNmqGMHCp3xPFVFiZFDr7Cg244PKXo,tron,USDT,issuer_freeze,,,2025-07-12
TGKygNLrp3ribbjwk3hVQBwcCKhSh3XM8G,tron,USDT,issuer_freeze,,,2025-02-10
TGKztzqPuQSJF3o58hPUxiRKkENYSVDCMA,tron,USDT,issuer_freeze,,,2024-09-20
TGL8Y73FapSdGhSgbJAvSJvzkLfhnkJBEt,tron,USDT,issuer_freeze,,,2024-03-19
TGLUmho8ahFKBqDmuBqzApMeD29Q3fW6dw,tron,USDT,issuer_freeze,,,2026-06-04
TGLgxv3k5LfPbhLtL2L38wrCDRhy4GMqN1,tron,USDT,issuer_freeze,,,2025-07-12
TGLipWTVZdZadiR2Zma2sfUzzTPHtL9pVW,tron,USDT,issuer_freeze,,,2023-01-20
TGM6MRmTU7BVbmu2iPuJAiV45GLddv3k77,tron,USDT,issuer_freeze,,,2026-09-12
TGMJCwsibv9gYGgWAVfXotquin24X7z7qv,tron,USDT,issuer_freeze,,,2022-08-12
TGMLnaU331MyEzywJZntuPZS9EUcPYBidC,tron,USDT,issuer_freeze,,,2025-05-26
TGMM67z16ALtzb149NCJNqMWiGX41aWRce,tron,USDT,issuer_freeze,,,2026-03-20
TGMV6aAuZreutX4DBNBnpjvGQ58uPKVt2x,tron,USDT,issuer_freeze,,,2025-07-12
TGNCNMdgZbmV7JXH3wz4fuihgV4pgUVDjJ,tron,USDT,issuer_freeze,,,2025-05-02
TGNP2M4ErZMvWr7i8BZNSMPmq3owzD9mzv,tron,USDT,issuer_freeze,,,2026-05-21
TGNWFCe3PsDw2hbDH6NikorXUQ3n3b241t,tron,USDT,issuer_freeze,,,2026-03-11
TGNc2j9cGcXQtpNRJ6fbjXQAsJsSbmjYRq,tron,USDT,issuer_freeze,,,2024-10-26
TGP7frntQ9t5Yq939szj5WS8WKHDAcoPDx,tron,USDT,issuer_freeze,,,2025-07-12
TGPsMEdEDUXMDmDLVLvHjNq7HEFGYBmnfe,tron,USDT,issuer_freeze,,,2026-06-23
TGQ6VNFVWKF2EMJ2Uqnpr2nVoA88oVUu7x,tron,USDT,issuer_freeze,,,2025-11-13
TGQ8MzKihagd3SR3yVny8j5FdmuEsq74mh,tron,USDT,issuer_freeze,,,2025-05-12
TGQDyA3CQunJTKroEEyraxnYVGDhRPHvGo,tron,USDT,issuer_freeze,,,2025-07-12
TGQsfPTMAJNtSp7upGhkYV8As2TNFhkQyh,tron,USDT,issuer_freeze,,,2025-07-12
TGR4u2PqrAn1hf39m5ove9UU9Tum51Ht7A,tron,USDT,issuer_freeze,,,2025-07-12
TGRHM2nFU3YDSE7LdCnab6f2Y8uUKkzRA6,tron,USDT,issuer_freeze,,,2024-09-26
TGRSfXWGvVzrPN48Uxm9KuV6NAzAcn5PmJ,tron,USDT,issuer_freeze,,,2025-05-21
TGRrQM2EhbQmb8QtxEXyfTij86vhKZxMJo,tron,USDT,issuer_freeze,,,2025-07-12
TGRsZVnvx6QtefP3mWjzx61u8KjNGCTyoR,tron,USDT,issuer_freeze,,,2026-08-18
TGRsmBjFVrayKGma7VLKgfLrjzEEcJJrTb,tron,USDT,issuer_freeze,,,2024-10-11
TGSNFRq5h8PJguNVtpPjAhs6ghxZkxBjz5,tron,USDT,issuer_freeze,,,2026-03-27
TGSXRwcazejoGddR19BiFe2MfdrenuaGC3,tron,USDT,issuer_freeze,,,2025-07-12
TGSyKmvDTaCfAw5h9E3BEiqAKwW6ppCCpf,tron,USDT,issuer_freeze,,,2026-01-31
TGTMj1TTEfYPAy5c2TNzQXVj3Dca6LY4r8,tron,USDT,issuer_freeze,,,2024-11-21
TGTPfzfnR7UFHGYMhaDHnbbmBUrfaHapFZ,tron,USDT,issuer_freeze,,,2025-04-21
TGTXYhzR1zmxomi6dsjL6njjayd8g4WEVY,tron,USDT,issuer_freeze,,,2025-07-12
TGTYoi4ss7XoQmv2gLdgkyPBPai6Z3GvMQ,tron,USDT,issuer_freeze,,,2026-06-27
TGTmZQMVeBnmDJYdS6yQmGnT3VsDi589Ux,tron,USDT,issuer_freeze,,,2025-03-05
TGToh2F6Qn4seGSXaq7o9DcsjbwD3WgPdR,tron,USDT,issuer_freeze,,,2025-07-07
TGTsSX3L2BF7jcYW1695k63uTmU7YBVGQu,tron,USDT,issuer_freeze,,,2024-07-15
TGUMWzVFTZ5rHp8yf7HresVqmpqPejFjYr,tron,USDT,issuer_freeze,,,2025-07-12
TGUW6WDLAnBpSfxbWVU7XotFxdWMd2Yffe,tron,USDT,issuer_freeze,,,2025-07-12
TGUnz2stp3cBQGKApucRumf3dAEr1wXhck,tron,USDT,issuer_freeze,,,2024-12-04
TGUz1DpMgYvW1UoGWZhfT2rEKUcW4KgLBT,tron,USDT,issuer_freeze,,,2025-07-12
TGVGUVEbmdwCmCBbf9htPenkQijWN15Xr2,tron,USDT,issuer_freeze,,,2026-02-23
TGVHX4RvJQ4ybNtwxQpCHsJm4TqEyYK6mV,tron,USDT,issuer_freeze,,,2026-04-17
TGVftuV7AJ5zrr72pEKrnXE3CLEZUHz81B,tron,USDT,issuer_freeze,,,2025-07-12
TGVgSmfyrSoZVZrqugcyrosLgg9JHUj9VM,tron,USDT,issuer_freeze,,,2025-07-12
TGVhXWYjTCbeLhofctu9q6HajgK7dWfvB4,tron,USDT,issuer_freeze,,,2024-07-23
TGW7FuTc6CYyDfT2mReTRkReUgmwLxi13z,tron,USDT,issuer_freeze,,,2026-02-05
TGWAZ2aGNhBRT71694sGTj7Av1mTKfyy8D,tron,USDT,issuer_freeze,,,2024-10-15
TGWPFyEohuEHXzFDWFb2h3HbQmtrc7cin4,tron,USDT,issuer_freeze,,,2025-08-11
TGWT1BYFvytsF98oKcCUgKCP4M1S3XJk6c,tron,USDT,issuer_freeze,,,2026-06-16
TGWej6UEmcA86AQg5JxA4LYgwW6Lit95e3,tron,USDT,issuer_freeze,,,2024-03-01
TGWf6pR5ed2kNJ28VJoBK46W7vwbxjqdMT,tron,USDT,issuer_freeze,,,2026-06-01
TGWgkya6DQsrcBpJT4RL9BQRdNNVZMumcT,tron,USDT,issuer_freeze,,,2025-07-12
TGWiZ19js4QKpuQkMyZpzACxoYW6MTuivr,tron,USDT,issuer_freeze,,,2026-06-24
TGX74cRyk7GnkhWXECf6QCAJ2JJXAPRoS2,tron,USDT,issuer_freeze,,,2026-07-06
TGXAFGF4WNn8HSb1s6ejPvKrixSpDjj8cw,tron,USDT,issuer_freeze,,,2026-05-12
TGXPsaiaQwQMwLnMrWVa7mzTpTn19sv5gh,tron,USDT,issuer_freeze,,,2025-04-04
TGXRyXYSRMubipmxBeoqoFboBVBaXUr8Hs,tron,USDT,issuer_freeze,,,2025-05-12
TGXSKmUemJM6RTYbT58aSGBev8av4VXu4x,tron,USDT,issuer_freeze,,,2025-05-26
TGY5SHCtKdzcrqYm4uwvR13hQvbV8rFBtn,tron,USDT,issuer_freeze,,,2026-02-10
TGYB5nyy6DyrmZv7U6a4egX35jomz67R2t,tron,USDT,issuer_freeze,,,2025-03-19
TGYPn1KCMou6RnRfo6WEYEyjQqrWS7Z7Hi,tron,USDT,issuer_freeze,,,2025-07-12
TGZRXdDqeVHUq7CJsRwCDoiBKMiEJY7EGW,tron,USDT,issuer_freeze,,,2024-11-08
TGZdFzTpxmgEyCfTAVttKw2RUDHmYHyPDF,tron,USDT,issuer_freeze,,,2024-09-07
TGZrMjyWy1nhupNU2ejcBrp3hrmVx2d2qN,tron,USDT,issuer_freeze,,,2026-01-31
TGa27XW2tWFJTFVTG4TwBK1VznK1ezAAGg,tron,USDT,issuer_freeze,,,2025-06-20
TGa3TJ2yFNAe1Jq5uoJfqGA5HdtBUn7FfL,tron,USDT,issuer_freeze,,,2026-09-08
TGaYK7Hi2d6652LfhRvyHyYJx2zKkVJCRr,tron,USDT,issuer_freeze,,,2026-05-14
TGb7TbKVLGwSrzxCcifZ8uWPag86RNkDN2,tron,USDT,issuer_freeze,,,2025-08-07
TGbZV6bYA8f66v6e7CnvSGbZBj7W45PRiD,tron,USDT,issuer_freeze,,,2026-09-01
TGbbtA4bdSpBx7VBjX8WLd9KVoB2MUKHAK,tron,USDT,issuer_freeze,,,2025-05-16
TGbkMWHS3wi3YsPnQKiLcnZFejWMUNQ3Wd,tron,USDT,issuer_freeze,,,2026-06-27
TGbu32VEGpS4kDmjrmn5ZZJgUyHQiaweoq,tron,USDT,issuer_freeze,,,2020-09-11
TGbvHo81nxKAXAPWc9ciBRBH95RKvLEYQM,tron,USDT,issuer_freeze,,,2026-05-12
TGccjccLh2dkpJy2TpwFH7KbSKe4PyxhTS,tron,USDT,issuer_freeze,,,2026-04-17
TGcyGvuN1FW3wuSjAiv8xKBtuvzCEKoo2y,tron,USDT,issuer_freeze,,,2024-06-06
TGcyev4saW1QCg3QCeXUmEHXYe7wApExgK,tron,USDT,issuer_freeze,,,2026-01-06
TGdPm8Mr6uy6tW6R9hmtoHejLcVmHSHpCX,tron,USDT,issuer_freeze,,,2025-02-10
TGdgAkxAxAy1yGSE877SFgcns18ytswKxv,tron,USDT,issuer_freeze,,,2026-07-01
TGdghcMfYZofzHV2WTjT9Dgg7ehn3ewESN,tron,USDT,issuer_freeze,,,2026-09-01
TGdmPMSaXoCMwBWrdKBCd6MUfk2CfDtx2M,tron,USDT,issuer_freeze,,,2026-07-01
TGe5o7zAZ36LP2qKJVytuWRZxrCtkYes1s,tron,USDT,issuer_freeze,,,2022-10-06
TGeAkxBQd5Ldf4Q4Qgs1nevkXXCrsGinvM,tron,USDT,issuer_freeze,,,2026-03-05
TGeEuqoZcnBQ9YMaV4SmKTJAjbfs8Qfa7j,tron,USDT,issuer_freeze,,,2026-05-14
TGeKLDmaH7yEstSH7z2e1UcaqnHaWQpV1U,tron,USDT,issuer_freeze,,,2025-07-12
TGePTmbnE5v1PAusyYQui14pk3GAUVhmdj,tron,USDT,issuer_freeze,,,2026-05-19
TGeVRM54dQCXkfbVTYFPdRwCUVo75yLuvh,tron,USDT,issuer_freeze,,,2026-07-24
TGedGLW8cksi4GFB5wQRfeuZK6ct7aqWkK,tron,USDT,issuer_freeze,,,2025-07-12
TGf949t44Z6KuD4kwe8YcH2Yww9TAF4q4m,tron,USDT,issuer_freeze,,,2025-10-19
TGfAyk4Rgt5db9DYyi2kAb1KbWo3pv8PV6,tron,USDT,issuer_freeze,,,2026-09-12
TGfEHgSxgisCMXUaaf8NnGpZ1ic5xdNdYk,tron,USDT,issuer_freeze,,,2025-06-20
TGfbgb8SpkcBsTpoy4pbg9w9xcwz9RbYJk,tron,USDT,issuer_freeze,,,2025-07-12
TGfeBaP8oCoVL6CJVaJEPxNtF3x6ewFa2V,tron,USDT,issuer_freeze,,,2025-07-12
TGfedNYDiGcwrMEtd9bJ2KdzUPmjvnMsva,tron,USDT,issuer_freeze,,,2026-03-27
TGfiS3ScbV2edHxpaGCE88azQSYM4QhVNR,tron,USDT,issuer_freeze,,,2025-08-14
TGfvQ59QZQzuvpjbjA1LcxdNPWJuZTiP2n,tron,USDT,issuer_freeze,,,2025-08-08
TGg4f3uw64WcCx7sjhGjHVtLv6fjbwSAKC,tron,USDT,issuer_freeze,,,2024-10-07
TGg4iYtGcQecpt3FJMHgdJLqJuLSj6abCp,tron,USDT,issuer_freeze,,,2026-04-22
TGg7x9DNzP5H1RZT6hRjFZaEYbqGASwdXU,tron,USDT,issuer_freeze,,,2026-07-17
TGgNLU3NZmE1gmSoQb6BwEJqXPUjFcrpX3,tron,USDT,issuer_freeze,,,2024-06-26
TGgX5raxv5UjYUJ8wrjRcLf9qyGxiBjtGD,tron,USDT,issuer_freeze,,,2026-02-08
TGgpRtRgsj8kbT5yaaReBZ69PbynhSztZR,tron,USDT,issuer_freeze,,,2025-11-14
TGguTo6hhvNUggG8K9wWoDd1bLBCUUxrb4,tron,USDT,issuer_freeze,,,2023-09-18
TGguiJwUyxmT8dQhEzRWiQM2u2uHWCoSbz,tron,USDT,issuer_freeze,,,2026-03-27
TGgyz454VZKUsZzzSxnJTxhpZcqWAoU6ow,tron,USDT,issuer_freeze,,,2026-02-10
TGhmvEYDBXUtHyjHRtXVxBajjQR4gSsTZ4,tron,USDT,issuer_freeze,,,2024-12-05
TGhoALFsjqnP46e9RxRFhzEc7qgo8VwsG3,tron,USDT,issuer_freeze,,,2025-01-30
TGhp5hu9mfg3QXD9XjRvx4N3DWBJ4pwAFr,tron,USDT,issuer_freeze,,,2026-03-25
TGhtohqw7fRRZ9LawxcLgumRbGk3NoiCSo,tron,USDT,issuer_freeze,,,2026-04-21
TGimU52KsPSG1n2GF42v6GJQkdPCxupKJ8,tron,USDT,issuer_freeze,,,2025-07-12
TGisDdJ3TX1qkCgkeSfK1bit52wzc9tyH8,tron,USDT,issuer_freeze,,,2021-04-06
TGj5hdLFPqVTKjKp3CDfZwzF48R8sEXDf6,tron,USDT,issuer_freeze,,,2026-01-03
TGj75irwDXvPApfoTE8Wv8ypMunRStZtVc,tron,USDT,issuer_freeze,,,2026-07-02
TGjDZb85SDPM9Aff2KbrZzDfcfkf9JJv69,tron,USDT,issuer_freeze,,,2026-03-10
TGjMuqfgBbs9PqD5uJDAE9zVysdnGwMk12,tron,USDT,issuer_freeze,,,2025-03-21
TGjQzfB65EtdeM1mub947qpiGnMDoUVZxu,tron,USDT,issuer_freeze,,,2026-07-01
TGjb9J5qWkudzx1GSaHJarj6aNwcj6eqWk,tron,USDT,issuer_freeze,,,2026-04-10
TGjex7twAAUxcDp2T1VWZt8rhFPSwPwebx,tron,USDT,issuer_freeze,,,2025-09-23
TGjgiiXSFt9X3Q2894S1hLBxRx9icfKv74,tron,USDT,issuer_freeze,,,2025-05-22
TGjynLvsZibqdXjn4DSzawq4H4PWGM5a6b,tron,USDT,issuer_freeze,,,2025-08-29
TGkDxVnT8egE5mUwXdDNZ9r46HXVVo5PQr,tron,USDT,issuer_freeze,,,2025-08-08
TGkEyh9YECmRdXfx2xjgVAnWTsHjsN4BfF,tron,USDT,issuer_freeze,,,2024-12-18
TGkjY3Vgx84XbC21gq9eKEXf6HiuAdJx4F,tron,USDT,issuer_freeze,,,2025-06-20
TGm1Kz7W5mWrKp6ibJQvGdG7pXwMg1K1k1,tron,USDT,issuer_freeze,,,2024-02-07
TGm9M48ZJ1KzS5U8EnNoY7LkrXqRRcxs2X,tron,USDT,issuer_freeze,,,2025-07-12
TGmLbZiS4SAhxDwmQteQ2fhsKJQ7VfJLsv,tron,USDT,issuer_freeze,,,2025-03-11
TGmTmXNFt2b5Tng8SwHQZ1zAAC2Uq8rhL3,tron,USDT,issuer_freeze,,,2026-06-10
TGmcCgs5Tbwyd6LR9YosVsaWTibNdY3KwT,tron,USDT,issuer_freeze,,,2026-08-14
TGmi3n9iztSzcp5oMPfUYmjyPnYsJ79A5t,tron,USDT,issuer_freeze,,,2022-10-06
TGmrTPdWy7ZGCe4u8rmDE2MwsXbj8Mnbke,tron,USDT,issuer_freeze,,,2026-03-03
TGn6FRezp9gfPzT74uvnjhX8g7oVm2GeQT,tron,USDT,issuer_freeze,,,2026-04-28
TGnKWH6NZEFXhVgxpHj4Vuef4DqHF4Mn4V,tron,USDT,issuer_freeze,,,2025-10-28
TGnSt8gPMirLz27eidWxsQsqmfRkhi5W7A,tron,USDT,issuer_freeze,,,2025-12-08
TGnSzxUzingyHJkFQfbKX6DJuaW27fpPWi,tron,USDT,issuer_freeze,,,2026-06-29
TGnc9zsHsAkcKopeF4d7AuDUCbxjd2zM35,tron,USDT,issuer_freeze,,,2026-06-23
TGoMr4jWeCpcMCw2ojddCHeMxzPaYkBcWw,tron,USDT,issuer_freeze,,,2025-07-12
TGoiq7vbauLCF1kgCqpFqsPKiwG1y3iGsP,tron,USDT,issuer_freeze,,,2024-06-10
TGopeKme2ppeRZvCPUXfUExynBmZz8sK4P,tron,USDT,issuer_freeze,,,2025-01-23
TGovGVfgfBred6Fe7WpcQ7KDYo9tLrSYuv,tron,USDT,issuer_freeze,,,2025-07-12
TGp1tFyP57vNpnqKn3QM96V5teKtVmTXAX,tron,USDT,issuer_freeze,,,2026-05-12
TGpCjDZPLdWtyRMbQVEXEWCU8M36x7oGfJ,tron,USDT,issuer_freeze,,,2025-03-28
TGpE8jpsoK4RMsrxK1wbdK6R4tcKjYVJD1,tron,USDT,issuer_freeze,,,2025-10-13
TGpNMywZmEjWirsgLw6iN6ou2Y7ZLrqu23,tron,USDT,issuer_freeze,,,2024-10-10
TGpfTyW5KByRh1S1AdNKigCD7LebAAbPnL,tron,USDT,issuer_freeze,,,2024-06-11
TGpnJAXqxmMoPQhaKcPN3jc6nDYbbiyYCz,tron,USDT,issuer_freeze,,,2024-07-06
TGpuZqYqEdpWf4ecUN2SUU5YZCnQmHZbaA,tron,USDT,issuer_freeze,,,2024-12-05
TGqCCr3GSXzxRNWkF7MLkPiqJimoWNC3dx,tron,USDT,issuer_freeze,,,2022-10-06
TGqQHuNQFYpqz8vrKL9Wk1VQAWppUtRXLC,tron,USDT,issuer_freeze,,,2026-07-01
TGquN2ihdR6sgi29ZbHPLGCcXDhfP51UKy,tron,USDT,issuer_freeze,,,2025-07-07
TGr24Cx86VXGo11o2JYAF69ov34iUzmJ5C,tron,USDT,issuer_freeze,,,2026-04-22
TGrDpJKXg74DsTWVRteiaJde5gMCVzjBF8,tron,USDT,issuer_freeze,,,2026-03-14
TGroyuM2bysRJJDH6pLDSpQKa2xCB1WFDs,tron,USDT,issuer_freeze,,,2026-07-14
TGruu98MK1C3rHXAF7nRxyZPVT5xM8KRhU,tron,USDT,issuer_freeze,,,2025-07-12
TGrxM4ZFuy7R3U85RoN7L7HZok6c4y89hS,tron,USDT,issuer_freeze,,,2025-07-12
TGs4QPiHE1bKAn38ESpDcaxcVoCp4i6pBc,tron,USDT,issuer_freeze,,,2024-05-08
TGsbrSjGrxVRfTUivQqaVvFcN1rvqxQSVW,tron,USDT,issuer_freeze,,,2022-10-06
TGskm2jWiS16MvKPMDiXSfxj17JD6FSTqw,tron,USDT,issuer_freeze,,,2025-07-12
TGsou4N3pWQ136zXgASxYivisFbbRYbC8D,tron,USDT,issuer_freeze,,,2024-04-16
TGt5iFF2WGxupxNa18gWPFXehwVZrTV6g6,tron,USDT,issuer_freeze,,,2025-10-28
TGt6SWVZ83A3YRXSGZKVfZ1S8s39CDmTPa,tron,USDT,issuer_freeze,,,2026-04-28
TGtNfUtATMmgsKJZH1x31vgmCQ2s2464NN,tron,USDT,issuer_freeze,,,2025-03-10
TGtuAU1Jg956BVHqbkZihTAjHpjEDTCPAf,tron,USDT,issuer_freeze,,,2025-12-12
TGu9wi1xpUFiTUb5ZzmpUCv2zRPF98dkQx,tron,USDT,issuer_freeze,,,2025-07-12
TGuQSAJFdpfVbdaseERbyvA3auR3wBM57Q,tron,USDT,issuer_freeze,,,2026-03-16
TGuV59r3oTK9uWoQPHag1uSSRKAZ29cT9X,tron,USDT,issuer_freeze,,,2025-04-09
TGuWthQNLuF75VVCbw6aKhFHbG4tJ5srM9,tron,USDT,issuer_freeze,,,2025-05-26
TGudVcGsWGhmNFfvGQuYECzt3JoykpHAnp,tron,USDT,issuer_freeze,,,2026-07-23
TGuqbYqJ4m1J8dKWB3NVnsuXtgXCQkgdyf,tron,USDT,issuer_freeze,,,2025-07-26
TGvB3jRx7D97udDz9UUJtyX52qa4cP3GGj,tron,USDT,issuer_freeze,,,2026-06-01
TGvKWPvtNYjVNkPHPD6VxT7EnxYYdnV2Pc,tron,USDT,issuer_freeze,,,2025-07-12
TGvMndnSY9f4f7jJafPpcdRo5YsJT7VWWQ,tron,USDT,issuer_freeze,,,2025-05-30
TGvRqWk2mTymFS1h2ZxzW8EvLKkNFmkDU4,tron,USDT,issuer_freeze,,,2026-07-08
TGviWnVPAdXovAqDAaHqB1i2Rz2YDtqDDw,tron,USDT,issuer_freeze,,,2025-10-02
TGwGqg7oPsEVJat4qt9u2XeCnXX5Bc9w4o,tron,USDT,issuer_freeze,,,2025-11-22
TGwKUXox1XuSuVyofvjdS9ZwVsUVktQqZH,tron,USDT,issuer_freeze,,,2026-07-01
TGwLt7XN4xoUkfESdnFYAFsGFKfKk1JrA2,tron,USDT,issuer_freeze,,,2024-08-04
TGwkRqtCZ7Evsr4t8KSVsvQPXKyTQD1CgT,tron,USDT,issuer_freeze,,,2026-07-31
TGxHx2Ywtgx2UHUCi8eXgJmiXizjDSndZf,tron,USDT,issuer_freeze,,,2025-09-23
TGxWR8NpshHueun7scZzneJLPJz8p7q8n9,tron,USDT,issuer_freeze,,,2025-07-12
TGxZ4DpJhWrYnH7cKRCeKZDycGKHxceYkT,tron,USDT,issuer_freeze,,,2024-09-22
TGxbM57oRgp7uaVUc41uuKkwTZjEskzB9N,tron,USDT,issuer_freeze,,,2025-09-11
TGxjefxKJz7YS4R8xFP3i1fDBAKSeMz1bd,tron,USDT,issuer_freeze,,,2025-08-30
TGxrYey4aWMf3VuMD88JyH5ExDuVKQJyib,tron,USDT,issuer_freeze,,,2024-12-13
TGxxQFgSeuML5ABqkYnqkfK4PJfRHavMkz,tron,USDT,issuer_freeze,,,2025-07-12
TGy4yscPazLqxM9yqW2Ajk8t4HqS7oy6ux,tron,USDT,issuer_freeze,,,2025-02-11
TGz6NDfsZGiYBPa5h3oSHihcXnZ2L48drp,tron,USDT,issuer_freeze,,,2024-09-22
TGzG5AoFowBavJP4jz6N4SJKeD9EbUYehx,tron,USDT,issuer_freeze,,,2025-07-12
TGzPgRV9xafHX8su3wfefrLAiwG9tU3Soy,tron,USDT,issuer_freeze,,,2025-07-07
TGzWFD9FKxH9oxqGjCuTkVFLPSNW7nqr4w,tron,USDT,issuer_freeze,,,2026-06-04
TGzYyqnXiycfZLFg5PiywNjcPRSgC2Cs7Q,tron,USDT,issuer_freeze,,,2025-07-12
TGzgPFnmHGq7hWDoEsmAoU2hRMyYdXbo2p,tron,USDT,issuer_freeze,,,2024-12-03
TH1MgYFKRMUGs3gPGuPYT9Yzzw7irbQAGg,tron,USDT,issuer_freeze,,,2025-07-12
TH1NMPijW2maP2XieBAdYskkRqRf7Wdiwg,tron,USDT,issuer_freeze,,,2023-08-25
TH1Piw3fQALkvYjdQyWdD46uMNiQqML5X3,tron,USDT,issuer_freeze,,,2025-07-12
TH1Rsg9fyVkrHs7B1VvduvuF7mATqs3fpe,tron,USDT,issuer_freeze,,,2025-10-01
TH1vegjjZhHtr7R9qBJ6HmrSzUnUj51rTM,tron,USDT,issuer_freeze,,,2025-03-05
TH26G4WsazdPp9ioojk6XyM32i4nme7VCD,tron,USDT,issuer_freeze,,,2026-06-04
TH28Pqoj6FJp8qB9VmDRD7E6LsbG3chc6F,tron,USDT,issuer_freeze,,,2026-04-14
TH28jkTZLEzhX45Cz7JaGpWCuPXa5xh96k,tron,USDT,issuer_freeze,,,2025-07-12
TH2gVZAro9eEnxagqCF3Dmad91iWvY2qA2,tron,USDT,issuer_freeze,,,2025-12-16
TH2iaRZkWSwf7pDtwumbxyuHv5XpgQj6xv,tron,USDT,issuer_freeze,,,2026-06-14
TH38Xaoz1rKp8BtLFNQDL7Cgkv71YZw85Y,tron,USDT,issuer_freeze,,,2025-05-16
TH3wtXtmuEbooiUGz47JDzm4VQvsr9qKyy,tron,USDT,issuer_freeze,,,2026-05-04
TH3yXAQjCiFrXtzzwFukrnceTWd9QxrZuc,tron,USDT,issuer_freeze,,,2022-10-06
TH4TWpnpifwfB7WrcPb675kdCuFDLyB7hQ,tron,USDT,issuer_freeze,,,2024-06-14
TH4qXPSp3S5g3HnDr1pgnEq4XAoJh7McvZ,tron,USDT,issuer_freeze,,,2024-11-04
TH57qhphJtVdLYdnztEWvP4WvNqSCX3kL5,tron,USDT,issuer_freeze,,,2026-04-14
TH5e3rkyqgCiATurWsjuk4ecq6cEhqB25T,tron,USDT,issuer_freeze,,,2026-03-09
TH61PfFAhxGqsrrMP63vpHkGJvnDWW5TUu,tron,USDT,issuer_freeze,,,2025-04-07
TH64ZbzTPZb2N5yrniQcCAscJyELqo2Vg5,tron,USDT,issuer_freeze,,,2025-07-07
TH6R3aTYfJu2aZu1SQ3j9NoSKWsYD2JVuc,tron,USDT,issuer_freeze,,,2024-08-30
TH6hkUcrHXbcEVBvdsh9dcRD7sD1cgPNQG,tron,USDT,issuer_freeze,,,2026-07-09
TH6j3znTUJVNFsjrY7BZFWG6AQUB3ghGZd,tron,USDT,issuer_freeze,,,2025-09-05
TH6o96B1WAokEtMyEMzBYwtYsiEEtwyxQc,tron,USDT,issuer_freeze,,,2025-03-03
TH6sbs9LBMwPeJg6xFiT1p1vqtG5fAjwM8,tron,USDT,issuer_freeze,,,2025-10-16
TH6xa1X9yjxsXHHijYi7GrcjKSpcLBVdpH,tron,USDT,issuer_freeze,,,2025-10-31
TH7cCiqdGv8CRkZ3bL22pu9iVr6XZT8uf4,tron,USDT,issuer_freeze,,,2026-06-11
TH7z9MyLrp6uem5q4WYUrRgs7oCGrDkbwS,tron,USDT,issuer_freeze,,,2025-04-08
TH883PzaHB9v8uTgS67b9NQokaqxCw9QGA,tron,USDT,issuer_freeze,,,2025-07-12
TH8CUXLPHfQWkfoBUMAYr68k2ycNVtFADW,tron,USDT,issuer_freeze,,,2025-05-16
TH8Hq4FAY3zWc1gDAJa4WM86GH5aSZXkz3,tron,USDT,issuer_freeze,,,2025-01-10
TH8PJ6jXCcd7pWkkxXz1YNW6ekGrvRaaK9,tron,USDT,issuer_freeze,,,2026-04-14
TH8RuUYwR4rtNwg4eFQ7wadEeamR8TiQaW,tron,USDT,issuer_freeze,,,2026-03-10
TH8V6qrqNNG6mmouBcyoyGCyxJc9W4zrUX,tron,USDT,issuer_freeze,,,2022-10-06
TH8g7dUSxgvSpEKXcaSEaBVofJAuvCaxGc,tron,USDT,issuer_freeze,,,2025-07-12
TH95QmvZDeyFdSycmuSmXwKr3Tf18tk32F,tron,USDT,issuer_freeze,,,2026-06-16
TH99LWiqaPLf9CuesvAsC7JLsDVwuk4oSn,tron,USDT,issuer_freeze,,,2024-10-30
TH9ZmD9XjXAHZHRVWjua5g582EGXq9M9H9,tron,USDT,issuer_freeze,,,2025-09-11
TH9j66yNWkJo3VkfmQq5FxZ9yvcfEtSmUz,tron,USDT,issuer_freeze,,,2025-05-08
TH9sfz5hxJcgWHUd6d9PudnRU7eY9qmENF,tron,USDT,issuer_freeze,,,2026-07-06
TH9wdajENbqbg8zeM7a2oGN4TfWc4uPrr4,tron,USDT,issuer_freeze,,,2024-10-30
TH9zb9ddpx6VwAwan2kmmJusrMcB8PSHic,tron,USDT,issuer_freeze,,,2025-05-20
THAFmMpraYkP2kLXZ9iWkjmYAcSHzpHAm4,tron,USDT,issuer_freeze,,,2026-05-14
THAUfeXWpih9tW3WQG8UaFqxuGdEHqaz4C,tron,USDT,issuer_freeze,,,2026-04-10
THAbjPG3idM7U4JcnX7Bj9MsZhzPhN8eY9,tron,USDT,issuer_freeze,,,2025-07-28
THAenojAt5suSUgXxjXvRgUthD9b1Nke1B,tron,USDT,issuer_freeze,,,2026-03-06
THApHyyemD1zw9sodvX9514gsAMpCF8xp2,tron,USDT,issuer_freeze,,,2026-07-17
THAuxwjayxgcLDn681AuVxwsbZP22V2G1L,tron,USDT,issuer_freeze,,,2025-07-07
THBKEkXf9rJYnhPbYkbSpecaGLX6NsHxQi,tron,USDT,issuer_freeze,,,2026-08-12
THBbtkYekMN5MMXrvJ48PM3kdte7VikjHo,tron,USDT,issuer_freeze,,,2025-05-26
THBedijiTDmeBfXBKgMWEJ9DxQPGtpVwx8,tron,USDT,issuer_freeze,,,2026-08-13
THBffi1fq2vBLqGDC9Pn5yLXTs4viuBNTh,tron,USDT,issuer_freeze,,,2024-07-12
THBtRhdLaWNzDa3DSqmrtRP7thYmDpEfiU,tron,USDT,issuer_freeze,,,2025-07-12
THBxJM5zQjzUQXrFqbNabqCWtg86aUERth,tron,USDT,issuer_freeze,,,2026-04-21
THBxseHnGTP1U7PtUGpa7MzJKKGXofwDSW,tron,USDT,issuer_freeze,,,2024-05-03
THD3sc53BrjzmaPL912bLjRgD4QzQF6xGt,tron,USDT,issuer_freeze,,,2025-05-26
THDC979tZfpnpvYZvDjHy5nsp3May2wACr,tron,USDT,issuer_freeze,,,2026-06-11
THDoy7MF4miV3PvR3ebksXSe31eAmv1v1w,tron,USDT,issuer_freeze,,,2026-07-02
THE1qSTVtz3QtsRtma2auJXJrMgYdt38ey,tron,USDT,issuer_freeze,,,2024-08-15
THENrV7wqpeoi5RJAaM1mULQE5kewCpyvW,tron,USDT,issuer_freeze,,,2024-10-01
THEbZhvHKnZKgAMkaF2QpdcEMKBLW6vGLT,tron,USDT,issuer_freeze,,,2025-10-29
THEeWVayXf5GEMAvwTaqCtvuY3uP1BYcbH,tron,USDT,issuer_freeze,,,2026-08-11
THEhdoCn8LED7bgYbcB1ADCisXeQiSRUnR,tron,USDT,issuer_freeze,,,2025-10-13
THF9dgBrUKXSuTGiDFisD9jo4RNzkNGxpa,tron,USDT,issuer_freeze,,,2025-10-16
THFXRVFgU3CJQmC1QvYJMicwQfmjJdKuk7,tron,USDT,issuer_freeze,,,2025-11-22
THFbFCJBgAJAtjvc96CvDqN7vMJ5Tg7NMm,tron,USDT,issuer_freeze,,,2025-02-14
THFhNKRaCMJ1JNot9SUe5MiRm8SzhSq913,tron,USDT,issuer_freeze,,,2026-04-30
THFxxGyXjUS7UMy9gmJHCWuNVw4GUzqXuK,tron,USDT,issuer_freeze,,,2022-10-06
THG6QmUWhVSBxY848iPUEaXNmGdhAG1UAK,tron,USDT,issuer_freeze,,,2025-07-12
THGGP3sszfjtgyQuqoBdg7xoeZz8hAkWBD,tron,USDT,issuer_freeze,,,2026-02-22
THGRp6CbGGhDBLGuoTZki5fpoUtR8R54Dx,tron,USDT,issuer_freeze,,,2025-10-17
THGSvAek3gjArL7bhPuUj5rHTYbwZDRV3C,tron,USDT,issuer_freeze,,,2025-07-12
THGZEXFo5RPtmFsz1SBnv5vBAfUqAKFXWS,tron,USDT,issuer_freeze,,,2024-12-03
THGebkYKjpayMe24PKvddjRMhD6tZTcSgq,tron,USDT,issuer_freeze,,,2026-04-09
THGm8sVHUTAhufBGhsXqQLKHpgy8mAJa9x,tron,USDT,issuer_freeze,,,2026-09-14
THGzq48U2m4rWifB6dW7KMeeehemr8M459,tron,USDT,issuer_freeze,,,2025-09-09
THHVV3bKH9WqqGVeCNfcHa4ZTeDxinN8SV,tron,USDT,issuer_freeze,,,2025-10-09
THHZuEdtof5BQdGVeJpWL2ej9tmiJQgf3m,tron,USDT,issuer_freeze,,,2025-07-12
THHb16mPT5eYd9Hap6y8TLArqodHNzQsmP,tron,USDT,issuer_freeze,,,2024-06-11
THHhjzjmvmK8bNf3yGGdtCF54yRB8uYCvS,tron,USDT,issuer_freeze,,,2025-07-12
THJHHP9qS9o7v9ek7ztw6C2cuzsr7vPZRE,tron,USDT,issuer_freeze,,,2026-05-04
THJKZxCKL3EGVvkNWdL3kAnx6sQMekHDRx,tron,USDT,issuer_freeze,,,2025-04-29
THJU7dSahCGVyMFZHwaqnibc6AWdik9VCb,tron,USDT,issuer_freeze,,,2025-04-17
THJVeh7Jev6fvKSJpgBTM2k855TQCMCy8K,tron,USDT,issuer_freeze,,,2025-04-23
THK34EsnxHLe3PyXmSxo6qcNMiusFnkbNB,tron,USDT,issuer_freeze,,,2026-04-20
THK7ewM58D9Um1r8AHgkryYcMu2mituVcM,tron,USDT,issuer_freeze,,,2025-06-20
THKBbcpPgXRg1qmGkfu2VtWKza4AKQ2dhr,tron,USDT,issuer_freeze,,,2023-10-25
THKGdyLPaPiWpBBuHKZgZTzTE25jGizBwX,tron,USDT,issuer_freeze,,,2024-11-04
THKQXdTb4hnBKcpnMgx4TrocawjresQgtg,tron,USDT,issuer_freeze,,,2026-01-10
THKW92mP6UVTerijMzB6xYsdKn4m6Jjosq,tron,USDT,issuer_freeze,,,2025-06-18
THL5JxqRAu4XAFkhgisFmKduM5mYkMLHcJ,tron,USDT,issuer_freeze,,,2025-05-15
THLRrxf4cakjxH6sg9mhb52mZMZmjGgV9U,tron,USDT,issuer_freeze,,,2025-05-16
THLieTp6mmAzGcF9RbXWZ7ZuqsXDZwo2gc,tron,USDT,issuer_freeze,,,2026-08-27
THLktLvAsQ6GpbXZPovYt96iafZ5J9Z7xZ,tron,USDT,issuer_freeze,,,2025-07-12
THLumbf4VUJmLpDGBdTBvqoS6WEW8E9PhK,tron,USDT,issuer_freeze,,,2024-12-04
THM4Zj1BwzZEswrUVQpp4eD5UDTagRZSmS,tron,USDT,issuer_freeze,,,2026-02-08
THMNYDkwz2mvBArGdXdwKHfaCwB2tC8hf3,tron,USDT,issuer_freeze,,,2026-03-16
THMWSdMSmRhCtm7vTpSaqwetUqdA9fjJAA,tron,USDT,issuer_freeze,,,2025-04-04
THMYnDs256pvxGHM7qoyJCcMDH9pLBJJQx,tron,USDT,issuer_freeze,,,2025-11-05
THMprG2t5T7NsCr47FCmzuwEjVhEFQ7AYb,tron,USDT,issuer_freeze,,,2026-08-11
THMtXHMTvH3rnWPezdbuvGSQrAxbtzaapN,tron,USDT,issuer_freeze,,,2025-06-27
THN1jktodkNom3aiJwbfNVixDw6VdZ3JPk,tron,USDT,issuer_freeze,,,2022-10-06
THNpNYCH3A6mrsDeJUNSCWhsXEkRQxVJ6G,tron,USDT,issuer_freeze,,,2025-11-22
THNqEMUpoewuiJMdFCsHe4vnqv3vi33gvS,tron,USDT,issuer_freeze,,,2024-08-07
THNx5c62tbtUGmorzZz8UUTPVh4FiWwjW3,tron,USDT,issuer_freeze,,,2025-04-10
THP34mWLQPSDZu4shGfGZ1x9tQVNEuyTEd,tron,USDT,issuer_freeze,,,2024-12-04
THPNbEi3ouW8voYitrbUctUVMq4Cgwf96g,tron,USDT,issuer_freeze,,,2025-02-11
THPYgFY516JWwJmVLSK3suCcWyv2KkkCML,tron,USDT,issuer_freeze,,,2025-12-08
THPcvy4fJkEMLjtY8JoQoxqxeQmuwDMnEM,tron,USDT,issuer_freeze,,,2026-09-12
THPfp6xiok1Ekk3EEdQaEA8WirrXTW85wQ,tron,USDT,issuer_freeze,,,2022-07-31
THPg9wjnrrnwBYwvLk1uqJKCSaqmuEzY5B,tron,USDT,issuer_freeze,,,2026-03-02
THPwPKktKQ5FDJNMnnCmXhnm1dQQieygsu,tron,USDT,issuer_freeze,,,2024-07-23
THPxuxhfQ12Shydz5sCpqh5CqoWzrnBNvi,tron,USDT,issuer_freeze,,,2026-01-06
THQ7qqT3eNuqYts4PtfhEor1HMjk44GEJu,tron,USDT,issuer_freeze,,,2025-07-12
THQD6j9kv1kizGwdPc3Jtjq5CUUPfKkvtZ,tron,USDT,issuer_freeze,,,2024-12-19
THQK3PGHqTnaivdL75WVcUJHTJYvrXCGCM,tron,USDT,issuer_freeze,,,2023-04-26
THQQVWQmdYHYMk3XZbRyRLEkMwRMDAwmHB,tron,USDT,issuer_freeze,,,2025-09-09
THQYUYL5m6P3QFTExZ9abrMJeWkWJW5eSC,tron,USDT,issuer_freeze,,,2024-11-13
THQaARACf3HTRasRFPf63SJ1TSHvdjiRsB,tron,USDT,issuer_freeze,,,2024-10-24
THQfmXKhoqBbukQa386h9UxzSNg9zpWA7R,tron,USDT,issuer_freeze,,,2024-12-20
THQhhCzFV7LjGMYVpVVNJ93u5mFWtwJhCU,tron,USDT,issuer_freeze,,,2026-05-08
THQnAYbs9NiTzR9Ks8y1xQxkbqc2xfipix,tron,USDT,issuer_freeze,,,2025-05-29
THQtdAdRjdGZHWLJn9W6v93VkrQHFJH6qq,tron,USDT,issuer_freeze,,,2025-08-26
THQw14Tdt7ZRFNzijkdpKP2N5s9g1pPnv9,tron,USDT,issuer_freeze,,,2025-04-18
THRhfQLGCp3PtmeH9GQrbjME67UMkNVfNK,tron,USDT,issuer_freeze,,,2024-07-24
THRnAPGsuzN2mfbD22q2sjSgz1ekZt2wiX,tron,USDT,issuer_freeze,,,2024-04-16
THRtE6Miry4dHAq4joGCsdD6cE9vaZDEz4,tron,USDT,issuer_freeze,,,2025-07-12
THRtSf7hXvx39Lh9fNA3nRkoHTT3LxbFJg,tron,USDT,issuer_freeze,,,2024-09-26
THRttTJKKLmAPdPe9hsBsTXWh4bxTsyMFh,tron,USDT,issuer_freeze,,,2025-04-18
THS7cDeWsmvrLh7e5jkWfgSEXhdpqF1YFZ,tron,USDT,issuer_freeze,,,2026-03-13
THSBNYfGL9ja7b5xU98f8ofU2iy2gXPjSN,tron,USDT,issuer_freeze,,,2024-04-09
THSHSjn9HNLRsSK2cMtUpDY1z5CsCyeJS4,tron,USDT,issuer_freeze,,,2026-03-11
THSNeL7KJ48YNUuYireM2JGR8PkB7qC9GA,tron,USDT,issuer_freeze,,,2025-03-20
THSRi6q84AZUhoVJRERY9pw812zVtoFMuS,tron,USDT,issuer_freeze,,,2026-06-01
THSSqrExJd3kGjW1rri1T7MrJF3vNfNt7R,tron,USDT,issuer_freeze,,,2025-02-19
THSUiCnSdEfeaiQFRRDkDC3tUc86eGvYUh,tron,USDT,issuer_freeze,,,2024-02-13
THSWNRaC5PckpvaKSr6sYBGJGG7PwR43ZR,tron,USDT,issuer_freeze,,,2026-03-10
THT65asXPG3VFogFRrVHsH4npdFtEjh2Vb,tron,USDT,issuer_freeze,,,2025-10-13
THTBFjQkmYKE6E34t5CVWwK2pkkUpF6qbF,tron,USDT,issuer_freeze,,,2026-02-08
THTfFVJHMi2zC7ATk9tFnP7NKLZYnkKR94,tron,USDT,issuer_freeze,,,2025-10-07
THU2wURynjD2C2M128TC23RV8ART8EfCAx,tron,USDT,issuer_freeze,,,2025-06-30
THUEFg8ATZLWZvQzB5sAByxVZSg3c4oMJG,tron,USDT,issuer_freeze,,,2025-04-13
THUGGza6uG8LtdrXRxb3eJJYfVBSiNo8fy,tron,USDT,issuer_freeze,,,2025-07-12
THUJ5yYm7KtCTmqkxUuDACQS6tXyJQKChN,tron,USDT,issuer_freeze,,,2026-09-11
THUMeEpEuQLasKuvkgqdm5HB6cpW69Z1ua,tron,USDT,issuer_freeze,,,2023-07-13
THUa4c4igVfjvHm7mxx6g9qhFNAMqC7dWr,tron,USDT,issuer_freeze,,,2025-10-28
THV7iXCnJ56Mqtj1zTWfXGZdX81GLgmVuX,tron,USDT,issuer_freeze,,,2026-05-27
THVRLvLvXAZKDts9LxC1XynEzSdFPoTKue,tron,USDT,issuer_freeze,,,2024-07-23
THVSq4GTzhR9vfEe729LeBBhM3m6TqXhSw,tron,USDT,issuer_freeze,,,2024-10-04
THVYEvkvGgSN3ZYJpZ6GZK4ao4JUxEnb7R,tron,USDT,issuer_freeze,,,2026-05-14
THVaqVKLoJ6NagkqqqjPLcWf7a7LfcCMaA,tron,USDT,issuer_freeze,,,2025-07-15
THVgx7V5LxnenqsqK1XdtXZZ1fQCMAvEuN,tron,USDT,issuer_freeze,,,2025-07-16
THVpaMxeFqqF8Pwtjc3CFUu4XA1nN3Q6wJ,tron,USDT,issuer_freeze,,,2026-09-13
THWTyaPUJkbcLhw8StQHdU6oyQQEb3QXiN,tron,USDT,issuer_freeze,,,2024-09-21
THX9WwwB7f8g4jZQx7McxKzbHPjP7NmWKt,tron,USDT,issuer_freeze,,,2026-07-09
THXMj5cFWPdq92934E2GQ3FfyK7u5VhpNZ,tron,USDT,issuer_freeze,,,2025-02-19
THXSq7QVGE5g2GakEoAR1EoK2JvqjqsWGy,tron,USDT,issuer_freeze,,,2023-11-09
THXWGWcZmTq1WkE8dBuR516wfCtfdojCcG,tron,USDT,issuer_freeze,,,2025-12-08
THXfBQQbmVtDQHrPtKGcfgtdXAy4twu1xd,tron,USDT,issuer_freeze,,,2025-11-03
THXkzcNfKRwwhEju2mqFZtV7t7ZWdyPgpk,tron,USDT,issuer_freeze,,,2025-07-12
THXqEVgZugMme6SkL1zyfB6zzgiZXyYdzJ,tron,USDT,issuer_freeze,,,2024-06-03
THYQHzocSqsEgjj7cBGjDjm24iqw2XpCCw,tron,USDT,issuer_freeze,,,2026-01-31
THYQhsMNharm5DbfiDqQDArGj8wwNEz4Yv,tron,USDT,issuer_freeze,,,2025-07-12
THYi1FE1rbUoqsKfft9C2wSznhh53HbRKN,tron,USDT,issuer_freeze,,,2025-03-01
THZALDb5adK3TM48i5ALCoJvz7CVmJQDRM,tron,USDT,issuer_freeze,,,2025-07-07
THZCSi5A8NVD9kRxcsXzdVfaTj3jnVfFSS,tron,USDT,issuer_freeze,,,2024-12-04
THZP8szu5TQZ8Lthd7EcZdZWxcxxKhGsmP,tron,USDT,issuer_freeze,,,2022-10-06
THZRG5w1aGjQNrh3i6z27yfhJnhhRREzkh,tron,USDT,issuer_freeze,,,2022-07-31
THZh76sovDXe9RwrFn7fU6RPkBPPauYZiJ,tron,USDT,issuer_freeze,,,2026-03-05
THaCfBk1uenPVhPjVr4sz3EbHXvps8s4Wu,tron,USDT,issuer_freeze,,,2025-07-19
THaFMPzRidsKVeDnnuXepM9t2hcNzq2E1m,tron,USDT,issuer_freeze,,,2023-01-09
THaUdoNaeL7FEHFGpzEktHiJPsDctc6C6o,tron,USDT,issuer_freeze,,,2024-12-05
THaZsQzk8xUV8a4ooCs7dkGjX7bLKfpeym,tron,USDT,issuer_freeze,,,2025-04-04
THajyUuFx9DY2ruQTgsdLkm3S8x5meiEZL,tron,USDT,issuer_freeze,,,2025-03-03
THbBKbeZtkUz62fNhaZpAc8TN5qhp8Tg3R,tron,USDT,issuer_freeze,,,2026-08-11
THbxScsmdPCia2H73gj1EMtP8kerdAQpK3,tron,USDT,issuer_freeze,,,2025-10-16
THc8Q7CeriEs2JCdvMhnRYb3w2DbiQxJGw,tron,USDT,issuer_freeze,,,2025-10-28
THc9cPJfBKt9vJXi6MZo1eVkbSKdZr47KC,tron,USDT,issuer_freeze,,,2025-07-12
THcT83oqqz3FM7h1a3pTX9WZcbPTG999Xo,tron,USDT,issuer_freeze,,,2025-04-22
THcobqqBXkTHoReaNZKZMNWinfAzM24HXm,tron,USDT,issuer_freeze,,,2026-08-04
THcp3rXpLuqPahyPbdBfHsZJTcC8EGJiSp,tron,USDT,issuer_freeze,,,2025-08-08
THdHvdoQfRxDmGDsL3Yw6oRYeSjKvdZ7gR,tron,USDT,issuer_freeze,,,2026-02-12
THdVvNpAqvkb9hi4jNtf2gEsFX92S84zHx,tron,USDT,issuer_freeze,,,2025-05-28
THda48iej3D266ZzrhokpK58WX5i41nzuM,tron,USDT,issuer_freeze,,,2025-05-16
THds4ePLpkCTYU6FJQFEaH3SExEj5ufKNC,tron,USDT,issuer_freeze,,,2026-05-01
THe1JrW9iP7hmu5J35VsnPb6X8o33XbSbF,tron,USDT,issuer_freeze,,,2026-09-01
THe2D8NzLTggDYXt5AikZKiz8aYZpPakpm,tron,USDT,issuer_freeze,,,2025-09-11
THeKAQbUnV58Hnt8WxwwXaC4EjzTquoVes,tron,USDT,issuer_freeze,,,2025-03-28
THeNjuCrrNoXqYiXYE5Szj7pJfuWLVztCz,tron,USDT,issuer_freeze,,,2025-12-04
THecXfwhdyXx7ZbnmmK47CGxKj91fR92VF,tron,USDT,issuer_freeze,,,2025-07-12
THeo5CSkYV9UGMfynG8DEW61pxysMCb16m,tron,USDT,issuer_freeze,,,2025-05-23
THf65j1anWDbF7vSEQceMSk3JGyXvpw5rf,tron,USDT,issuer_freeze,,,2026-02-10
THfDn21J2BgVK8jWaiiJoDaCV7PcAvC5fA,tron,USDT,issuer_freeze,,,2025-07-12
THfP6rpRaYNiW2rPxRwa7cjPDi5Fg8wYBQ,tron,USDT,issuer_freeze,,,2022-10-06
THfV5z5PKnMBdVegykaE46vQaLv3KieQau,tron,USDT,issuer_freeze,,,2025-02-10
THfcmYTUWMqrMpJgF5vJg1XuSKkjrmRr6X,tron,USDT,issuer_freeze,,,2026-07-23
THfkoAndyVWtZDRS79cKpzqDnceLLTkydW,tron,USDT,issuer_freeze,,,2026-05-13
THfkzbyAw3MU7JRuX1SSDxw7h5Cx3edKWp,tron,USDT,issuer_freeze,,,2023-06-12
THfxLEFofvAHea6jPFpre7Axm9w84pEfc4,tron,USDT,issuer_freeze,,,2025-06-20
THg3Tu7xcDjqDqHHsAswo62dsQK7n4rnRS,tron,USDT,issuer_freeze,,,2025-07-12
THg5ubkdKkp75kAtteMV63YXZk4q54fYEc,tron,USDT,issuer_freeze,,,2026-06-16
THg7gEZJgrEz12YpFXYFjzdD96TVtAYbSD,tron,USDT,issuer_freeze,,,2025-02-19
THgAnoCdTc3oW2uyzjXxgFUhwT4hKvybSh,tron,USDT,issuer_freeze,,,2026-04-07
THgD3cBaLby7qe3jUqtqKY6nTw8ETj67cX,tron,USDT,issuer_freeze,,,2024-11-21
THgKmFSLjCbaJqCqCZT3vh7CRnU7nC9mpR,tron,USDT,issuer_freeze,,,2024-12-02
THgbzbj9ffXgCaATeXYj3RegQQMVdytTLa,tron,USDT,issuer_freeze,,,2024-10-23
THgd4mpLPH9aKvNh3yVrEprNmDrMzjFERi,tron,USDT,issuer_freeze,,,2025-01-10
THgi4KnxG3vpU9J5gVyrCa5CnZHuYZTm92,tron,USDT,issuer_freeze,,,2025-07-12
THgqebH3NsQnRgbAynC5JqwM7KshAXzgm6,tron,USDT,issuer_freeze,,,2025-07-07
THgukApxvCGjyV5ofwcxMnrS1bH7XZxaAs,tron,USDT,issuer_freeze,,,2025-02-10
THh6R6ixGw4MUeAaV9Js38cLfifsEtG4HE,tron,USDT,issuer_freeze,,,2026-09-11
THhF1kSPvUhYEqLVPmFv1cx6oeRA5AopDT,tron,USDT,issuer_freeze,,,2025-08-11
THhPebk1Kv8EhakqCjGS2DtYjimwMnBmS7,tron,USDT,issuer_freeze,,,2026-02-22
THhXJLx7p8EsDT7RUT4RSpYVs1JB9Zq95c,tron,USDT,issuer_freeze,,,2025-07-12
THha2pTr8vB8XBkQyvbVPJWgrf6rqUrZYP,tron,USDT,issuer_freeze,,,2026-06-25
THhic3agJ4544GuJUhuEj7bisxriYfkjb8,tron,USDT,issuer_freeze,,,2024-04-09
THhyUm5Y7gmsodEjuix8LU4YwtNr72i4XS,tron,USDT,issuer_freeze,,,2023-12-14
THiJioyH2ryXQxapt1UbWLJNPff54JYz7C,tron,USDT,issuer_freeze,,,2024-12-10
THiqbsnj5YEKKMMqd8UX7JdcWUQWixy9Hi,tron,USDT,issuer_freeze,,,2026-07-01
THjFzF7CFEXqhDPGf1a6kFSgsDSGwgnh8F,tron,USDT,issuer_freeze,,,2026-01-20
THjLKoiJei8iUNN1Vpw6xBrkTmvQyJixru,tron,USDT,issuer_freeze,,,2023-03-23
THjh9pmdn16SAUd1JjULuu2n4cpoUAaiJd,tron,USDT,issuer_freeze,,,2025-07-07
THjuSH2tZZPXvcwPbcVoru2vD1dyjpciMb,tron,USDT,issuer_freeze,,,2025-03-28
THk5DpMMxTwknm54F915qbJZVJVoPKuCAG,tron,USDT,issuer_freeze,,,2023-09-20
THkFckZd1AeoNRtrLKYArqCEBRvzsWwtGK,tron,USDT,issuer_freeze,,,2025-12-11
THkGnJSppBtf6R3nLjLurc68JRuZkh4SMs,tron,USDT,issuer_freeze,,,2025-04-04
THkT18UGo4obbvS2v9fhc3g8kPLnHsuQZP,tron,USDT,issuer_freeze,,,2025-05-26
THknH9YWciXx5nGhRhA4ADEfivCqqJfsgy,tron,USDT,issuer_freeze,,,2025-07-09
THkrqD42pRUEiSpZ7i8eZZCMNhDERVQibU,tron,USDT,issuer_freeze,,,2025-04-04
THkytz7EcTwWmcLDvhuyJmoCtoxPrt24P7,tron,USDT,issuer_freeze,,,2024-10-15
THm32Bfa7jR68DjbxJR5PuEDDhW4icWeZT,tron,USDT,issuer_freeze,,,2026-07-29
THmphmmoqYifBDnVeU4QGo1R7y7fp7duP1,tron,USDT,issuer_freeze,,,2025-09-11
THn44UbFQk2ejjUnoBQ1H9TSjbtCYg7F4m,tron,USDT,issuer_freeze,,,2025-09-10
THnDDbEmQjhUofLMM17FUP27wrc6hJWTmB,tron,USDT,issuer_freeze,,,2022-10-06
THnPci5JGLUVHqnc7ia2178Afy7w8qvCm9,tron,USDT,issuer_freeze,,,2025-07-07
THnhyg9PBLyxJebP2pFnjS5gBNQ8cRFaLs,tron,USDT,issuer_freeze,,,2025-07-15
THoBLvcm1fYebGTbvtkZ9UGKgNYsuiufT8,tron,USDT,issuer_freeze,,,2026-08-13
THoF6N2pZUM4FYQ6Smq7LGiN13nc5uK4Bq,tron,USDT,issuer_freeze,,,2026-07-31
THoZQpWDLVjFWTuJczGdrDLSKtGQCM8GDb,tron,USDT,issuer_freeze,,,2026-08-21
THogjBskeFpktSyzzLntDwGwXtjekXpe7s,tron,USDT,issuer_freeze,,,2025-05-31
THp1NKWSNKmB1HYyA67RxcBdSPaxxfPSv4,tron,USDT,issuer_freeze,,,2026-02-13
THpNSa3BMNPPzVNTPZ6aTmRsVzGR6uRmma,tron,USDT,issuer_freeze,,,2025-06-20
THpXXyuCTvV48Jzn3kKxe1xiBfSfV7NDYq,tron,USDT,issuer_freeze,,,2024-12-04
THpheceArzh1GthDwAkZYPddCfLaPGPwzV,tron,USDT,issuer_freeze,,,2026-03-22
THpxtUxr38sk2rmL7KU7rAkwAR67gi8Cxf,tron,USDT,issuer_freeze,,,2024-11-19
THpynByUg6JZ8uQeqFNFzEFtCzi9NcWxud,tron,USDT,issuer_freeze,,,2025-03-21
THq29cgMhfckdyaxiZw2Zo1ZMkW7qVwKBx,tron,USDT,issuer_freeze,,,2024-06-03
THq2FfTSSnuYbMxSjZzT2TFF12gnSeiwGQ,tron,USDT,issuer_freeze,,,2025-05-28
THqTNCpxFyhuGCtuzkNoMDUA85nWBTJR2Z,tron,USDT,issuer_freeze,,,2024-08-15
THqiF7vKnNMJsbKV9A7CHFjmAmxjeG2TfB,tron,USDT,issuer_freeze,,,2025-07-12
THr7kdVEyLKQMM61onbYFFrrJRWq9gskdN,tron,USDT,issuer_freeze,,,2024-10-17
THrFd9dm9ioJe8b7aEfuwLntcgiryH4sx5,tron,USDT,issuer_freeze,,,2025-09-24
THrsQcq5epM7qLvQ7vUjZZxoZoh6YPsj4n,tron,USDT,issuer_freeze,,,2025-01-24
THsFXCpB1FDmzeegNmF1L7v5voj44QH7jo,tron,USDT,issuer_freeze,,,2024-12-26
THsPNvWc47swNQp2GmAoH96KtYfSR4bz9F,tron,USDT,issuer_freeze,,,2025-03-14
THsfdJuxBQNqWUesZunzSsu36qLfAcCYjW,tron,USDT,issuer_freeze,,,2026-08-11
THsxtR7KZ7L1KP6HULkHHZnMBeA2zHyweB,tron,USDT,issuer_freeze,,,2025-06-05
THtF68o3NdNQedGH2bHJ9Q69SwgvwQWqSi,tron,USDT,issuer_freeze,,,2024-12-03
THtFR8u7Fjawbjn4Qswne7bKV4fV1SG6pD,tron,USDT,issuer_freeze,,,2025-07-07
THtNUxpQiDbi2zasrPQQh7zBfkWrwSkZp4,tron,USDT,issuer_freeze,,,2025-05-23
THtRMPna3S5EaKWdGxLp1mZf1fTPb3suQk,tron,USDT,issuer_freeze,,,2024-09-06
THtcg6WTxMDyuS8TWzELYruWmoRwL8Dtwe,tron,USDT,issuer_freeze,,,2022-10-06
THtd75Y63PozWTGv67b9mCY69NTEpV8M5H,tron,USDT,issuer_freeze,,,2024-07-23
THtkUmj6hPNwvvjJwkk2yybUmbajsxeS9M,tron,USDT,issuer_freeze,,,2025-11-22
THtuwPUoTcVtbzw3LMXskDemA7EbH4MxxG,tron,USDT,issuer_freeze,,,2024-09-07
THu6oBYqccrejYDgbwkYKwc1NqSPNkc1KZ,tron,USDT,issuer_freeze,,,2025-07-12
THu8CbEHruUGxQzbVUkvqM5YSx7xXH8Wdr,tron,USDT,issuer_freeze,,,2025-06-13
THuGatBHUycuv3nuikNuzfGBZoBXsuMUs6,tron,USDT,issuer_freeze,,,2026-07-01
THujcew59PC9yM6azqXMfqhhECF5ef2tBS,tron,USDT,issuer_freeze,,,2026-03-16
THvCR39PSSQWmh5g7MdpfrfACDiqjcquMc,tron,USDT,issuer_freeze,,,2025-04-21
THvLcehb1arASJ5PzmcFjLj7Nd3aevQVWi,tron,USDT,issuer_freeze,,,2025-07-12
THvUKSbsvBQzUW1DYQyBLy1K8N7crVzac3,tron,USDT,issuer_freeze,,,2025-07-07
THvX6FFfKK6ZsVB4ArtYTFR4SSMU2S11Gu,tron,USDT,issuer_freeze,,,2024-12-24
THvYWdaubKDGZ7Dsbz8K4WqLkBGDcJGaVg,tron,USDT,issuer_freeze,,,2026-04-24
THvrTjjhMVkkNtBvXUFBnQWHhD1HNSZYcx,tron,USDT,issuer_freeze,,,2025-07-12
THvxiwm4tvppKEzgnbr15qUZkKF67oN4H8,tron,USDT,issuer_freeze,,,2026-03-25
THwVVGfFzqLu4YFNpep4mWrnL9nfn6MnC6,tron,USDT,issuer_freeze,,,2025-07-12
THwgRmZcxHqgU5WtvgKccTJJqzaChMjhAx,tron,USDT,issuer_freeze,,,2025-10-28
THwk5iqCSZUFqxasEcNPeqV8gGprtFaV6B,tron,USDT,issuer_freeze,,,2025-02-05
THxFRcfzTEDphWYbpuLzmtkKjmtwP47RRs,tron,USDT,issuer_freeze,,,2026-05-01
THxWNCUY17uwRXv4tXWyC6o8KGcLsi5rGJ,tron,USDT,issuer_freeze,,,2025-09-16
THxmr65eZNTD1SgS7PkSWoQ2nDgras9k8A,tron,USDT,issuer_freeze,,,2025-08-07
THy2dVfuPpdtSTXq571omBRnfXjpp78Von,tron,USDT,issuer_freeze,,,2025-05-12
THyUVpHPscBH6hVDTMdTS7fz8vQxT7KFj3,tron,USDT,issuer_freeze,,,2026-02-11
THybbSBpigBLQBpa8X8AkttmvcPf6NYfYP,tron,USDT,issuer_freeze,,,2025-07-12
THyc7E5kDtm4ooGGVbKRVD5sYDfWVLsZrE,tron,USDT,issuer_freeze,,,2025-03-10
THyzgrf9pbwuiCq8E2c7aZ6moVXwv74ExF,tron,USDT,issuer_freeze,,,2025-07-18
THz63eqo48pKhdHgAbQrwGuZc1Zm236KCt,tron,USDT,issuer_freeze,,,2024-06-05
TJ1ZcbKaqvw8f8Gbmab5GUeZnndNMha5kW,tron,USDT,issuer_freeze,,,2026-09-11
TJ1nx1U2r8spwBAafqTboqZzFsKxYiq1ne,tron,USDT,issuer_freeze,,,2026-03-29
TJ1qzno2dxthVqLJGcmF2pxL6yVzPRnkQ7,tron,USDT,issuer_freeze,,,2025-12-24
TJ1ssToAujaTEVJmu2MFDhgWc1zACXjdQy,tron,USDT,issuer_freeze,,,2026-09-13
TJ1yfU1V3QQ9bpnhWsuiS61jJHyxqQ811B,tron,USDT,issuer_freeze,,,2024-12-05
TJ2JvGXQ1E2Gbk1TWzASdYHvSa1TNLmcK7,tron,USDT,issuer_freeze,,,2026-04-22
TJ2oLjAhCv9QdzwL66F7TTYerLaKKYjM3B,tron,USDT,issuer_freeze,,,2026-02-22
TJ3AoSwvUAXSwPGfDBFk4Ea2QtyHMMwShM,tron,USDT,issuer_freeze,,,2025-04-15
TJ3ChNvyvunRh6z2BbksXteoymgKqmRTwN,tron,USDT,issuer_freeze,,,2026-05-20
TJ3F9sDmhTdXY1h1sa5kgsoQcbjujtxgFG,tron,USDT,issuer_freeze,,,2026-05-02
TJ3QjW1rSQRF3ktfDE7DpsfAS67T24GLjU,tron,USDT,issuer_freeze,,,2025-03-03
TJ3frYweVBhHnunH41DMr49xBLanar3a1R,tron,USDT,issuer_freeze,,,2026-03-14
TJ3yVMKn4r4xY5PTpfH7HFQBCaJNcZqxLY,tron,USDT,issuer_freeze,,,2026-08-31
TJ4EBaPN7yJu5CbKWvdSBTMKgd2MS5Up3X,tron,USDT,issuer_freeze,,,2026-07-16
TJ4Tk6yHCXgx9dS9ASrp4MM7hhKi7wk4c1,tron,USDT,issuer_freeze,,,2025-02-10
TJ4WwPpZKXZoBGyv2Cqhcoid1NLuCWo4vJ,tron,USDT,issuer_freeze,,,2026-03-20
TJ4c2LnvgZxreyp8jePUKt1Fz1u6BE1nL2,tron,USDT,issuer_freeze,,,2026-03-11
TJ4gV272tfGy1a6kaWM9Dx8J3PCrk31CYF,tron,USDT,issuer_freeze,,,2025-04-04
TJ4tsPupMWvEKkmpqpvmSf4UmaJWJBUXbT,tron,USDT,issuer_freeze,,,2024-05-10
TJ52gysQxZDHBp3QJRx6LFYHbudnExWWoL,tron,USDT,issuer_freeze,,,2026-05-14
TJ5XoxDTuEE911yW5fgc5fydrA7r4ZeXzB,tron,USDT,issuer_freeze,,,2021-03-18
TJ5dGi794ZWeSL6XVQbJg47ct7zbxZYpRD,tron,USDT,issuer_freeze,,,2026-09-12
TJ5qxKuYMQQiBU1Xq6vqeiZBmiXyW41YuM,tron,USDT,issuer_freeze,,,2025-05-16
TJ5uxiQt3Pc4X8PMQgtVnLpzgnWayV2y7W,tron,USDT,issuer_freeze,,,2025-07-12
TJ64RiAXM94oDQsFQGua7B5ouSuY51siB7,tron,USDT,issuer_freeze,,,2026-01-17
TJ6NkHjJCVnqXrHuAdoWGoUV2QDSsDgjV3,tron,USDT,issuer_freeze,,,2025-07-07
TJ6PMDdews8EnHYX3kDms6rJxoLpagoWys,tron,USDT,issuer_freeze,,,2024-10-28
TJ6RUZwBDJkcuUxwmUNxaWpMNhG6NyBAvN,tron,USDT,issuer_freeze,,,2025-04-28
TJ6x4Wap7xD5ZwNPcCHdmm3ygYWgdpbi7u,tron,USDT,issuer_freeze,,,2026-04-29
TJ6xh4928WvGGfrmytYwVxsYBbNJNKL2US,tron,USDT,issuer_freeze,,,2024-09-17
TJ7WtzYeuLKTvzTZav5imFF4mb2UQ63Whp,tron,USDT,issuer_freeze,,,2024-06-17
TJ7r4jVDz9DTmofkkwxyK1Gma8SHjHFLPJ,tron,USDT,issuer_freeze,,,2026-06-01
TJ85S8z9Uape7KQ1qsiPkczBNvUQUBjW78,tron,USDT,issuer_freeze,,,2026-09-13
TJ8HxkTcjMAsgbh4FCpdKir9sFVtWJKwwG,tron,USDT,issuer_freeze,,,2026-04-15
TJ8LhknYeC3niKcqNmgzyrJeP5BsV5yQkn,tron,USDT,issuer_freeze,,,2026-06-01
TJ8MQ17Ky35svnn8ahkmRVDRGpDTyJFZBw,tron,USDT,issuer_freeze,,,2026-07-31
TJ8YCDAxkm6uvqGLreYUHqMoECeQagaMSw,tron,USDT,issuer_freeze,,,2026-08-07
TJ8tvVijjKrxdnKQWaivnLLNPXnuMZv63p,tron,USDT,issuer_freeze,,,2026-06-11
TJ8uNRcDwM7Jz8Fzhbb4JsNrHeiE457bU7,tron,USDT,issuer_freeze,,,2025-09-24
TJ94vG4Uw7WMub2NF2ypqeoLD7dSWqBw17,tron,USDT,issuer_freeze,,,2026-05-20
TJ9FdKcdhZn2xu9uHuQcFxm3YZVZEqQRcj,tron,USDT,issuer_freeze,,,2025-07-12
TJA2KjVzL2ixWQzci7Zr8zMzouWtHJo9pz,tron,USDT,issuer_freeze,,,2025-11-04
TJA67LDNwdkjUrXiGCa54YfqEqXML61jAz,tron,USDT,issuer_freeze,,,2024-05-24
TJAQbbQXmqo7RjLm2aywAUCnaQ6hmG2RcZ,tron,USDT,issuer_freeze,,,2022-10-06
TJAWXrDsEpqNZndGiF8aka3ywpuyB4tX88,tron,USDT,issuer_freeze,,,2024-03-24
TJAaoRxna5omxDCv6DsELmmCnyPQA8iZkL,tron,USDT,issuer_freeze,,,2022-12-08
TJArwBnR4xWK4d4BzKXbBWZEDv3m3zt4cN,tron,USDT,issuer_freeze,,,2026-01-31
TJAsRiyNFrV5ZpG2No6MYmTe8UNsJ22dwc,tron,USDT,issuer_freeze,,,2025-07-12
TJB3bbcGeYttY2nRAvzz8BJKC8xPZW4J73,tron,USDT,issuer_freeze,,,2025-11-04
TJB5UZJazm4Qz2PoqJvtaH6ajXmNBtPN6G,tron,USDT,issuer_freeze,,,2026-01-21
TJBXYnYQRs2rw1VE1b3CK8xLQoaBbUT7bQ,tron,USDT,issuer_freeze,,,2025-06-04
TJBstCnK9Fjc7pKW9BVsPjseVQfoTxwGEG,tron,USDT,issuer_freeze,,,2024-08-09
TJCGe8WfsmKfzPGtXYQFsscWASvznTJky1,tron,USDT,issuer_freeze,,,2025-07-12
TJCPJ4ZzG1NsRsLPcW3WDFzWULpP6GpfyD,tron,USDT,issuer_freeze,,,2025-07-11
TJCUf14tC6TJ3Fsp7JUNMXpc8hLywCYkMT,tron,USDT,issuer_freeze,,,2026-05-12
TJD3h4oLzM6rQ4Fb5UgfUJhnUYZQh8FQmg,tron,USDT,issuer_freeze,,,2025-03-25
TJDWU1kSjsrFAcocayk9MCVPmXrB2ANdC9,tron,USDT,issuer_freeze,,,2026-02-04
TJDq8UnyK5p1JTBXbW8nTxZVksjPSESdYU,tron,USDT,issuer_freeze,,,2025-07-12
TJEHPvKJNyTddnMX5Vn9F4FcxXWr4vn2BW,tron,USDT,issuer_freeze,,,2025-04-07
TJENFakbmWd6biswsk51gmQJgesbqk7CgD,tron,USDT,issuer_freeze,,,2025-04-10
TJERf3h7F7c3J1afe62Si7CrG8GA1A6e8W,tron,USDT,issuer_freeze,,,2025-04-22
TJEVVorH3pJmhTHD5vCJdw6HUsp4s3nT2T,tron,USDT,issuer_freeze,,,2023-12-06
TJEjiGHewU7CqQHsLA4F1FWsVyQ2t1BLuw,tron,USDT,issuer_freeze,,,2024-06-26
TJEpYoAt5zThWVx4jotaTmjQuduwaqACFj,tron,USDT,issuer_freeze,,,2024-09-17
TJEqM8HfvZcznAFs2QBk5AKjrGGse2GCSj,tron,USDT,issuer_freeze,,,2025-04-22
TJEu3RoydjG2quzTqiLqnr98nfpQ4Vn7oo,tron,USDT,issuer_freeze,,,2025-03-10
TJEvCAQPpWB5HDXzU7sTynm6rG5NcTRSqL,tron,USDT,issuer_freeze,,,2024-06-07
TJF6zNgShF6iTfvHaW1UvQ8Uky7Bi5xEYv,tron,USDT,issuer_freeze,,,2026-02-26
TJFpAjsBgTmXQPhHsKVr4qA8Xqvd3H2nAV,tron,USDT,issuer_freeze,,,2025-07-24
TJFtNEXwbBL2oFHUg5vF9KPU3XUiWcgjHC,tron,USDT,issuer_freeze,,,2025-11-07
TJGBCviPKtaTdY1Nk7S7TGHVBNjRAdFM8f,tron,USDT,issuer_freeze,,,2025-03-03
TJGBbjq3C2hWWPMo6bm9ioZVBg3xcZkdjr,tron,USDT,issuer_freeze,,,2024-10-16
TJGBmMBxWan8NNFr2srg9q8zKcHAyeMaU6,tron,USDT,issuer_freeze,,,2024-11-04
TJGFKCYFLQ1iZwx6EsWoRtXsEMEXgDvzFJ,tron,USDT,issuer_freeze,,,2025-07-07
TJGTt6FPWqGtsgy2tqF4wc6a7DmDVZNbYH,tron,USDT,issuer_freeze,,,2025-08-08
TJGf1rBgthJfHZMqdPNYoj4xuG9H63BvSE,tron,USDT,issuer_freeze,,,2024-12-20
TJGpKWQtPqEhz9Ycg9AGa5U36yERMBfVKk,tron,USDT,issuer_freeze,,,2026-03-31
TJH3AnXHLPXzFTEo3pznofgwRcATx7yDBP,tron,USDT,issuer_freeze,,,2026-04-28
TJH8DP1XdhNWj7FoDKDhgh7cKryjpQ9jZz,tron,USDT,issuer_freeze,,,2026-09-12
TJHM5proT3sW3eNGULMEpNK7EBqeAZUhpD,tron,USDT,issuer_freeze,,,2024-06-19
TJHV5y9oEDVR5pyWsaqJfYCwotKD5LoQG3,tron,USDT,issuer_freeze,,,2024-06-17
TJHXX8BmbgyLo7qm8g9dDMf5HoAXf8qgyn,tron,USDT,issuer_freeze,,,2026-08-14
TJHYdjgVWArHcFF3QDtR7ygkXh2yENJ9Ef,tron,USDT,issuer_freeze,,,2025-05-26
TJHiR2tCG54cdF1CkENgGpbCFs8RUNiB9V,tron,USDT,issuer_freeze,,,2025-04-30
TJHpgtYUVsWzGbZFHWtHrwJoP62dE7TLD7,tron,USDT,issuer_freeze,,,2025-09-11
TJJPQFH8WTQQxSn77CYiofCH2oxAAe7wQ8,tron,USDT,issuer_freeze,,,2026-04-05
TJJWTig1ee2uSRT1H4b1U6egWwu6XpJKAL,tron,USDT,issuer_freeze,,,2026-07-09
TJJZa3Tgn4sJo32Z73P8r11bpwgSsgQHgQ,tron,USDT,issuer_freeze,,,2026-09-13
TJJbAGLDzQPXnMPqupreTso99Gptbb3xo5,tron,USDT,issuer_freeze,,,2025-07-12
TJJbpmGgqGuY472R7vfHEjijbBZgtx9hEt,tron,USDT,issuer_freeze,,,2025-11-19
TJJkwYS4EMYL5T34eDRqyGzbs18bwbdEHC,tron,USDT,issuer_freeze,,,2024-06-06
TJJuwhoxM7dicJXBtfvU4mAmfvDkMBftNT,tron,USDT,issuer_freeze,,,2025-07-12
TJKHjdGm4jo5uASZGJB2BNVTt61ADoYtbX,tron,USDT,issuer_freeze,,,2025-07-29
TJKLmCYprEVZQQ8NowfhjXBFUxqpE9T9jA,tron,USDT,issuer_freeze,,,2026-02-18
TJKXGGiSNCxgAjibk5TXoN2FngwdepCiLi,tron,USDT,issuer_freeze,,,2026-07-09
TJKcCj1N6JcjW2XraeP2svQwYZLSappaPP,tron,USDT,issuer_freeze,,,2025-07-12
TJKrpyiLTWmx4WEVf7v9gs58K1AuAawmrt,tron,USDT,issuer_freeze,,,2025-07-12
TJKun5wPmkKtBLEL26dWnzDxfYYsqxAJ3Q,tron,USDT,issuer_freeze,,,2026-03-17
TJKzN39qxQuoS4mUSu1uzUM7uRGQ2kBaop,tron,USDT,issuer_freeze,,,2026-09-11
TJL2LzCHieWKqt6wEBpyBUEBYiUngJyncE,tron,USDT,issuer_freeze,,,2025-11-20
TJLAnLLUo6xCgAYAgbs8Vro5ggW2YZS2p8,tron,USDT,issuer_freeze,,,2025-11-13
TJLKhv4UxBxogB3YvNF9nmkUUnMbc25MQY,tron,USDT,issuer_freeze,,,2024-04-26
TJLVcw6yyyzh3WufVZcJ82TfqUsQT8aUH2,tron,USDT,issuer_freeze,,,2025-09-11
TJLYAxJnUEgK5rdhuxaPg4SLQPP8j1wBdq,tron,USDT,issuer_freeze,,,2025-01-08
TJLdX9tToRjYx9ratQkQNN2UBdZpquMvFK,tron,USDT,issuer_freeze,,,2025-01-11
TJLuMzBfen9ujsAFTaEcmGAZY1ntKyvFY4,tron,USDT,issuer_freeze,,,2025-07-15
TJM34BpgXhmRRS5fshwwXyArKeiGq9mGNK,tron,USDT,issuer_freeze,,,2025-07-08
TJM8vo9C3VmW91kiXcHsrQevnrZShpyrcx,tron,USDT,issuer_freeze,,,2024-11-08
TJMK2fyiR9Q8NXFj9brSjFxGkt2PsbJeSg,tron,USDT,issuer_freeze,,,2026-03-29
TJMQuNacf7ijmEF21kK825uutMh7URnpkJ,tron,USDT,issuer_freeze,,,2026-09-12
TJMYLyqdAq6o4CF66MLqrto536jwRE9U8T,tron,USDT,issuer_freeze,,,2026-09-11
TJN5QvzKP23HjV9dLpKadUmr6oLt6P1Vu9,tron,USDT,issuer_freeze,,,2026-05-14
TJNvoDZwDQPQT59tquxg9ExAMtycPe4iF2,tron,USDT,issuer_freeze,,,2024-06-21
TJNzBsTok6xcmmtp4MKXqSATru62HaWy3y,tron,USDT,issuer_freeze,,,2022-10-26
TJP1Tgn648gnTWw8yBJRakbPFZzfu62EJb,tron,USDT,issuer_freeze,,,2022-10-06
TJPEcU8TdRbk2EDdyVFe2R2gwRFsDggxxQ,tron,USDT,issuer_freeze,,,2024-05-24
TJPEttMit21rV3hBGJhRBWP2RXGKkDZhFP,tron,USDT,issuer_freeze,,,2026-08-04
TJPG8XnDFSxgLct2hbSaAdiHko5uuDExSr,tron,USDT,issuer_freeze,,,2024-05-31
TJPJAek58Gq4fmupuEZqwASFKCPX4x3A7v,tron,USDT,issuer_freeze,,,2026-02-05
TJPLPZdioy8eVCxYCgQUhVaYuCKhYZ1Aba,tron,USDT,issuer_freeze,,,2025-04-04
TJPPBNU877t6XqVjWGtGdgQj1PmQWiRnoS,tron,USDT,issuer_freeze,,,2025-04-17
TJPUCffcPWCrgWLXZriahq6kpnmj4iRsmN,tron,USDT,issuer_freeze,,,2025-08-14
TJPYUqECvnbzJXGmmZggyAaPjzsqxBpFcr,tron,USDT,issuer_freeze,,,2026-09-03
TJPwbxw4Gp1rzddUUg5ctqZYtnCEGzoEHs,tron,USDT,issuer_freeze,,,2026-01-10
TJQ33LKkTr3aGU62iUtNaWhE5oH2YJDsha,tron,USDT,issuer_freeze,,,2024-04-16
TJQ4rbmG3cwsR66xci2kaw12MayigAWFdg,tron,USDT,issuer_freeze,,,2026-08-07
TJQD4Q5XJLncjUR2RfC9XoUKMdJMiDMwsH,tron,USDT,issuer_freeze,,,2025-09-19
TJQEqAs1NSurBh96PmEnRQq9WFHq4UFLo4,tron,USDT,issuer_freeze,,,2024-04-09
TJQU3m1TnvpprPy4sN6evL1jvxKJsUAjDc,tron,USDT,issuer_freeze,,,2025-03-27
TJQqr1nuCd7HtWeXdSFqeuCsmLaJYAgwJ4,tron,USDT,issuer_freeze,,,2026-07-10
TJRRkoTkG4BFWjkKmUtfob4NjtcRECTQDo,tron,USDT,issuer_freeze,,,2026-07-22
TJRmD2qxVQFc3fDKCQCQ9otbEvtqEt2cVq,tron,USDT,issuer_freeze,,,2026-09-06
TJRzN9PL2WCCoGEMQhBz7SngvHpSH6kY1n,tron,USDT,issuer_freeze,,,2025-07-11
TJSQj564BJtPnCV8xyyvNaqUuSSo2zm4Kf,tron,USDT,issuer_freeze,,,2024-06-26
TJSfsNzE6sNLaqWLKBU9X5CCTjP9Wq9mkS,tron,USDT,issuer_freeze,,,2025-07-12
TJSr34wfhS9z2SVdTefkQS2jtZsfFpvzE4,tron,USDT,issuer_freeze,,,2024-08-10
TJT7P4GgSXEskqwVgAihfhEH7DsnEuyt9A,tron,USDT,issuer_freeze,,,2025-01-16
TJTF2MUycm7ZTg5ty8DQmjiLbcAht3e8YC,tron,USDT,issuer_freeze,,,2025-08-08
TJTaWQwXkKQreETGDvAS2xzRPQUBaYhHcg,tron,USDT,issuer_freeze,,,2025-07-12
TJTcUobvDzbctZJ3ch3d5ZtbDnLypK7xqh,tron,USDT,issuer_freeze,,,2025-02-22
TJTrmx71MPjdSdgod6FoS4XGTbU8QntDXq,tron,USDT,issuer_freeze,,,2025-11-22
TJTt9ggDJTFKvk2eE5JyBe3WVVT655AYoj,tron,USDT,issuer_freeze,,,2025-07-07
TJUAyKEGDeNLt2VgH4PwTDpBBaFpVExrVw,tron,USDT,issuer_freeze,,,2025-09-04
TJUBAFLrRy9pQfibx1nWFMp2wM2AUrpcPq,tron,USDT,issuer_freeze,,,2023-12-08
TJUEwJykrikdh7eGwJXtXFVvAvqHMUbiWY,tron,USDT,issuer_freeze,,,2022-10-06
TJUa3imeRrw7tz12t5ZoUfuGiHMk6c29PS,tron,USDT,issuer_freeze,,,2026-08-27
TJVB8gDZt6GS9RJfiXEeSBqj3io5sxU13X,tron,USDT,issuer_freeze,,,2025-02-11
TJVHRTVkAYcPSjTWEqtYNLbYkn536MMSsa,tron,USDT,issuer_freeze,,,2025-06-20
TJVXcFZmzyAjGGNpeAd9o2PkqSnP2FQmfr,tron,USDT,issuer_freeze,,,2026-05-04
TJWfTjDL1ATrvSGFYGRUnDikyXrXAtFsAg,tron,USDT,issuer_freeze,,,2026-05-06
TJWhPdAQYA3unNPJGuncknAXq2vH2QXXMv,tron,USDT,issuer_freeze,,,2026-04-29
TJWjtAGP5DapjWS24citW372zyoDKo4dWZ,tron,USDT,issuer_freeze,,,2025-10-06
TJWm3AnizNpPBdUqeKw5XikU1uxFarNERu,tron,USDT,issuer_freeze,,,2025-02-10
TJXRy6WKS5LRa4w8VjNAbh4VqHNdcTdXks,tron,USDT,issuer_freeze,,,2025-03-11
TJXUGknpdibZaAaLUhnKtRX9ZEh7FbxcBe,tron,USDT,issuer_freeze,,,2025-07-12
TJXaLUkFRhYWrTpcwNMRWFnisHwckyrADb,tron,USDT,issuer_freeze,,,2025-10-28
TJXdX2idmi8w3saDySsr3MqmKpW8zuftAg,tron,USDT,issuer_freeze,,,2026-07-23
TJXqs4VT5Nwr8Syf5tjtzfCvJaStsJz1eE,tron,USDT,issuer_freeze,,,2026-08-07
TJXt5M81tUZfChw5LJbDSkbD87afbzsrou,tron,USDT,issuer_freeze,,,2026-08-20
TJXvLJPduVa6kfLCizL8QVcNSgHzo2w6Pq,tron,USDT,issuer_freeze,,,2022-10-06
TJXwMftY1SJDA7CF8sGLducpnzudp8TJB7,tron,USDT,issuer_freeze,,,2025-07-12
TJY4iREkProgXp46etYU7oisEghH8C5RqV,tron,USDT,issuer_freeze,,,2025-05-16
TJY7gmJA8cSQ92rSZFAJ5uKngL6i7wEU8W,tron,USDT,issuer_freeze,,,2025-07-12
TJYViXkREKmh4aCkr2hsd56km6tVK4jv5L,tron,USDT,issuer_freeze,,,2025-11-14
TJZCvwVJDGBtwhyfUKd98yFftCMN25mq7d,tron,USDT,issuer_freeze,,,2026-05-27
TJZPy25g6Yk1iBvA3ACHvSXwMqaWTCAhfa,tron,USDT,issuer_freeze,,,2025-07-08
TJZRXpbpz2KTJZoBrXWUp4CPdrRQjHu25m,tron,USDT,issuer_freeze,,,2026-07-18
TJZWJAtvD9kYjHyjMBVR9DWj73NSpQH1av,tron,USDT,issuer_freeze,,,2024-05-23
TJZjqZximapgiuqZDznv4JpaTuhfcEo5G7,tron,USDT,issuer_freeze,,,2025-03-05
TJZqq8kMsJGgq5W7TmSJErkmkSTbXqTW9d,tron,USDT,issuer_freeze,,,2026-09-02
TJZspaTBhuuECxgVPQgwPkpkRDoyrxLYJH,tron,USDT,issuer_freeze,,,2026-07-17
TJZvmN8wpqEGNzePjbrcXaSr9HiXCEjx9L,tron,USDT,issuer_freeze,,,2025-07-12
TJa3WrwYThGHdoc1LUURjni3xRfzi48jMc,tron,USDT,issuer_freeze,,,2026-07-01
TJa6XSDfNwxBT348BBAnabkmsCDpT6APco,tron,USDT,issuer_freeze,,,2026-09-13
TJaBdBkLPWb28DGFmtfny9EbY3mK6nrt6h,tron,USDT,issuer_freeze,,,2025-11-18
TJaNfyQUVt22pNoVomK3MaKApihbEBmgE6,tron,USDT,issuer_freeze,,,2026-04-03
TJaYQ4DzsUr2trMYpSZnU93ZuDvdJq18Ro,tron,USDT,issuer_freeze,,,2024-10-17
TJaenoT18DqziA9FhQJ6j2f7aWutUQj4dF,tron,USDT,issuer_freeze,,,2024-05-24
TJarcvYFKdtTWyKdkDWoyNsYx73h3fFTxi,tron,USDT,issuer_freeze,,,2026-01-19
TJavfWqu3NtjfvjrGBmayEtn6LZsVSfHEw,tron,USDT,issuer_freeze,,,2024-11-23
TJb4ppxKMVaecQ5xJc3Jez3L3mogizsVMs,tron,USDT,issuer_freeze,,,2025-07-12
TJbJZMsqgokRvPtTy5EZE2DJEqrx1gZbTY,tron,USDT,issuer_freeze,,,2025-07-12
TJbNim2NSR9ddj15oTgc8zQea3WBBP4phx,tron,USDT,issuer_freeze,,,2026-01-19
TJbgecXC4reKHNDsXx8PzGfDNAxDXEp7eE,tron,USDT,issuer_freeze,,,2025-05-16
TJbiUedYkF4Newrv6drBqHLB5vmEgKFFzK,tron,USDT,issuer_freeze,,,2025-07-12
TJbjToJuNtRcsWJuGwN93UUmcVTJ2JPFH3,tron,USDT,issuer_freeze,,,2024-06-03
TJbnyjtsSnjdtixkMv669GSLvNCN7JBSRb,tron,USDT,issuer_freeze,,,2024-12-20
TJbp3g9Kbr7sp7wZMArwSe2zL72y4pum4j,tron,USDT,issuer_freeze,,,2025-10-28
TJbpzm91YiNCvBDzozLjyDNNrb9acmB9H2,tron,USDT,issuer_freeze,,,2025-10-23
TJc4Ps6SemYCWtAnYZVP88GJt6qi7vPZke,tron,USDT,issuer_freeze,,,2026-03-26
TJcHPsPiUtZhWWxuCgamfiJbJWZLmdQjZX,tron,USDT,issuer_freeze,,,2025-04-17
TJcLnsRNGkDyHnids1jcDtAhJZ16FbUwGD,tron,USDT,issuer_freeze,,,2024-11-04
TJcQkjTu4y1aDqUwLd7k7REYhW8BEXBJc3,tron,USDT,issuer_freeze,,,2025-07-12
TJco2fqjPrJ8fSuJ3B7QuEimqNm3AfurZB,tron,USDT,issuer_freeze,,,2025-02-07
TJcv55aLyga5cXmotejHWc2ezRshb7Wb4R,tron,USDT,issuer_freeze,,,2026-06-16
TJdQMxrz6wjxhDNHXjgnSGYv9hdXMKBXbp,tron,USDT,issuer_freeze,,,2026-09-11
TJdTWNG8YdADcXHZg9ea1hnruNdMN5i4p8,tron,USDT,issuer_freeze,,,2025-05-26
TJdia5ZzUmrGGnnhPrF853QFFz9MZBQKWz,tron,USDT,issuer_freeze,,,2025-07-12
TJdrDmYN2X7TXmF7Yjz3GbTgTobYJvXQMR,tron,USDT,issuer_freeze,,,2025-05-30
TJePy7n4UdSs41AAxKtHx2VeVsjm3QAEUu,tron,USDT,issuer_freeze,,,2024-06-18
TJeXrsFBJToXDdpbizgU1MENiQ9ScuDfbT,tron,USDT,issuer_freeze,,,2025-11-04
TJeh5fXJttbypanF2FMzgu42yqXnc5BuWw,tron,USDT,issuer_freeze,,,2026-08-08
TJfUeVFgTnF5booeRazVVzvpFpwc3xFSMy,tron,USDT,issuer_freeze,,,2026-07-23
TJfgEFRc4yrZwGVV4YJ26SdC1qgzf6wErH,tron,USDT,issuer_freeze,,,2026-04-24
TJg5BqTXzHnc9EuUuUcJEGWjuhZGiWZUqj,tron,USDT,issuer_freeze,,,2026-05-01
TJg6Ykat9tw8TSe3c36xqkQFGMWHHQgTxP,tron,USDT,issuer_freeze,,,2025-11-22
TJgnzUzZhaaWBuzuMG1heCU3rv93qbfB1K,tron,USDT,issuer_freeze,,,2025-02-22
TJh13L7tcAuZMhs6YebaYn1HryW4jjXopC,tron,USDT,issuer_freeze,,,2026-08-07
TJh9bMTuC7hivNLef1zGkvoJP6caJj24EP,tron,USDT,issuer_freeze,,,2025-09-19
TJhGDpjxWS7oEvMki22RmWSCjUKh1aqcks,tron,USDT,issuer_freeze,,,2026-04-24
TJhGGiJZ48KK4Nqn27BVFaQDTAdVM9LssE,tron,USDT,issuer_freeze,,,2025-07-13
TJhPFGeYVPBjeAhR9VrqJMSdXQjuCqqxZG,tron,USDT,issuer_freeze,,,2026-01-10
TJhVmeHgVhKKDX8Lqavd7h51iWGexdnEsK,tron,USDT,issuer_freeze,,,2025-06-20
TJhXCnUp57FwZCRE4mmMKPbNMXxrwrfZp6,tron,USDT,issuer_freeze,,,2026-05-15
TJhmSrfi8oaHz2EHk7XLH4LW4Nfni4ufgd,tron,USDT,issuer_freeze,,,2026-09-12
TJhtpWvwRDs1jF61bPb33hiaYSXi2Z2jMX,tron,USDT,issuer_freeze,,,2025-05-02
TJiRCyPwmwGtgp3MhzDHuALhR9evjwUt42,tron,USDT,issuer_freeze,,,2025-07-12
TJit9oxaNWYNCxfw5Psf1Q9NmSCsv9ASRo,tron,USDT,issuer_freeze,,,2024-07-23
TJj8WtoeG4F7Ts1wjbviitLYeevGe1GdZt,tron,USDT,issuer_freeze,,,2024-10-26
TJjDYYGLzZdxqLwejefVNiZfWaUNAqMfvD,tron,USDT,issuer_freeze,,,2024-09-02
TJjbm9ZZmtUJi1azhZk4TiV6uAyMybr68B,tron,USDT,issuer_freeze,,,2026-05-05
TJjkfoFGQHVJ4BZLRUv3XqHjJgGkHWDcWq,tron,USDT,issuer_freeze,,,2026-09-13
TJjxyrW7eowipwar8nKjGf29hKBPettovp,tron,USDT,issuer_freeze,,,2025-04-10
TJkPpiUHv1Zkx2GRxa1ubKNhhuz45ak6xc,tron,USDT,issuer_freeze,,,2025-07-12
TJmdYRVNUcZnvHmahGYf5HH18N3bvYks3r,tron,USDT,issuer_freeze,,,2022-10-06
TJmgLxy96Acp2FC6mDgaENnjYVD5GQgtMi,tron,USDT,issuer_freeze,,,2024-06-10
TJmkSb6t6WgRYWPKFWS9ZmSbcfB1FhbDL5,tron,USDT,issuer_freeze,,,2025-05-09
TJnAxQKJZ3BuN4UBjU2ufStdSUGaUR3Zua,tron,USDT,issuer_freeze,,,2025-07-12
TJnEobrjj1KmTX8yPfoDsY4EctYASQnkYv,tron,USDT,issuer_freeze,,,2025-04-07
TJntL5XJ4ZC74gmU61pc7m7coR1Yq6YbC2,tron,USDT,issuer_freeze,,,2025-08-08
TJntYhsYWZEZHwq86kcBxjDYJ4iHfdBeiK,tron,USDT,issuer_freeze,,,2026-05-01
TJoDtbGa41Km8XLcrsprMe5F85cVYANxZX,tron,USDT,issuer_freeze,,,2022-11-29
TJoVnZtL8wJkiFYM8wNuv97rGzPWfHyomj,tron,USDT,issuer_freeze,,,2025-03-03
TJopRhYMDi668GuCkBLRn9fcgP4jRZeBAH,tron,USDT,issuer_freeze,,,2025-12-08
TJos8GDXApp6rNW9nXq4cqTc9Qi5WCEmcB,tron,USDT,issuer_freeze,,,2025-12-24
TJpL6dxJtspp1YKJBSY2Nrxx1ztpP8TnB9,tron,USDT,issuer_freeze,,,2024-11-12
TJpjfTJp8yLi4F82tjrh52jPW3ZcZtNA73,tron,USDT,issuer_freeze,,,2025-07-12
TJprSh2VgwJKmBc5xCeDwCX1m6z7sSBbcr,tron,USDT,issuer_freeze,,,2025-07-12
TJqUC56SDZ373JYRurzXtMcor2HQvN9BaU,tron,USDT,issuer_freeze,,,2026-06-08
TJqXc75ic1JEJXy33oHonqeeUgPKN1MEGL,tron,USDT,issuer_freeze,,,2023-03-20
TJqZZMoA5gYqVAXY7fGiSdLkqB1hYvJQNj,tron,USDT,issuer_freeze,,,2022-12-28
TJqgQXnaDMiiyKcNP424HMUMEubxyRjnPX,tron,USDT,issuer_freeze,,,2024-12-04
TJrJFa8c85VmPNb5MKJTiFaAMHeKiTn6Yy,tron,USDT,issuer_freeze,,,2025-12-29
TJrNyv9RvoAL3GELccATtwgBy8sqrFVKT3,tron,USDT,issuer_freeze,,,2025-06-03
TJry1Khey9UQ49o7JPHxZTqb4XUo1Czch5,tron,USDT,issuer_freeze,,,2025-07-12
TJs5SeFsuT69c8SAj1V496zG8JCycckZMW,tron,USDT,issuer_freeze,,,2025-08-08
TJshRk8wHQbyvPLvspfukNNL8CNHHVb7HX,tron,USDT,issuer_freeze,,,2022-10-06
TJsk6Msn8qVAjDfdETHAgxBkXyJ1ziSTNX,tron,USDT,issuer_freeze,,,2025-08-08
TJsmvhc7uUMRm2g8esg2x8PNv6D8GNSoM7,tron,USDT,issuer_freeze,,,2022-12-12
TJsujjYZyuunp42utQjyHJ5MDbpt9ryaXK,tron,USDT,issuer_freeze,,,2023-10-02
TJtFfuosmF7Ys1ML3NpV2V5MbpASvZy2Qe,tron,USDT,issuer_freeze,,,2026-04-20
TJthyP4WXto1amCRVCJ8h33rAKzAeZsbsv,tron,USDT,issuer_freeze,,,2026-06-07
TJtmmnP6r55PU19fgQDhnkjaT7oMUAnWuz,tron,USDT,issuer_freeze,,,2024-02-02
TJuJrgwkXioiefmJAZMKp18Y7X35LL8u3h,tron,USDT,issuer_freeze,,,2026-09-04
TJunpRjUdinfzgVfFxAwHC5EtZzEegzt5t,tron,USDT,issuer_freeze,,,2023-11-09
TJvDktUUddywqUCswY6CX52QWDxx3JKMHX,tron,USDT,issuer_freeze,,,2025-11-19
TJveYZv9QcdTLXzpVSnEhFPUkcBQqJQPVi,tron,USDT,issuer_freeze,,,2024-11-27
TJvgTaejjTr5xQWhWEvfwX1X5qhr35d4xj,tron,USDT,issuer_freeze,,,2025-08-08
TJvkkzM4x4XDfG639UaKTTeek3WkfQcSkE,tron,USDT,issuer_freeze,,,2026-07-31
TJvksksjwVvNRuxHLEkzkUeAoN29tSrrBH,tron,USDT,issuer_freeze,,,2025-06-20
TJvohgoi6NxT788AbvPwsb7e5ySHDTz5Pk,tron,USDT,issuer_freeze,,,2024-11-06
TJvtKCB2ZTufoRHrqTS8d6PSpQoZ7QKRNj,tron,USDT,issuer_freeze,,,2025-02-10
TJw8gx2EiUm27Sq4iv86GEvW91uHy8zAs9,tron,USDT,issuer_freeze,,,2025-07-12
TJwAqeD8Eq76yZFmKG4gGUEyH5MibgSmr4,tron,USDT,issuer_freeze,,,2024-07-17
TJwBxYcpHedjqjzbHytVwsAN2ZsDNjDSiq,tron,USDT,issuer_freeze,,,2025-10-16
TJwEyRKXsLCgSvWqnYzZDV6mQASiwQYpZL,tron,USDT,issuer_freeze,,,2026-03-10
TJwJxVs9YbVw46yCn94ArwVuCBojjYzNrW,tron,USDT,issuer_freeze,,,2025-09-15
TJwaP2Fq8bFvddNv4byJWRMYSv1YqHbjKR,tron,USDT,issuer_freeze,,,2025-05-31
TJwkm9g2dc17hTTuruDt7bGcx86STFuWkS,tron,USDT,issuer_freeze,,,2025-07-12
TJx89sMJxecoqGgqHWSMAkT12CS9QA6sPJ,tron,USDT,issuer_freeze,,,2026-05-02
TJxHby5Hn83iJKMYHP4pJFAk1oQHyB968z,tron,USDT,issuer_freeze,,,2025-07-12
TJxQcVxfJJZyuv6NPZUnz6tXf7j1mUfXTh,tron,USDT,issuer_freeze,,,2025-02-10
TJxWUtQbBKBM7JD3D5HJxPVuZRGGuXpvSa,tron,USDT,issuer_freeze,,,2025-02-19
TJxXRtryuLWTdALmWJTiBiPwKc6KL2Tba2,tron,USDT,issuer_freeze,,,2025-02-10
TJxaPKkbE2aFTUUcKN1PuJLViF2bFBTm5C,tron,USDT,issuer_freeze,,,2022-10-06
TJxe6da2LcPPXe8VZJYAA9v9F1bwJhX4i2,tron,USDT,issuer_freeze,,,2025-03-19
TJxhdiTkM7LqovEVE2AWjP9MU5ySts5fpY,tron,USDT,issuer_freeze,,,2025-07-15
TJyM893p1RmirqMEV81XjKH6z3ivbEmvPj,tron,USDT,issuer_freeze,,,2024-09-25
TJykVzWrC9mqRChpUwMuuZvbN6cDj9RNbM,tron,USDT,issuer_freeze,,,2025-07-12
TJyqZ7FC6AP8DLiAvymiVXj1B7H4NeZswq,tron,USDT,issuer_freeze,,,2026-02-12
TJzHGpVKbZxWhisP4z8HezR9uf6YJLbw3B,tron,USDT,issuer_freeze,,,2025-07-12
TJzjEnecvC6xFPMHLCxEi1fEhvNhCXeCg6,tron,USDT,issuer_freeze,,,2026-05-22
TJzpht3RrsZdU9fsgk6w6qbmsuiz8SMoNH,tron,USDT,issuer_freeze,,,2025-09-05
TK19MqFMLJW9hxr9mm5aX6hMBYTLHtk1Y6,tron,USDT,issuer_freeze,,,2026-06-02
TK1CxosRZzzk7okfHXVsErLk4Q3WHkGXUw,tron,USDT,issuer_freeze,,,2025-11-20
TK1YrnAijKfkvBGbm3iWqiAaG23FjxBPSx,tron,USDT,issuer_freeze,,,2026-08-11
TK1eiqvhfgmkFggf2KJ3CydKG4DiURJANW,tron,USDT,issuer_freeze,,,2024-07-19
TK23Q3mVLr64pYkgiGga49upsvpeX9KgXw,tron,USDT,issuer_freeze,,,2025-05-16
TK24NbvC2LSe8gs59p6SFuc5iAvKcnxanj,tron,USDT,issuer_freeze,,,2026-03-11
TK25tioSAZ7nu6kxJr5y2JiGGhwVJwVh5E,tron,USDT,issuer_freeze,,,2025-03-25
TK2E1Cq4oYzVZWtDaqvCMC12GapUnJmjhk,tron,USDT,issuer_freeze,,,2025-03-25
TK2UNxdgwDNf5VXv968yNTUh3DyEQqeyWN,tron,USDT,issuer_freeze,,,2026-08-24
TK2Z9PEvWyTdDARoNd52AReqcbX8DUyCX6,tron,USDT,issuer_freeze,,,2026-03-11
TK2dkxKxH7uLvWPRWdgnRhkdn1uGf183pj,tron,USDT,issuer_freeze,,,2024-12-10
TK2tt8hVaTdhSFEGfWTYJUuajQs7LULhzQ,tron,USDT,issuer_freeze,,,2025-06-05
TK2yvbSMNkk93M7VLCj6HC1GmEt5bLQTjP,tron,USDT,issuer_freeze,,,2026-07-14
TK3BtGB3NTfjcnoPtLKKfX9xFN2dZRckrK,tron,USDT,issuer_freeze,,,2026-04-07
TK3KHj6X9LBJFWLx83tbYpytws98JP59qv,tron,USDT,issuer_freeze,,,2025-07-12
TK3Kf548Px8CefTS965SJnDj22egdTKgr6,tron,USDT,issuer_freeze,,,2025-12-17
TK3N88Lj6b9gSKaD44vmH6Pj4PEpusMZir,tron,USDT,issuer_freeze,,,2025-07-12
TK3afKwkoWKdeNYEvg6TZWu2cMqNqDM17V,tron,USDT,issuer_freeze,,,2025-12-05
TK3fxoseb8EVeBgE5yWip98H692Nj5DHNV,tron,USDT,issuer_freeze,,,2023-12-22
TK4nihuPSZ5obVjDQ5kTt8H8x3DFDwVqmF,tron,USDT,issuer_freeze,,,2024-02-25
TK4rbv6PqNZCJuSibtteVfesZoUNG2JfdK,tron,USDT,issuer_freeze,,,2025-06-30
TK4uuScT7pSHtTKp9way3LMauzgv6x3Hx2,tron,USDT,issuer_freeze,,,2024-05-17
TK51zcgZCprg4btGT9ZCymS14wk1WwiqWW,tron,USDT,issuer_freeze,,,2025-07-12
TK5W98XfxE1yuaH5iEbpPio7qgGrCqBfoy,tron,USDT,issuer_freeze,,,2024-07-23
TK5m3z291Qt1pLJka4KqFXH6FdBd5WznQH,tron,USDT,issuer_freeze,,,2025-07-12
TK6Mnu57hhn4oRt6MVE2vdUVFgHTsAdZ2P,tron,USDT,issuer_freeze,,,2026-05-13
TK6vKMXpG6Fsrt462Nahgzg8RuzLfemnRX,tron,USDT,issuer_freeze,,,2024-04-09
TK7c41TjffeDvofXfnNnKt5zn3F1w33BkF,tron,USDT,issuer_freeze,,,2024-10-07
TK7tbynAQt8bjgdbFB6gW5woFLvESSsCLU,tron,USDT,issuer_freeze,,,2025-10-30
TK7v4JKcnsamdpcN9CpA9oskBdoXBgerxQ,tron,USDT,issuer_freeze,,,2025-07-03
TK81jdN2QgoaLXGdLv9UANqxPeTmEw6y6P,tron,USDT,issuer_freeze,,,2025-05-16
TK8sebQuU5rSXzwtigWx8iLtTH8JLiKTr9,tron,USDT,issuer_freeze,,,2025-05-16
TK8uXGv7inbrfadqJXpjvbJoUsTp31AEpz,tron,USDT,issuer_freeze,,,2026-08-24
TK9ByVpQGMbMN9EeoSnu4DFh4HYKSxVr5E,tron,USDT,issuer_freeze,,,2025-05-26
TK9DkWT6vk3CHokP5y815rrGAStJcLKrWG,tron,USDT,issuer_freeze,,,2025-07-12
TK9VpjghZFiiZSe7PdZ5grjN3GLXHMcXRA,tron,USDT,issuer_freeze,,,2024-03-20
TK9ejTSVLupfksjjk2JZZVNSCPb31Y9cLk,tron,USDT,issuer_freeze,,,2025-07-12
TK9hdrM68gadaV4tqk9bqoub2FsyQ3YrHJ,tron,USDT,issuer_freeze,,,2025-05-26
TK9p9ihurPFi1zDsfY8CmLP4JSauzVDbqP,tron,USDT,issuer_freeze,,,2025-02-10
TKA4cGjZkAWvLYasqEMy2awcRybGiCxHRo,tron,USDT,issuer_freeze,,,2025-07-12
TKAHZVAVoyyeasWm5fzsegBPwnQ1EUv9fB,tron,USDT,issuer_freeze,,,2025-05-30
TKAiNaYevBfMZbMZFujK55PD8gbhhU1Sef,tron,USDT,issuer_freeze,,,2024-12-07
TKAkDY2w3VfNio5cbXnRbF6a8JiXWzHGwm,tron,USDT,issuer_freeze,,,2022-10-06
TKBQ6grJfd1iM4JWx5cDXBLGJLAczsm8Wh,tron,USDT,issuer_freeze,,,2024-12-04
TKBQrpCr9NTLfdW82mTo9iBzuLkZBusZT9,tron,USDT,issuer_freeze,,,2025-05-16
TKBZPxPJFX1Shj6ySnaSYKM7V4D9Cpabho,tron,USDT,issuer_freeze,,,2026-02-23
TKC5rrokiDACNxM9DCpHL4LFn4QscdouT4,tron,USDT,issuer_freeze,,,2025-07-12
TKCbhHtCzpmGPxeSMyfrbSDKpjqd74Aitr,tron,USDT,issuer_freeze,,,2025-01-08
TKCkrHNnRMB1uyhjVrNf47MT9zNE2bXWNU,tron,USDT,issuer_freeze,,,2025-07-24
TKCvr6pJUv2UrHJAFZCEQ9fjwfBGsChjut,tron,USDT,issuer_freeze,,,2022-10-06
TKD22Cs5fdgcVUdQU1N8dD1D4YQEcd9Lyn,tron,USDT,issuer_freeze,,,2025-09-24
TKD3J8pnWJs2ttsK3eBWkM8Z7M6uUvimRw,tron,USDT,issuer_freeze,,,2025-03-27
TKDhJAufHQEogRv3JN3XJjzZBHUNbdp3gR,tron,USDT,issuer_freeze,,,2026-08-24
TKEUWZ6U5UJ4MVASdBoaXA1C3PqQtUyvyx,tron,USDT,issuer_freeze,,,2024-06-15
TKEaRWiPfDbjWNmPr3HokWwc6dkumSHony,tron,USDT,issuer_freeze,,,2026-02-10
TKEdbtWU5kzCRdnjpqXiziFqif4ShFfw3h,tron,USDT,issuer_freeze,,,2024-12-05
TKFhUygEmpEyqdg7xYfteQgHnU4yZkEZSw,tron,USDT,issuer_freeze,,,2026-05-18
TKFjANEyFSKzEqhPS8J8DWQdY8ifWMYNEP,tron,USDT,issuer_freeze,,,2026-04-20
TKFk3DFpZdDztn4wyeYnpLosTUdrTzEpm2,tron,USDT,issuer_freeze,,,2025-07-12
TKFtZoL7Gf4V3qTHUw5aRsyiLMzAmeHzpp,tron,USDT,issuer_freeze,,,2025-09-05
TKGQ2sdGy2qKjwvg7e4zNc6SEojapF7waf,tron,USDT,issuer_freeze,,,2024-06-26
TKGV8xznMM4AAMoC5pJX7wgbqs1tFdRDqZ,tron,USDT,issuer_freeze,,,2026-06-02
TKGnuAfP3n1urSHKfbdbTfbW6smMMNQ93B,tron,USDT,issuer_freeze,,,2025-07-12
TKGuAkaL8zXLUUxm6sXF5pWWqdMkvb4Aez,tron,USDT,issuer_freeze,,,2025-07-12
TKH4kD7xUdg4fY4sWahYJo6uk5MpuvMhXW,tron,USDT,issuer_freeze,,,2026-01-30
TKHPhazXmhDfq3u6xz3CffFF9Ra1wSeRpN,tron,USDT,issuer_freeze,,,2025-10-11
TKHXEyQg14dA1pzGLfixLAe6LKEiWB9Sh4,tron,USDT,issuer_freeze,,,2025-07-12
TKHcuyts1cYwS5TnR1ZSKmX8xqT43KnqrM,tron,USDT,issuer_freeze,,,2023-10-13
TKHdzaHvb2STxEz8AfVfeUZFv7oTwbuYuR,tron,USDT,issuer_freeze,,,2025-11-19
TKHeYV7jDRRoaHpV3CbN2DnsZZF9aoqcyK,tron,USDT,issuer_freeze,,,2025-10-27
TKHf6n5ngMpA1SmhmvV1YdtHNimfDPM59r,tron,USDT,issuer_freeze,,,2026-03-10
TKJ23bwJDqGujMPVNKi3Z8NEXWdKh5DsKq,tron,USDT,issuer_freeze,,,2024-05-22
TKJ9XrUqsXM6cnouYPBugUAEnLqo1AgfBq,tron,USDT,issuer_freeze,,,2026-07-25
TKJSJ5fgZ3WLbnxAHtE92PgX1VJJbTmYTa,tron,USDT,issuer_freeze,,,2026-04-24
TKJUM6k53GseZBu9xnex9Q53C8ENaMTztF,tron,USDT,issuer_freeze,,,2024-11-19
TKK6raQmh1taSKvN6JXbrM6RDhhXYVwi3m,tron,USDT,issuer_freeze,,,2026-04-20
TKKG7Yrx9avWGs9NEEhka35yrFr4C7PUig,tron,USDT,issuer_freeze,,,2025-10-24
TKKj5kKhMarmZxcHFpFB32xKKeUv7ZTC8p,tron,USDT,issuer_freeze,,,2025-07-12
TKL9T9nEfLcf8ExLtmdov6cGULZ36BawCj,tron,USDT,issuer_freeze,,,2026-04-28
TKLcBTsqtncTaqxosDegQGjMDpJ7bckAnF,tron,USDT,issuer_freeze,,,2026-04-10
TKLi5bh9FkzYULm1mixABqxJZ3pqau2tam,tron,USDT,issuer_freeze,,,2025-04-10
TKLk4jLD2yjcRyUB6k8FLVC8FB5N5GxaSf,tron,USDT,issuer_freeze,,,2025-07-12
TKLmm8PHv61fcCAbt21VsXD2Uu3UcvZMvL,tron,USDT,issuer_freeze,,,2024-09-19
TKMH1axfY6SUKFmgynZrsczr2KmfFSa1ak,tron,USDT,issuer_freeze,,,2024-12-09
TKMyGnTJia6ZuzRaTx2ubSkJQpB6bLgiuo,tron,USDT,issuer_freeze,,,2024-12-04
TKNDSAgyBpzw2fqyrbpNdesQV1v84nN1vy,tron,USDT,issuer_freeze,,,2025-05-21
TKNFtQPyuomid2teTLf9zbXcyDZoxMLuoR,tron,USDT,issuer_freeze,,,2026-05-01
TKNMmhJWZKu8wabnX3T5AnbUbXooXWjjME,tron,USDT,issuer_freeze,,,2026-07-16
TKNapDqPvieu79fgDkdQMcNmvKYbsyfmtU,tron,USDT,issuer_freeze,,,2025-07-07
TKNcpcMKxap9TyE47rKrLEAFmY7wqgCCpG,tron,USDT,issuer_freeze,,,2025-07-12
TKNmhrCZ1Vi3J5kfNWDKJp165LR2gAcVmd,tron,USDT,issuer_freeze,,,2022-12-09
TKPHqd7ppMR52vmwDdt86TFaZRRwmiSaWN,tron,USDT,issuer_freeze,,,2022-10-06
TKPrsjbVAjuWZaXT3wqvxizZmzn9NAJySu,tron,USDT,issuer_freeze,,,2025-07-12
TKPwQAgGr3F6QNfNHZ7wNQgbzKWH3mAiny,tron,USDT,issuer_freeze,,,2026-04-19
TKQ287eexzeb2J8yogtHx2Rkep94sBkqMM,tron,USDT,issuer_freeze,,,2026-09-04
TKQ3JSyvcpYWSUqZEQtS9DH3RdVgMGoLp2,tron,USDT,issuer_freeze,,,2026-02-10
TKQ7XrwAMTdNyBLexVhDz2Ju5MFtSF96ob,tron,USDT,issuer_freeze,,,2024-06-18
TKQQ1U53yJgJcFLtbk4Vzrc5ff2N6EHSZG,tron,USDT,issuer_freeze,,,2026-04-27
TKRAMq1pyVRFr9ZtjHTPPga2pnyNxko9mJ,tron,USDT,issuer_freeze,,,2025-04-17
TKRExsRHUAcWSbvwkoeWJQpqYF9LpWkipS,tron,USDT,issuer_freeze,,,2026-05-13
TKRFoEJFZA9hc9Vbr5BHhrYmhkGJ88PQ6k,tron,USDT,issuer_freeze,,,2026-09-04
TKRJF3wkh6y5GyEpyLxYryezBymbjHWuyz,tron,USDT,issuer_freeze,,,2024-05-01
TKRKL36QDLmjshZZFfa6UNjKWTfP7Eb48e,tron,USDT,issuer_freeze,,,2026-04-27
TKRZEmNeMazqEdEGkdiYhSgedMyXLAT3bi,tron,USDT,issuer_freeze,,,2025-12-03
TKReVzWCEj5tdugHQBH6ENoaEbvgfsswiB,tron,USDT,issuer_freeze,,,2026-06-22
TKRiHfZqaqG4RFEnsVS2k1dkKBJibBUWCR,tron,USDT,issuer_freeze,,,2025-07-12
TKRvteLrNcitDncN9vtDivwdKx83PBFpKW,tron,USDT,issuer_freeze,,,2026-05-02
TKSLYorvf5uMF52CcAY5gyTz7vHjZ3hEWi,tron,USDT,issuer_freeze,,,2025-02-10
TKSZkN7tpBfudeKaFEnLunUdduLnWqATGs,tron,USDT,issuer_freeze,,,2025-12-31
TKSzjDygpRrMdAvTdSTNqFiZHwGkp5xhCL,tron,USDT,issuer_freeze,,,2022-07-05
TKTLBBRP9huq3J5uxgnKD1YSxnkWYZzsHW,tron,USDT,issuer_freeze,,,2024-06-06
TKTXaaQj8MhMW6CWYtHd73qsw6XFuDVqDm,tron,USDT,issuer_freeze,,,2025-07-12
TKTh387ZePdgraTmxThiike9KT42RdCZ5M,tron,USDT,issuer_freeze,,,2025-01-10
TKTjTv7sTSWpFZdrR7QjP9xn8sGSoKQSW2,tron,USDT,issuer_freeze,,,2025-07-11
TKTqiExaJJJNfoi2jAsAPFuA2JX8347yLr,tron,USDT,issuer_freeze,,,2025-06-03
TKUPvmXr6gmBUFECmLMLbz4RMNDqSmLTkb,tron,USDT,issuer_freeze,,,2024-08-28
TKURqcC4GA9oWVE4LjFUrENqTqQys61SiZ,tron,USDT,issuer_freeze,,,2025-04-04
TKUtoat65ysZzqc7REcKZXRwKdXeiS8w1U,tron,USDT,issuer_freeze,,,2026-03-13
TKUxLPYdj1yxgBJnCf2XuaVcUVDmRfGjTS,tron,USDT,issuer_freeze,,,2025-10-02
TKV7ZebmRBiCfFubT46g2ExpbthQiTnNvn,tron,USDT,issuer_freeze,,,2026-07-16
TKVPY3Ht9hDrQc9iaFD895cDBj7hrjUB7C,tron,USDT,issuer_freeze,,,2024-07-23
TKVa8CoZ5iA3UwubqaAzCzFj7y56zWUHRP,tron,USDT,issuer_freeze,,,2024-10-03
TKWBiXWm8fNMBxBLaEXnQM1TPDbCLbZC7i,tron,USDT,issuer_freeze,,,2025-12-31
TKWWDyrfZhCfaYATQxeMahAcBNsH6UsjQq,tron,USDT,issuer_freeze,,,2025-04-04
TKWdjEF75ZEY8qierkPcMuN7THX9mzV4pP,tron,USDT,issuer_freeze,,,2026-03-10
TKXFwxcMznsoweKCzHfRRGeiJmUXB9fWnE,tron,USDT,issuer_freeze,,,2022-10-06
TKXQxqLgznKvxtJGfer4ASSZjJ8bW6PpKv,tron,USDT,issuer_freeze,,,2025-05-26
TKXSqL2GeXX54s5sKfoHy4XKSGrbx1HYUQ,tron,USDT,issuer_freeze,,,2025-07-07
TKXrf65hFbpCLo88dx3e3pzHP1NyozXFny,tron,USDT,issuer_freeze,,,2024-12-05
TKXxmz2xE7oGGiqrmKKi8A3FZ5LVhQmuCv,tron,USDT,issuer_freeze,,,2024-09-26
TKY3QSU1zNrq5ta8XXmZcyw27pAG25jjGK,tron,USDT,issuer_freeze,,,2026-05-27
TKY8ZvNs26kmD3HgtqXo1HbgT7QwhDVgCg,tron,USDT,issuer_freeze,,,2025-08-26
TKYD5N185LZBXmCki74ApJFSLLgpgXbXCy,tron,USDT,issuer_freeze,,,2026-04-27
TKYNeiWCuU9jEGCjNhE98wPcDcq1LnFsHy,tron,USDT,issuer_freeze,,,2024-11-08
TKYbtLxjYhD86MA1rsSaTYFV73DFQnorMa,tron,USDT,issuer_freeze,,,2025-10-27
TKYqabQ1MeAzhsjyTCcyg3uX2dNANsBAhC,tron,USDT,issuer_freeze,,,2026-08-21
TKYsSAGKmJ2WtfDCZAtvZQGY6zbF2ZNVPQ,tron,USDT,issuer_freeze,,,2026-03-22
TKZD2toq8FkMvMLkwagGk7QVjRRqtPGinU,tron,USDT,issuer_freeze,,,2025-05-26
TKZeNLxY2BZ2TJnAvcttidj6SrdeXnJ3M4,tron,USDT,issuer_freeze,,,2025-12-29
TKZnKVp8A5SPH9qkHZyh9JKa9Tj4kW5V5h,tron,USDT,issuer_freeze,,,2024-10-22
TKZrQDpz7u9EYqQi8oU8K7wAeeJkVnnxb1,tron,USDT,issuer_freeze,,,2026-07-22
TKaPbeUJ4hfv7aGrTD2iZ8vbNyFWwu4AcA,tron,USDT,issuer_freeze,,,2026-03-03
TKaf9TwJf1wHSe3rfQvdSbPtD32aWrSrwR,tron,USDT,issuer_freeze,,,2026-06-22
TKar2eh4Lzak5nvnEPEW2YiaAgsrLXSQJ4,tron,USDT,issuer_freeze,,,2024-10-27
TKbaiCzdSsQAVXyCsENFaXLj34xZ2xfZFo,tron,USDT,issuer_freeze,,,2026-05-15
TKbu1QhhNhr48hAfKntQNxY1QQZhbHdAkj,tron,USDT,issuer_freeze,,,2026-06-01
TKc2h6QgjETTZL66tWxXuULWc4QQk1Mn89,tron,USDT,issuer_freeze,,,2025-10-29
TKc81952GSayUzRYG4YtszSS2cRpDzSrW6,tron,USDT,issuer_freeze,,,2024-06-21
TKcLs3rLuRm6kgpVmae3TVedF4B3atoLXh,tron,USDT,issuer_freeze,,,2024-12-05
TKcVFp92cVRb6Wc8Ae7vfUYceFAW1DYDou,tron,USDT,issuer_freeze,,,2026-08-21
TKcmDoRTETDUw3HFwPGLgfA9NtM6CjAYxY,tron,USDT,issuer_freeze,,,2026-05-14
TKcnFZp6Lfcbb8vYxqUKBTWnRR4tjRNudW,tron,USDT,issuer_freeze,,,2025-08-08
TKd8NiNGTazX9YF4qh43ywiF8qXh1jCYAA,tron,USDT,issuer_freeze,,,2024-08-05
TKdBozGxEFNZoAwX3rYB9gsZ373jQAYgkm,tron,USDT,issuer_freeze,,,2024-04-09
TKdMPtFX2Prsg4rKvWdpuwLgjh3JdjiWCL,tron,USDT,issuer_freeze,,,2025-07-12
TKdYMhiSB3Bo83rHuotmcQPHJo6zYFrVw3,tron,USDT,issuer_freeze,,,2025-07-12
TKderXXR69DkbFvnM91zGz5L6AnXRJP8fV,tron,USDT,issuer_freeze,,,2026-02-26
TKeAdy5kTjeKrdnscfSRZ1W8bkoPQkwNLZ,tron,USDT,issuer_freeze,,,2024-11-22
TKf5o9tyb7G2PZVjp6JujB4gwz2nGY7SPL,tron,USDT,issuer_freeze,,,2025-12-03
TKfhisSTy9XfKPFGpJTeagZhZYfmJoMR2w,tron,USDT,issuer_freeze,,,2025-07-12
TKfos4upZ8nQVjwdemUrfmNPvWyeWjJofQ,tron,USDT,issuer_freeze,,,2025-03-19
TKg38ntxivor1B5GgZbuATs2kHPV5XPFZo,tron,USDT,issuer_freeze,,,2026-06-23
TKg4cY2QT9ESf7V6E3W4P8tdeWQRLSifZa,tron,USDT,issuer_freeze,,,2024-12-19
TKgG5rBh2UWqiFypimmaKvvVshP7rQLfMk,tron,USDT,issuer_freeze,,,2026-09-13
TKgH64gzusFFhssUJ2AeAfSUzKdZqv7ENo,tron,USDT,issuer_freeze,,,2025-12-04
TKgLpuR4j9xuEN6dMCmWCSwyuu3QVrjGLB,tron,USDT,issuer_freeze,,,2022-12-28
TKh4qfcU5co3JvdAQWXC8MoXbL1kMXbErM,tron,USDT,issuer_freeze,,,2026-09-11
TKiWGz2Lskj7mPzg13ezejuAd3eBTEEg6y,tron,USDT,issuer_freeze,,,2024-04-23
TKiXg9U1uuKsNtGkjMB1YYxoyMr1EwjiCA,tron,USDT,issuer_freeze,,,2026-02-18
TKijkQScTgeW3Dvnv4S5EiD2CEgADz74PF,tron,USDT,issuer_freeze,,,2025-07-12
TKipx4NKz4K8xwhh6sZ9ktgHWKsRCVdn5o,tron,USDT,issuer_freeze,,,2025-07-12
TKiuGaWBXGvSLGww14aneCWN47hf4FBP7a,tron,USDT,issuer_freeze,,,2025-10-27
TKiv8A1CTZXUY3w932QDDmVhb9AnMvmXMP,tron,USDT,issuer_freeze,,,2024-07-30
TKj8BNLSMSrgkNH1uFuDu81fNWqQSpCenT,tron,USDT,issuer_freeze,,,2026-04-08
TKjVMa49o84qLLAigicijSDacUdt7GR2PV,tron,USDT,issuer_freeze,,,2025-11-14
TKk4KBH5zYFzyHjguhikEkttUwvpi3nTmn,tron,USDT,issuer_freeze,,,2025-05-31
TKkN2i3ruCis2NoGm7uNr9HeeLfaVLavT2,tron,USDT,issuer_freeze,,,2025-12-24
TKkNWyw5UWeS7teUwf7QQ234oWHyB4hiv3,tron,USDT,issuer_freeze,,,2024-06-03
TKkox6yKbMKRVzUBcdeh85ECJWCjnvviKL,tron,USDT,issuer_freeze,,,2024-08-30
TKmGsToEz5FVsTPuW6TkPUxfCPi1oWVArY,tron,USDT,issuer_freeze,,,2026-08-07
TKmXFReHd3i6BeKSyp6gC4SezT6u5sNu7M,tron,USDT,issuer_freeze,,,2025-07-12
TKmciqBDbyuNaFfQrFHz4ostYAoCovQqDM,tron,USDT,issuer_freeze,,,2022-12-28
TKn6izMBBU15hEKJjVTdErAmzmM8W9m1MW,tron,USDT,issuer_freeze,,,2025-07-18
TKnNgRK5h2KeDRdLnub7hBZS9EejFTANPt,tron,USDT,issuer_freeze,,,2026-05-29
TKnSmqhAPY4nr3Sm4u6GbFJSwS16aexoKQ,tron,USDT,issuer_freeze,,,2025-05-16
TKoV9nnDkzMFNt3zGuyXo7YcoQMfsy3BnP,tron,USDT,issuer_freeze,,,2025-04-25
TKoiYr3xYWD3L9DqNFmnc6WNjRp9uE8XP2,tron,USDT,issuer_freeze,,,2025-03-04
TKpdT62JEjbsDFLCiSXRpjyADgkcseB7h2,tron,USDT,issuer_freeze,,,2026-05-18
TKpeC2TsGnjwC8kRNBJG7h64DYwTjFLGoz,tron,USDT,issuer_freeze,,,2026-04-20
TKpgLLJxpJykV7aDzew4Wv23G1YXTWyWWx,tron,USDT,issuer_freeze,,,2025-07-12
TKpji3CYwyPyteaXC9KRigqKqCWQCECJY3,tron,USDT,issuer_freeze,,,2026-09-13
TKqqyqRsT2WSGtGVpEWS8y3rR6srzMqsbr,tron,USDT,issuer_freeze,,,2024-11-26
TKr369ujbFhhXSB8SJYfegJHQFxjarb82Y,tron,USDT,issuer_freeze,,,2025-02-10
TKr4t3PPxdAd4BPxyF9wsxtYf4R9hwdRhu,tron,USDT,issuer_freeze,,,2026-09-03
TKr85xaDXvax9NY8vFyZMyZTgCPPkkL4ED,tron,USDT,issuer_freeze,,,2025-05-08
TKrYesQk5AJBvGPFgXazqWnr8Hn4fbWRPE,tron,USDT,issuer_freeze,,,2026-04-25
TKs3g6x3cMpuKF7c1JTzYgfzjy9rwCcsuV,tron,USDT,issuer_freeze,,,2026-09-04
TKsDuu3RRLy1JD2S44x5ezRLD8NUrVeejr,tron,USDT,issuer_freeze,,,2026-04-30
TKsET4LjtgE8QrycRa8jZDnqumK1eyzfNp,tron,USDT,issuer_freeze,,,2025-12-08
TKsQfWy5CB36tUuSxsFdZAc66RDvA6JV1F,tron,USDT,issuer_freeze,,,2024-08-19
TKsbak86YhBuf6LVzRFwuvfCTQpzor8y3b,tron,USDT,issuer_freeze,,,2024-12-04
TKsoCMpAAmzRRJjLP6xaTtqEcjy5sUKBJF,tron,USDT,issuer_freeze,,,2025-10-03
TKstqszcFiwam9s8XK7tXSayNsVjhLxtuA,tron,USDT,issuer_freeze,,,2025-03-17
TKt6ioYaiC92hzUoc9MmC8XZ2et5Uhz3pL,tron,USDT,issuer_freeze,,,2025-05-26
TKtVuLazGEqAg4AgsTKi6P4egDi1mkLdx2,tron,USDT,issuer_freeze,,,2024-05-10
TKtYeJk3WV2q1N94eT8xQkhuT2PM6GuHVs,tron,USDT,issuer_freeze,,,2025-07-12
TKtdEG2oRVkoDSHvbzwuH9NdxiMSRst9V3,tron,USDT,issuer_freeze,,,2026-09-01
TKufYJNUxEVxHB7a9tss4wHKAD4zyJukGQ,tron,USDT,issuer_freeze,,,2026-06-04
TKumRGYCF14NRL8wz9139RB3pr8TaPGANH,tron,USDT,issuer_freeze,,,2025-12-23
TKunjX44VXy9ynXCGTUTUYhAB9QGf5eDce,tron,USDT,issuer_freeze,,,2024-09-05
TKv2WsGjMkJ1tWu2EsZ7SopNbirqHdbMUC,tron,USDT,issuer_freeze,,,2022-10-06
TKvHSxMT3nj2R5LytNKUt6HAFa4Dxgdo6C,tron,USDT,issuer_freeze,,,2026-08-04
TKvNFFmnRS6PDVC1nmehN8vZqiPL9uzQNV,tron,USDT,issuer_freeze,,,2026-04-15
TKvUXiHow912c8HPCpwrrdoz4z47NWwL9D,tron,USDT,issuer_freeze,,,2024-04-09
TKveQtftmJJ7XxUWguK3XbYf2rsikzyw1f,tron,USDT,issuer_freeze,,,2022-10-06
TKvhFg22zN8sXBqyEdvKZ4r1JN7z5XJQ5B,tron,USDT,issuer_freeze,,,2026-07-20
TKvj6466F2uYJWcTv1DTx6ewinKHp5L7jZ,tron,USDT,issuer_freeze,,,2026-03-11
TKvvyntjkaBMf7tHdRjLMPfTJhLA5ukk6e,tron,USDT,issuer_freeze,,,2026-04-21
TKw2ALHFiKCmv893NA95C7DzzjtAQi3zLm,tron,USDT,issuer_freeze,,,2024-11-21
TKwF2Akbj6aJY2NdsSHuXptkJ3AnpP7ooF,tron,USDT,issuer_freeze,,,2026-04-30
TKwJbpD9tJ7Hay4BxirQymmhJuTRQnHyAA,tron,USDT,issuer_freeze,,,2025-07-07
TKwKCKLKYPdaymdifoqHPqdEDbpZDA5u4m,tron,USDT,issuer_freeze,,,2025-07-15
TKwamwKDxxZXBGkG6eNmGRuwav8rRtsjMX,tron,USDT,issuer_freeze,,,2023-07-06
TKwkdtT71quZAnFs8dKMbb68zhsfDiKJ1j,tron,USDT,issuer_freeze,,,2026-07-16
TKx1CP2irUMw3YkJV7xZ3izaShTaywYLam,tron,USDT,issuer_freeze,,,2025-12-10
TKxTkqP3ztnksWULXcDBUXkcQzBHQbbLc2,tron,USDT,issuer_freeze,,,2024-12-13
TKxURXiuHw3bYTeJRrKPR7rfuGjzkb5rJw,tron,USDT,issuer_freeze,,,2025-07-12
TKxVRcmsBvJ2pkyGhj3bwFyw5CrLFRz2Y9,tron,USDT,issuer_freeze,,,2022-06-30
TKxgP1tnPCcrP2rs2dGnqPhL59GdUY9TYx,tron,USDT,issuer_freeze,,,2026-07-01
TKy3MNu7wupWdHj4rYhNxb3DivWFV1ShSu,tron,USDT,issuer_freeze,,,2024-07-16
TKy7jLySrywoGRrW74HNbYqatpwNVv1JDT,tron,USDT,issuer_freeze,,,2025-07-12
TKyPa8TiZDUSXEJs6mwsQ5V12ZHQNoyhvW,tron,USDT,issuer_freeze,,,2025-07-12
TKz7E4721RHgz7keZ6vUiS1HveGNokGJCG,tron,USDT,issuer_freeze,,,2024-07-30
TKzJTE3ecTw9X25jTn1FNYd7gVmvDwJMGY,tron,USDT,issuer_freeze,,,2024-11-08
TKzKDW7Xw9uMBsZvjwz2Ut3h8V7ST3xvcp,tron,USDT,issuer_freeze,,,2026-04-18
TKzTgqJDLgpi4ya1RBUDYqEkFXA22FSeVm,tron,USDT,issuer_freeze,,,2024-06-18
TKzVaxLGDNscPv9ak2UC7S6NWUmkXtEzfF,tron,USDT,issuer_freeze,,,2026-07-10
TKzXBpF9JW6EUaTdMqtBeBZ6LRYvvMvax1,tron,USDT,issuer_freeze,,,2025-02-22
TKzYEa8oTtP1QNEMwSBtYSm8CNDw3a5mBn,tron,USDT,issuer_freeze,,,2026-09-01
TKzbfQffXJejezg5Yi7RhdAZhtvppgLWTJ,tron,USDT,issuer_freeze,,,2026-06-12
TKzbwQvQLDWsKACueTcWLMHzQAjStJ91Us,tron,USDT,issuer_freeze,,,2025-07-12
TKzvKRS3zbXVcPUqmr6qVEmnHKaumPrqEw,tron,USDT,issuer_freeze,,,2026-08-27
TL192dbA29m2pyaug7m7gHCurzGbzFnLEx,tron,USDT,issuer_freeze,,,2025-04-17
TL1EGyHiNSPAWktmgb8kNavSCfzQg8aSDP,tron,USDT,issuer_freeze,,,2025-03-03
TL1WqfsMtuzXyQU5CXms25SKWCfAJ1jEZS,tron,USDT,issuer_freeze,,,2026-08-12
TL1cTTwcPU6gFpG9keX4ozR7E7bbdmSEwR,tron,USDT,issuer_freeze,,,2022-10-06
TL1n8wdrQf5ntwEdwKnj71SHCccNyUQ47i,tron,USDT,issuer_freeze,,,2026-08-25
TL1sE9EdfVZ57LPftXmzJSGDQ7KC6o9Zkj,tron,USDT,issuer_freeze,,,2024-07-23
TL1wZQFY6byY3XqymV1LJY9qDw1FL9gXed,tron,USDT,issuer_freeze,,,2025-05-12
TL2216cNBwsMEszxtQuB9tB2akAFp7Zk9X,tron,USDT,issuer_freeze,,,2023-12-27
TL2LWda7EYbRWf2FiKkvB7rDR516xXMXfb,tron,USDT,issuer_freeze,,,2026-05-14
TL2NYLDRWiHN1rgjFbLxHinsxcTpVTWLx7,tron,USDT,issuer_freeze,,,2024-12-09
TL2Ts8CiBNNzcqkqQfYZAnj8ADLGtxF13J,tron,USDT,issuer_freeze,,,2025-03-05
TL2oKgZMrTVGD8Tr66gauU72uepGSgHfb9,tron,USDT,issuer_freeze,,,2025-07-12
TL2pmZXjWKqpR2yfbv7AG5ys63MW7jQqgT,tron,USDT,issuer_freeze,,,2025-07-08
TL2tgm7HFsFvQdh5p2ga1ahwkfgJCaG4xH,tron,USDT,issuer_freeze,,,2025-01-10
TL34x6JY55TTksamArx1mVrBWtrrvnuQRu,tron,USDT,issuer_freeze,,,2026-03-23
TL3LRzstK97h71NX8EHFQGipA3WxATPJVy,tron,USDT,issuer_freeze,,,2025-11-05
TL3c5aAYH6BDwPWRoMDdcCqWBjpC3dcqDQ,tron,USDT,issuer_freeze,,,2026-05-14
TL3v1Fd3gEDcRNZSKLmraHivPWrCfkVhrX,tron,USDT,issuer_freeze,,,2025-04-04
TL3x1WPrEe4eoZpR6vLkJjFt3xpssCbkZS,tron,USDT,issuer_freeze,,,2025-07-12
TL432AvMwMjJttNd3CPcGcXupCmjJQj2KP,tron,USDT,issuer_freeze,,,2025-07-12
TL4ETFnTWffVfWFw8KAZrRArRvXmMuHLHz,tron,USDT,issuer_freeze,,,2025-05-16
TL4MeyPRooqL9UhCiqAHww7u2pNYs6guJS,tron,USDT,issuer_freeze,,,2025-03-28
TL4Mn6BMfNv1LNMh7ca9sCAERMQixGGRYZ,tron,USDT,issuer_freeze,,,2025-04-18
TL4aTqUQVbZCfgt8eLVapawYaqSt7WxN7M,tron,USDT,issuer_freeze,,,2022-06-22
TL4c9Tjk2orpcZjPrSJi6Kwp1p8CNKWtkT,tron,USDT,issuer_freeze,,,2024-07-01
TL53EhxxpVisqRnpKcAG52kuzED7XbF1ts,tron,USDT,issuer_freeze,,,2025-07-07
TL5A1YCvTNypfQHspwRttpbUSXMt93EM89,tron,USDT,issuer_freeze,,,2025-06-27
TL5Npc5AA2CuWcWzjzemGV1zBo3dadUgdF,tron,USDT,issuer_freeze,,,2025-04-17
TL5mAVHa6u7ywZUv4XWFiskNJkq7Y4XsWL,tron,USDT,issuer_freeze,,,2024-11-08
TL61HSEVn6r9zRCiU1UtF54MQarqVQP7eb,tron,USDT,issuer_freeze,,,2025-07-12
TL66R2Xoxqop9cbmW4PQQsBVFRq2VRXTAA,tron,USDT,issuer_freeze,,,2025-05-07
TL6Mxdnq4VWnSYVBBCbNWwLc4zC8u8mZtu,tron,USDT,issuer_freeze,,,2024-10-14
TL6SEq6kupFnybRbinnRB7CyVVDaMBn8Yb,tron,USDT,issuer_freeze,,,2025-12-17
TL6YQvHEAjeknZaGLbtQ67fgpsDCRA3zQ9,tron,USDT,issuer_freeze,,,2025-05-16
TL6dc2fgkNuu1qydosAtAJM1Xp4JuipUfK,tron,USDT,issuer_freeze,,,2026-03-22
TL6oeK6UkABJmFe5VbjxZSVhc9orPfXfsZ,tron,USDT,issuer_freeze,,,2024-10-26
TL6s21PBD6RmEYwyDrpq8eMCXgSEJY7cb4,tron,USDT,issuer_freeze,,,2025-05-23
TL6xTgNB8vkUngLGuMReYWYaSrHEzEVBSN,tron,USDT,issuer_freeze,,,2026-03-29
TL7PyZNGuK8RDrCUANaT5EAqReXkJPWfTT,tron,USDT,issuer_freeze,,,2025-10-23
TL7RejiQqfwpbVie7UxrNicnfdobAvRjQQ,tron,USDT,issuer_freeze,,,2025-08-08
TL7SATJ7dNqZyYCzhCneEfqBENPsSDcd7c,tron,USDT,issuer_freeze,,,2026-04-17
TL7TtnunvuKdBHgrakTMarUfMkyPjfug7M,tron,USDT,issuer_freeze,,,2026-03-20
TL7UK3R3tSXpABeLQ63U7YePhL3nAXA6XX,tron,USDT,issuer_freeze,,,2025-10-06
TL7rLS3RJ67obLYbgqcUzhZ4ZKNv6V7kP8,tron,USDT,issuer_freeze,,,2025-03-27
TL7uxToeNLUAeM5YCkJ46nxo6fnrzmC7nc,tron,USDT,issuer_freeze,,,2025-08-30
TL82TCfvx3GeHzbByHo6rc9ZuEbWcDiEFg,tron,USDT,issuer_freeze,,,2025-07-12
TL8Nf2VvmBGJnUTv7fzw1ikwUyzbiPVkxK,tron,USDT,issuer_freeze,,,2026-02-19
TL8U1eTWMW4YZburm2RUapqGL2NGYtmETi,tron,USDT,issuer_freeze,,,2024-08-30
TL8WzKrKWg4ssQuMPZ5wGgcHy1NZ2au1nH,tron,USDT,issuer_freeze,,,2025-07-12
TL9BebWFMk2hTe7jXUCB4y4KT8GBpBJzV9,tron,USDT,issuer_freeze,,,2026-01-10
TL9DqwCWbzGibsYZZibjTgv4EdpSUjCgjX,tron,USDT,issuer_freeze,,,2024-03-19
TLA6AgDY2Vkbm4LSBDp5NAAwXG2sUysbN9,tron,USDT,issuer_freeze,,,2024-01-01
TLA8AQeJVxLjPqAv18U4XSPrCd8xNAudoB,tron,USDT,issuer_freeze,,,2025-07-12
TLACU4AnspcxCqccFqEa7fasGEkACU4hja,tron,USDT,issuer_freeze,,,2025-11-07
TLAHuvMD7ZHnf3WSwtAiPzqNHEZzTRYAet,tron,USDT,issuer_freeze,,,2025-05-21
TLAMd79HjjhfKeMVSbtX1wArcFK1cKiZ3B,tron,USDT,issuer_freeze,,,2026-07-16
TLASBcbksSvVTPuPEQ52bxa76BDdfKZiwq,tron,USDT,issuer_freeze,,,2022-10-06
TLAWHchqA3Si7FQjC1HnRJfvtpAP7LBQYe,tron,USDT,issuer_freeze,,,2026-04-29
TLArJsx4ZnACgHbneKKoP3WxZhPDk6uZhL,tron,USDT,issuer_freeze,,,2026-09-01
TLAsawrrNRKHTQn8M7od4cw6J8NLPthQ4F,tron,USDT,issuer_freeze,,,2026-08-27
TLBEm3bWx6i5LHL8aou1ByJAwp7QnDiPTF,tron,USDT,issuer_freeze,,,2023-07-06
TLBXADAisY8zNPj7MevFpYB6bUAPNCR2m8,tron,USDT,issuer_freeze,,,2025-07-08
TLBjU2GmcFArcdgMfoRxPfeE5bZkHgpe9R,tron,USDT,issuer_freeze,,,2025-07-12
TLBu1VcY6ZfSuVoz1tW8QY62XLsRocSsq7,tron,USDT,issuer_freeze,,,2026-05-26
TLC3MViLqKFLX5vbUDihHettokX5HzPXAR,tron,USDT,issuer_freeze,,,2024-05-16
TLC4pKzQEA7sX7KfcR4h371y1vzY76LNv4,tron,USDT,issuer_freeze,,,2025-08-18
TLCBKdzLg5jMScJcXkcXACDHe8ndLPiY76,tron,USDT,issuer_freeze,,,2024-09-11
TLCRMN8PDW8oZK95sS68gxSDSvbL6piU1p,tron,USDT,issuer_freeze,,,2025-10-09
TLCW1YtFthhYUmkwEtEjmuLcqDkYaGp4hp,tron,USDT,issuer_freeze,,,2025-12-04
TLCYow7X6HJf2VArSVaoYayuzA6UuaBjEp,tron,USDT,issuer_freeze,,,2024-02-14
TLCZyfUoxPwmizevY7gPQrwaFgGQtTdpJb,tron,USDT,issuer_freeze,,,2026-09-03
TLCo9y7BbZNVSvWd3V6ZHxDuemPo7Swp5s,tron,USDT,issuer_freeze,,,2026-01-03
TLCum5EYREphGN41VBuknkxw4wTHBxpGKB,tron,USDT,issuer_freeze,,,2026-06-04
TLDEv6dJBCzEHnMkopmmZiwxb4MAZSx2iR,tron,USDT,issuer_freeze,,,2022-10-06
TLDNbp7CNDydbPUP5MPHcLjfgk6w4iu6wt,tron,USDT,issuer_freeze,,,2025-07-12
TLDTaRPSopzTKRNSUuzE3JufrPvQW9SAQj,tron,USDT,issuer_freeze,,,2025-02-10
TLDat8TwRXFdDnKj4ZaVEJLBjxaU385KYY,tron,USDT,issuer_freeze,,,2026-04-25
TLDnWKiDxvsBU7LexdALV1arbmUAjMi2ip,tron,USDT,issuer_freeze,,,2026-08-11
TLDwBfJBRptX5nFh4rCbvhkhT5cGWbHfKR,tron,USDT,issuer_freeze,,,2024-04-09
TLEKuyCiB6V8x71jAseKTAgVzxeW2VKHA1,tron,USDT,issuer_freeze,,,2024-05-09
TLENLA4ropguGi3HCQpR6WASXvv9Ch7KKe,tron,USDT,issuer_freeze,,,2026-06-16
TLESRz6rgK51FGmqXHQ8qj2yLPCGhre3TQ,tron,USDT,issuer_freeze,,,2025-01-16
TLEzfMfBeoV2XG2raqWygfi4y8f1stD19i,tron,USDT,issuer_freeze,,,2024-07-15
TLF8KcLWkp8vnyY57nZfC7omDmmXoJ9Vr1,tron,USDT,issuer_freeze,,,2024-10-11
TLFchFY7ecVsTvtgxMVKRxWD6sNCfASXnE,tron,USDT,issuer_freeze,,,2026-04-20
TLG2zDJT3WrteWYTk6v2DNWXWjuZv9KuuE,tron,USDT,issuer_freeze,,,2022-12-20
TLG6EkL5RcsZeBLyq8s4puohz5EDfsz5g8,tron,USDT,issuer_freeze,,,2026-06-25
TLG8GQTi17SmLF2jFok4Ks9S8L26YDP3RJ,tron,USDT,issuer_freeze,,,2026-06-27
TLGahRjKSfKD99myChJCZvRZXdwsaeKy7Y,tron,USDT,issuer_freeze,,,2025-07-02
TLGiN6DevzwNNSWhT3KUtRLnrZx71qoQ2o,tron,USDT,issuer_freeze,,,2023-10-02
TLH4x4e9YKYrmj7FdxDuh4JQwSoFYB4PxA,tron,USDT,issuer_freeze,,,2025-07-12
TLHCmU9eftDJ8kRxqQUnV1DUfZLE8CKwJq,tron,USDT,issuer_freeze,,,2025-10-02
TLHUNa6SLdmW4W84NEyRevynTSrKCszSsp,tron,USDT,issuer_freeze,,,2022-12-07
TLHfuQj3AgB31X6NweHYwuNZN8aUXRN4En,tron,USDT,issuer_freeze,,,2025-07-12
TLJ71yT61qsNgD5JpAk5ftCyz71TfBpwFZ,tron,USDT,issuer_freeze,,,2025-07-07
TLJEfYMCGTFBuqniRUgNiAj64QuDAui8Jy,tron,USDT,issuer_freeze,,,2026-03-14
TLJKQ73yEBz2WY2XuVt1CKqwNLD29bKMui,tron,USDT,issuer_freeze,,,2025-11-22
TLK27rydmQErvavFP3DgQsjeFJHLYARVsX,tron,USDT,issuer_freeze,,,2025-08-08
TLKC5rtkTFRphSdHxTnZCt3v4RJ6cQHGNS,tron,USDT,issuer_freeze,,,2025-02-10
TLKqmsvq9VpG7FCLY7PcCeK3FDaLo1cVEc,tron,USDT,issuer_freeze,,,2024-06-17
TLLDQLFXQ2hnV3WCVCZzaTeMTExaihYw52,tron,USDT,issuer_freeze,,,2026-06-25
TLLLKGfXdk8bRANeYzvCu7J9oFBYnm9Qus,tron,USDT,issuer_freeze,,,2025-08-08
TLLUyX37hYTgk6pMMjgDako9DkNRtmyArh,tron,USDT,issuer_freeze,,,2025-07-12
TLLoWT4NCQ4huXRn43BAw2gajeP6a9TtDo,tron,USDT,issuer_freeze,,,2026-05-20
TLLz5vP7UFcAyHDosPv6B9wKVwVsR1CqAf,tron,USDT,issuer_freeze,,,2026-08-13
TLM36JNf952dANwV5rktiZAHjpgBPyD1Ww,tron,USDT,issuer_freeze,,,2025-03-28
TLM54KePwcx5HbEdni6iTdwLJjgStkaoSM,tron,USDT,issuer_freeze,,,2026-03-29
TLMWKFuEbQAsKyhQEJnq8i9ZgGuChoQXek,tron,USDT,issuer_freeze,,,2025-06-20
TLMa3F7AtGqyGTEg5r3L5ARHZA3iKHg8EM,tron,USDT,issuer_freeze,,,2026-02-23
TLMhA2x8Y6Zsoeoxd7Jyrpr6dS5vVfDcb7,tron,USDT,issuer_freeze,,,2025-07-12
TLMjvEMPbZcfsTeqafKNtx7sk25UwZaSPA,tron,USDT,issuer_freeze,,,2025-05-15
TLMwauCLzzU8VqG9mpHCj5hdNLMJLqKq4G,tron,USDT,issuer_freeze,,,2025-02-10
TLN6VP1EEBixCN4GHxDkHWViEVia1jSAjn,tron,USDT,issuer_freeze,,,2025-07-15
TLNCdY9HDqt4gF7DqCBY9LHMk4Pnoqyx2t,tron,USDT,issuer_freeze,,,2026-02-25
TLNFHpxgPY3E6gLSz3TMWgARQKAgzpAhue,tron,USDT,issuer_freeze,,,2026-07-22
TLNMniJ2vyFPfqvwrxE7CsC4cMdSm2EL7M,tron,USDT,issuer_freeze,,,2026-06-24
TLPBrFofVhk1XqUjsW7VFvGoDJ4cRwJwJd,tron,USDT,issuer_freeze,,,2025-07-12
TLPTrMyjxADAcuSxZEv1kmYWJ2Ebusu74y,tron,USDT,issuer_freeze,,,2026-07-25
TLPcQXXRHRnkq8HYMiGPvd3dQJrkJd4C5S,tron,USDT,issuer_freeze,,,2026-02-26
TLPfvsC1VDG1Emsa9AYZgeX5VFeHvxNgUt,tron,USDT,issuer_freeze,,,2025-08-01
TLPuBWFq6XuFZG9FBHEaNys6fe9tj95Rwg,tron,USDT,issuer_freeze,,,2026-05-06
TLPyMVjY2YDkPtxipNECEDhUgwd2mcFy6b,tron,USDT,issuer_freeze,,,2026-08-17
TLQVU7qxgLxjG6wLK3csBs8QLiWVo16Kv4,tron,USDT,issuer_freeze,,,2026-08-08
TLQa7efkXqdLTvYEZzfKZSCxM6xpWJxTa3,tron,USDT,issuer_freeze,,,2025-09-09
TLQjwKKZU7Ct4yWqVdE3VXWAnJGfdd4reF,tron,USDT,issuer_freeze,,,2025-07-12
TLRAtRWJd96WHz52gGGFYU8nszP8jhjSuK,tron,USDT,issuer_freeze,,,2025-07-12
TLRXX6LUuFsosZStHK59mkSWd6V7aVPEAh,tron,USDT,issuer_freeze,,,2025-10-05
TLSP7bj4PpFwf5bjWF3YNoYV7KYjjHqevJ,tron,USDT,issuer_freeze,,,2025-01-30
TLSpkShDEg4SRs38SxDmdsXHnfPavbKTAp,tron,USDT,issuer_freeze,,,2025-02-07
TLTHVogDVNDHwXxmuetWd3JGENvEj3Gbc2,tron,USDT,issuer_freeze,,,2025-05-16
TLTJ8ZwnwKRBJtgeFa8BYHMkiv9Zfm79X7,tron,USDT,issuer_freeze,,,2024-05-01
TLTrGV3RLs4jdwC34perabh9DEq1a89ZWz,tron,USDT,issuer_freeze,,,2025-10-06
TLTwz7xyLbZvacqUSccqAQ9PG7VAmSHC9c,tron,USDT,issuer_freeze,,,2026-04-15
TLUBQn5V9JDTQycPXA3uLfVs3ts5bTUdLU,tron,USDT,issuer_freeze,,,2022-08-12
TLUHjvWVnC3ZPRqFRSpoX1iAD4DoFcsWvx,tron,USDT,issuer_freeze,,,2024-10-11
TLUVh23fbZThE57pzdBf9JydJVjnFR1DrH,tron,USDT,issuer_freeze,,,2024-11-06
TLUcMY1TXBPBRAbxZCdVPyBxjNg9rzqGb7,tron,USDT,issuer_freeze,,,2026-06-25
TLUrcMiEXdqZhVDXbQ3LL2PNAxYQ3Wgdqj,tron,USDT,issuer_freeze,,,2025-05-22
TLUuJWVWkLp2AVvzskYtGkj4EU5vUvZTqw,tron,USDT,issuer_freeze,,,2025-07-12
TLVBjvJRkecbKViiDT2Uu1gyZdeBvqVd2g,tron,USDT,issuer_freeze,,,2025-05-16
TLVCBhh9WgNFWfhPStPf7W7pCy4BLqXAxB,tron,USDT,issuer_freeze,,,2026-07-09
TLVKL5wtM2GzeFUx3XWpnP3voew5cbQXr9,tron,USDT,issuer_freeze,,,2025-07-12
TLVPGevLEGhwMyT3jF5LbtRTrjEHgtT1zV,tron,USDT,issuer_freeze,,,2025-11-04
TLVSDypgdtRTd1yuGNquCLMoDhgkVrCgmo,tron,USDT,issuer_freeze,,,2024-04-09
TLVeZKFHFXhzKwgBpV4QFrvwoxir1iKHrA,tron,USDT,issuer_freeze,,,2026-06-24
TLVg6tzW5vN1XqenMVymSgToJDMAsnDRRo,tron,USDT,issuer_freeze,,,2026-08-11
TLVmnmNxWTLBuG7neFDrVLyNA1NHZe9S3a,tron,USDT,issuer_freeze,,,2026-08-08
TLVoDGnMotbybthpYhbbxtyEcyMUr3yZNN,tron,USDT,issuer_freeze,,,2026-06-16
TLVu3t1CWZ3iGRyzEay1HPBihEn7ZEyFGq,tron,USDT,issuer_freeze,,,2022-10-06
TLVv6BDLXgrLyLMELdwebXP79eZpJhE1Yq,tron,USDT,issuer_freeze,,,2026-07-09
TLW4me3DCViejRrEaG4CzdRfzmgL59ZbLe,tron,USDT,issuer_freeze,,,2025-07-12
TLW5n8Bf7wknJBvgyTW8QUXci93wx67dtv,tron,USDT,issuer_freeze,,,2025-07-12
TLW6zEJNYNYRe25eCAoCpNJjgq3u94Amqm,tron,USDT,issuer_freeze,,,2025-07-12
TLW7pHAnxhDTLkE8hHyfqewc4AUvscifLZ,tron,USDT,issuer_freeze,,,2024-09-12
TLWQ7pVEezn6aWtcmo5AiFRmEACwZyyht9,tron,USDT,issuer_freeze,,,2025-07-12
TLWcGg9bTnEJjWBtMvPzX2MLXcyJfyk8Bj,tron,USDT,issuer_freeze,,,2024-10-24
TLWx8bT5Wcunx1ps3KZXFnoyG8c6ccAZfA,tron,USDT,issuer_freeze,,,2025-07-09
TLWzHe5XMXKLeewwTJCBZChJ9xqZHttte6,tron,USDT,issuer_freeze,,,2025-07-12
TLX7JAEDkQ6WK5ufV4zraBZy3kqRSrU6bb,tron,USDT,issuer_freeze,,,2025-07-12
TLX8w3VMUiM1xLei2m6Xk7MpZEYo5AtAqP,tron,USDT,issuer_freeze,,,2025-12-17
TLXBA6R331UVD7AkxJsCHGV1YS2wsjJwSA,tron,USDT,issuer_freeze,,,2024-08-07
TLXDJUauN4vgN75tJtCbXiAm4mQaDTmTNY,tron,USDT,issuer_freeze,,,2026-08-27
TLXLDnChy3sQYsGnneU5ybCWBeBydDkFSG,tron,USDT,issuer_freeze,,,2025-07-12
TLXibTj488HCiGXxLdT7D1boWSYMMFcLWY,tron,USDT,issuer_freeze,,,2026-06-27
TLXrgEWxGvxTPZS7bikYqopQeMMh1gyuFT,tron,USDT,issuer_freeze,,,2025-02-10
TLXwbQDwwQLiA3dN3uMU7FjAdo9bp47HHZ,tron,USDT,issuer_freeze,,,2024-12-04
TLXygJAvdHSfHVSb7yDoUqHQPcTgwVQwaY,tron,USDT,issuer_freeze,,,2026-02-13
TLYRTNjC6rNTB5BKRcJQBm2xYBRBfQA72P,tron,USDT,issuer_freeze,,,2025-07-12
TLYsLM78QoxuUFLdPCUYQhihSvZJLrkCv3,tron,USDT,issuer_freeze,,,2024-09-22
TLYwiW3wjxChh3pq957qeKgRUaSDWABRsF,tron,USDT,issuer_freeze,,,2026-06-27
TLZ8vZCeAVDBrTbHpLaB5mucn1zC2Dc6bZ,tron,USDT,issuer_freeze,,,2022-10-06
TLZ9HJS1gisKrrPWmejm9DL2jMTLzj1j6F,tron,USDT,issuer_freeze,,,2025-07-12
TLZGpGmuZcyLa7nrG1JUb1nYzzr1pCDGXX,tron,USDT,issuer_freeze,,,2026-07-01
TLZJL6bi25J3x4ricHJ93ovrNFDvQbs8YB,tron,USDT,issuer_freeze,,,2024-04-23
TLZKyFVQBtpTYh2k6wgERUEviykaWmTgQ9,tron,USDT,issuer_freeze,,,2025-02-05
TLZdQvWVR1KZ64Lf7LWhRk5seu5BzEfYcz,tron,USDT,issuer_freeze,,,2025-12-23
TLZevka3xajRnVj8yji7KuvN6wgLKb7cbD,tron,USDT,issuer_freeze,,,2025-04-17
TLZiKkccnBs2hg21dD55HZJLhQWFEgkjVU,tron,USDT,issuer_freeze,,,2025-03-19
TLZrUJCgDcNKSjdWvfzLoqen4xEQbUVW9e,tron,USDT,issuer_freeze,,,2025-05-26
TLa5xXKojnL86uxxGGFzJX9h15t2WzLVZD,tron,USDT,issuer_freeze,,,2026-07-28
TLa7uqu91Lpgiu6mikUSWTnz5dyVkpaNoS,tron,USDT,issuer_freeze,,,2024-03-24
TLaRq491j2tdyYF54GbJynwbF8wNaVYaKb,tron,USDT,issuer_freeze,,,2025-06-25
TLambc6ybgV2XAMDVswxtxF883VR9Y1RCt,tron,USDT,issuer_freeze,,,2025-12-24
TLapWJeJCemDnkm2i2ZPC7PFV6gQ9Pnr7M,tron,USDT,issuer_freeze,,,2024-06-11
TLb8h1T6JiFV8gn6MU1PjHNnzZo9ECAqMa,tron,USDT,issuer_freeze,,,2024-07-15
TLbAQGQzPpdYuxQd55ekANfPCT4SEvBGBa,tron,USDT,issuer_freeze,,,2025-07-12
TLbCdStwpBihH4k5QQbvoBEWfZdnuWGVEb,tron,USDT,issuer_freeze,,,2025-05-26
TLbvSZ1HqAn9s5X4rQUASZcbQRuZNFWqpF,tron,USDT,issuer_freeze,,,2026-08-31
TLcDu4fpzuWhC2jcQKcfsNDaXKW7WURGKQ,tron,USDT,issuer_freeze,,,2026-02-08
TLcRi35rBV9Ws5ecs4fauappmPkeHSbFj9,tron,USDT,issuer_freeze,,,2024-08-21
TLcnGBBaD2whGZ5njoW1zmzpP8BVh5pFXg,tron,USDT,issuer_freeze,,,2022-12-22
TLcnXtYcLyGSdev8i5SjGbYKUJ98D6HJoN,tron,USDT,issuer_freeze,,,2025-04-14
TLcza4zUSuLEzhK5fFRHVLtBY3ZXuZJdbW,tron,USDT,issuer_freeze,,,2025-07-12
TLd57iNtge5ZjB89VdcRz9MDoS3FM8XRHz,tron,USDT,issuer_freeze,,,2025-05-30
TLd7N3WGB4evpeYDnhcTrV38Y4LxtozT3L,tron,USDT,issuer_freeze,,,2025-09-12
TLdFL9ab2uK4Kb681b8oQkXaqZoiV2ak2W,tron,USDT,issuer_freeze,,,2025-07-12
TLdQ6ttvKpFYQWGLn7ZaAEQT35hJXZeb77,tron,USDT,issuer_freeze,,,2025-07-12
TLdT5XaD1WVfQLYqZ3RzdS77DG2EzbVy1q,tron,USDT,issuer_freeze,,,2025-04-24
TLdkP66cTakRzXiriVmvPttgu2xcViSbRn,tron,USDT,issuer_freeze,,,2025-05-16
TLdw5LVnQLAYuXU4TR9rgBWCsvP7bZxeZ7,tron,USDT,issuer_freeze,,,2026-07-09
TLe2Fdr4mauRjkW9Zqeb7FzASiby44KEcu,tron,USDT,issuer_freeze,,,2025-09-04
TLe3KmwanNfw4UuAacGX9YXHCgrySFsm2i,tron,USDT,issuer_freeze,,,2025-07-12
TLe3kDVk4kRZpic9tRSiJaskLKZX28YHAC,tron,USDT,issuer_freeze,,,2025-07-12
TLe9HkEPH6uUzWCs3QB4GN9WKLyKVrvoKG,tron,USDT,issuer_freeze,,,2025-10-29
TLe9st6sTcn7PKs99mkq96PJutEiLpTJRK,tron,USDT,issuer_freeze,,,2025-02-10
TLeK4xcFzf7L58iNNt3kfL5Qg6uSJHXw8x,tron,USDT,issuer_freeze,,,2025-07-12
TLeLLfqe8dz2oQYgKXsiEFJAU3Xf4egoKN,tron,USDT,issuer_freeze,,,2025-03-03
TLeu7xz3FVKdEFT2rUVZbPC3wRZcHY72yM,tron,USDT,issuer_freeze,,,2026-08-31
TLewuX51z2EjPcyvL1ZzAkTht58ruSpsPR,tron,USDT,issuer_freeze,,,2026-05-13
TLfMJNp4FSK2huoDrBHjyHcNfbV5zpkNhG,tron,USDT,issuer_freeze,,,2023-10-02
TLg2DnWZ77sjSuM4KpA5yrJK2crRsaGMEk,tron,USDT,issuer_freeze,,,2026-05-29
TLg3bBpf8igqUeNbY5haX4QipxoPd4bYMi,tron,USDT,issuer_freeze,,,2025-10-28
TLg5ops1Hc3EkH7CV1rgdhSuyCSUyRZCy4,tron,USDT,issuer_freeze,,,2026-01-31
TLgJDd9fTX6mCGNxqbtNugeDskdrZwkqWU,tron,USDT,issuer_freeze,,,2025-05-26
TLgXd5Zn5WtJiE8GHBkQWeSTDhpZmekJSo,tron,USDT,issuer_freeze,,,2026-05-11
TLgmszPUhJimzVwEHG9cB2juTwy1NdPvQ1,tron,USDT,issuer_freeze,,,2024-11-14
TLgvdqH5mGRsqrR7U7sqZhE23SBHop7BCs,tron,USDT,issuer_freeze,,,2024-09-26
TLhbNEGp8o3nd7KTHCKrC4sqEeWn9wJgn6,tron,USDT,issuer_freeze,,,2026-03-11
TLhdR5wAmWihtGHmbufsKRFpmQoLLkfqEd,tron,USDT,issuer_freeze,,,2022-10-06
TLhvhEriSp7UEUsU88Fcak7jtx8VsAZLH8,tron,USDT,issuer_freeze,,,2026-09-12
TLi7xAzo5KBbzeSTa3GzbWXFjCfBhPyaHY,tron,USDT,issuer_freeze,,,2025-07-12
TLiJeLtp9QYi8JQX4io8HJCYXQCLYyHNs2,tron,USDT,issuer_freeze,,,2025-07-12
TLigLX19Nrtj8faacMWnSLDMP7vgR7caEp,tron,USDT,issuer_freeze,,,2025-07-12
TLigXZU6sQjx215WBiBL754jGA1hpxSnPE,tron,USDT,issuer_freeze,,,2025-03-21
TLimjsb96rd7tiXgPL3RXtCy2euaWycSoG,tron,USDT,issuer_freeze,,,2026-02-23
TLivG1x3R7Wgjha1w7Xgz2XWcWRV82yK8c,tron,USDT,issuer_freeze,,,2024-04-09
TLj5yV1NMbScAyhqT74y1z2B1zzZA29vri,tron,USDT,issuer_freeze,,,2026-04-20
TLjWhP6nvfyWZy7eabgR6PsLu33PRtobyu,tron,USDT,issuer_freeze,,,2024-10-30
TLjYMGC1itb4dmxxaKMAudDz8oMf8Kf4bx,tron,USDT,issuer_freeze,,,2025-07-12
TLjfzDKqkRWm5YeWfmf12JDac2PZPb7ssK,tron,USDT,issuer_freeze,,,2026-04-03
TLjrvEArAbo2LJzqGeUDTV9MVvQ1tFEn8K,tron,USDT,issuer_freeze,,,2025-03-05
TLjyvjhK2pG6xq44YQux1vAQBg2v2Ut7Ku,tron,USDT,issuer_freeze,,,2026-06-10
TLkbgaJwdzr5d6pUzPmXsMCQP9UTrwgjWK,tron,USDT,issuer_freeze,,,2025-08-12
TLkoKHyPLor3xkrsT5aL2BLeHfajqXRLvx,tron,USDT,issuer_freeze,,,2025-04-10
TLks7VUs3Y6ah52mdYrVQRkxXjxtN8qVg3,tron,USDT,issuer_freeze,,,2025-09-10
TLmFpfYswjaGcg4jWpqWQmyeUPZ1kzH6Kj,tron,USDT,issuer_freeze,,,2025-10-29
TLmR8RSiq8BTxkSYx9M7wEzrcAai7NwSeo,tron,USDT,issuer_freeze,,,2026-05-13
TLmThsXS2WUgKD85dbp9i6F7jjqBbUaM7z,tron,USDT,issuer_freeze,,,2026-07-30
TLmTsQJLoNgQunDLxE2EwFMbZBiZjfTUhn,tron,USDT,issuer_freeze,,,2026-01-03
TLmUEoWNUMFDwJv2Lmw7BbaNnoWzJixTA5,tron,USDT,issuer_freeze,,,2025-08-15
TLmrhqJcdvv8Gth9ad5cJwP5N81W2AJgw3,tron,USDT,issuer_freeze,,,2026-03-23
TLnDnRf3A8SRpDHAAadiTKQWozj5YBtxyq,tron,USDT,issuer_freeze,,,2025-02-28
TLneTvcFcuqgmBfHyGCvC3mubAP5A4UtZh,tron,USDT,issuer_freeze,,,2024-05-16
TLo5aguzbXQUBbcNbMAzLbW1C1Y3YmPTui,tron,USDT,issuer_freeze,,,2026-09-04
TLoBjQDYRPJxVev6jhQ8gpwuZjKpVpUtkc,tron,USDT,issuer_freeze,,,2024-12-09
TLoJwAy8aEbQfLEU35txd8nF2ZUtYBBWYN,tron,USDT,issuer_freeze,,,2026-09-03
TLoLqAJaUoRBeQM1XcKQaKZXjw2bsurJSE,tron,USDT,issuer_freeze,,,2025-04-04
TLoVcjhMx3rcPbXLn1LrZPfJodPv5qnkMw,tron,USDT,issuer_freeze,,,2025-07-12
TLodFi1nPthrwgKBUaroQ9jyv93fXevUtW,tron,USDT,issuer_freeze,,,2024-06-07
TLohKt6Sj9AbKCNnynH3j2UiobsPFVRuQ9,tron,USDT,issuer_freeze,,,2022-10-06
TLonFHX4uEu3j2zBBLYNtmaSSqKdV24TEC,tron,USDT,issuer_freeze,,,2025-01-10
TLowkxB9f8TfTVSTL9rhVYdRXPbjTExNC6,tron,USDT,issuer_freeze,,,2023-10-31
TLoyEbXB3BEnCFVsTNwUxk9p9Kcy8ev8vV,tron,USDT,issuer_freeze,,,2025-07-12
TLpL1z7ARXRPfKBjFacRPUYgeGgEbnXCa1,tron,USDT,issuer_freeze,,,2024-11-08
TLpcHSHZpwRD7kY2ipfux5thZEP5WADujt,tron,USDT,issuer_freeze,,,2026-02-02
TLpkdDrBY3myYSFq5oksbaJ99HiboVqGC6,tron,USDT,issuer_freeze,,,2026-05-08
TLq22DfmJgv2bMMLVTeUWDQKowq2eNq3s6,tron,USDT,issuer_freeze,,,2025-07-12
TLq5jP2J2ebYghCX1mXP9gcFRfjPbcrfZs,tron,USDT,issuer_freeze,,,2024-04-09
TLq62zvvnfwBXFxfsgM7KEeVu7aRQQqCm8,tron,USDT,issuer_freeze,,,2022-07-31
TLq6rx1VCWZNY13en61fCaf3dsCsLgdMj5,tron,USDT,issuer_freeze,,,2025-12-24
TLq9d3Nk6j5ZPBHv4zRBQQ12CGrx6KZ4HV,tron,USDT,issuer_freeze,,,2025-07-24
TLqMfNyVwrSiEH35qtrty8PvJNgQ2TEDHM,tron,USDT,issuer_freeze,,,2025-07-12
TLqTqcCrC1Qg1u6zJKE6T7pGWJ1EkuZZE1,tron,USDT,issuer_freeze,,,2025-07-12
TLqUwmkCP7i21mGXUBi2Juwdc91wwfiX4n,tron,USDT,issuer_freeze,,,2025-07-12
TLr7ZeEYSBoHEjYQrAiEC9wq5C53HvVQHD,tron,USDT,issuer_freeze,,,2025-06-20
TLrEsh88fsY3HNwWjTQVbCk2S2GB35qnRU,tron,USDT,issuer_freeze,,,2026-03-27
TLrWBwMQA1T2tb2CBUGbAk8WcgwTdEgoTQ,tron,USDT,issuer_freeze,,,2021-11-09
TLrbfNCfmgizL97bmdDxuJAWmhC9DdroRt,tron,USDT,issuer_freeze,,,2026-02-11
TLrczRYAgESX76VxREd2uPqzGMpvngucRN,tron,USDT,issuer_freeze,,,2026-07-06
TLrfhWhg32twikAbHHBxWkULUCkX97Uhat,tron,USDT,issuer_freeze,,,2025-12-04
TLrtYGuuZiLzQcNDRyQx8WVna4pxNj4GwF,tron,USDT,issuer_freeze,,,2025-07-12
TLs7Qh5t9Z6GN14jtQk6KNihxGQ5KtgFzm,tron,USDT,issuer_freeze,,,2022-10-06
TLsC8kYxW7ptPBXnhZ9kfK33x5tKVmUWZp,tron,USDT,issuer_freeze,,,2026-02-26
TLsGCf5SqCoSRFxXxrm1mGHFZa2pigqsoS,tron,USDT,issuer_freeze,,,2022-12-28
TLsVnii4CefYqWz5iYV59wHEfp3L5kCo6d,tron,USDT,issuer_freeze,,,2022-10-06
TLshaaavZFk7sN4688X8RFxCBBcGpjAsEx,tron,USDT,issuer_freeze,,,2026-05-14
TLsy9uXRLxA3pd5V7GCNhLMuGT2LhdByMx,tron,USDT,issuer_freeze,,,2025-07-12
TLtkjg2xswPY76u5MA6oAA7d4Ei5ikRQcK,tron,USDT,issuer_freeze,,,2026-07-03
TLttDMMdbU5qxhqFGMoERvZUv1fre8uuFy,tron,USDT,issuer_freeze,,,2022-10-27
TLtxTrqkTPjDtYoeNkDGix6U8WJMi4jx52,tron,USDT,issuer_freeze,,,2023-07-06
TLuH9hEEa1ACBrgz3XmnnuteUPMAttM3am,tron,USDT,issuer_freeze,,,2026-08-11
TLun1MMnA1K6SJD9r7yj7CFp9MM7qG9UJR,tron,USDT,issuer_freeze,,,2025-05-16
TLuqAGtWLESqFMcRa6avTWuD6bu2G1BCBD,tron,USDT,issuer_freeze,,,2025-01-10
TLv2pzHZaHyY8k5nWfCE6cGGkLwdQCi3Dg,tron,USDT,issuer_freeze,,,2024-04-09
TLv3vNTF4LSQvGFSB6Eq38DVyjevUpENhC,tron,USDT,issuer_freeze,,,2024-08-29
TLv5MtyeRzi3QMVtxgCy65bRDHFq3gCy9k,tron,USDT,issuer_freeze,,,2022-01-10
TLvQL3uA9kkS82T5jrSMvTmn2cfN3jTkCa,tron,USDT,issuer_freeze,,,2026-04-28
TLvR1paN9V6uBWSAkpwb8bqG8nBMf8vtBd,tron,USDT,issuer_freeze,,,2024-06-17
TLvmLspsvPDzuBiZNygYADRyWxrtixh3cn,tron,USDT,issuer_freeze,,,2024-11-14
TLw1T9wv4yfL8Uygdxoyh2iADJPJVd96wF,tron,USDT,issuer_freeze,,,2025-08-27
TLw5sgJG99fQkAsQaXozhZcZvB8othq5Df,tron,USDT,issuer_freeze,,,2022-10-06
TLwBurYsMt8BScrTNz36BKzDPYgxsJCRd8,tron,USDT,issuer_freeze,,,2025-04-10
TLwDiTpHbipbAX798gz9mKwDZmjfAeEDSK,tron,USDT,issuer_freeze,,,2025-07-07
TLwFZVFCpHcJuxBGiNCbPPdQZ4EYyH4kyU,tron,USDT,issuer_freeze,,,2026-05-16
TLwM3huHHQfAFM3jrkrXiAzjXtr5rVaMVD,tron,USDT,issuer_freeze,,,2026-06-21
TLwTgnkPw5NCLWFZ3P5drXQEts2b3EwfNa,tron,USDT,issuer_freeze,,,2026-09-13
TLwn9dAd94g9RH15FusX8iyDTAShkuEPRC,tron,USDT,issuer_freeze,,,2024-07-23
TLwsXJS3vssuhXiabs82Czk18Q4LhqGEUj,tron,USDT,issuer_freeze,,,2024-06-18
TLxAtJzreTPWBHeiqxUSyu4fi5GjKRaoFB,tron,USDT,issuer_freeze,,,2025-04-28
TLxKyEgCVkzdw3cLJHwSvNHbhQAuzxfWcR,tron,USDT,issuer_freeze,,,2026-03-27
TLxchVVra8dQCZmGrjMtsNF1jjd9EE7BBP,tron,USDT,issuer_freeze,,,2025-07-12
TLxo7oabDkECuDVsnctWfhYEP4tWMK78iE,tron,USDT,issuer_freeze,,,2024-07-30
TLxrPLPt3njpwTEaiBWTErJegrSDc9RMQ8,tron,USDT,issuer_freeze,,,2026-03-26
TLymkByoQrqRKjtDjHFbc7fxhNK4gQ7uVC,tron,USDT,issuer_freeze,,,2025-03-10
TLytQ4drm3DCy2RCL4wFDc5ALsa3jbkxRQ,tron,USDT,issuer_freeze,,,2024-04-16
TLyxsb2U3bQZodoP3y9YcpH9AV2XFmFCZf,tron,USDT,issuer_freeze,,,2025-05-16
TLz51nr6MZEXM2RfijaoRc9LxH4dKVrRcf,tron,USDT,issuer_freeze,,,2026-08-10
TLz6vPiY1H6mzTVJKFzUWy4eHVTctsbTnP,tron,USDT,issuer_freeze,,,2025-10-06
TLzC28wfmKtrzudhfiPgfzSPqjDVKjWHT1,tron,USDT,issuer_freeze,,,2025-01-16
TLzN4JbPqGc1X7qpZ8sqQg8b2iBJ8PYzqA,tron,USDT,issuer_freeze,,,2026-09-09
TLzPS3g24whXrm3u7RBYeYyWc4L9xsPZA1,tron,USDT,issuer_freeze,,,2025-07-07
TLzRuE2AqHnyFYhqNAmwLTHKrnG2hKTGKf,tron,USDT,issuer_freeze,,,2022-10-06
TLzZW1UDi4RoZ9aEDX8AsMKE7DQfjjZpaL,tron,USDT,issuer_freeze,,,2025-07-12
TLzpeLH5PzsrkGt4h5o7r5xDspfjq4QyBu,tron,USDT,issuer_freeze,,,2026-01-26
TLzxX5aatTszwUKB7YRJV1xopQb3tn2w2j,tron,USDT,issuer_freeze,,,2026-03-13
TM1PZV768W4ATYVFgT9gGnnqEtsQqV5qqJ,tron,USDT,issuer_freeze,,,2025-12-23
TM1RA9GTh3YgyrXdgZYVSsfodmNxFnmkid,tron,USDT,issuer_freeze,,,2025-06-30
TM1UJUuSLW9hZJ3XG3AqP3BKrxN7wuXDAb,tron,USDT,issuer_freeze,,,2026-06-18
TM1hMwS4mSJsVBnEpgYTBKgAYhqeuj2PVn,tron,USDT,issuer_freeze,,,2026-06-30
TM1o6HMkPmi2bJfaTsmhWmXJaZkGZiwv4w,tron,USDT,issuer_freeze,,,2026-06-01
TM1ywQ3ApL8ai2VTR6515fmzNdgFdKfa6J,tron,USDT,issuer_freeze,,,2025-04-15
TM2SzDHaRE9L89y1Yfsf8CvRz1THkB3irC,tron,USDT,issuer_freeze,,,2025-05-13
TM2fQKjvwdUnCTkygPM4pxJKigHpMRr6Su,tron,USDT,issuer_freeze,,,2026-07-24
TM2gVtWVxsMJTCmCiBiAUTxDuLKUWkeZJr,tron,USDT,issuer_freeze,,,2026-03-02
TM2oX6Hfbg53dnsDRfu6e97zgbCW5TBRdP,tron,USDT,issuer_freeze,,,2025-07-12
TM2xwqYoZwPyYzhUhuDmedWDNBER2vYDQr,tron,USDT,issuer_freeze,,,2025-07-29
TM36cvEEkSYq28nb3Y3TXH6aiH1sGAXQ1Q,tron,USDT,issuer_freeze,,,2024-11-12
TM3AxFyPfd8LFmG2ZS64YBC5LBGCwgTWQ8,tron,USDT,issuer_freeze,,,2022-01-21
TM3DsNtyU5XVdcXu94Fk5NVehhBq77EqnB,tron,USDT,issuer_freeze,,,2026-08-11
TM3GhUgcHpta2QhtGFAheNVCk3husRpaLB,tron,USDT,issuer_freeze,,,2026-07-01
TM3U6kpzpdcCij8gyEmxDW13eJpDVF33xb,tron,USDT,issuer_freeze,,,2026-07-14
TM3W9m6tT81jpnbtNrzJdywXtu6istrULN,tron,USDT,issuer_freeze,,,2021-11-02
TM3q911EyUiabRevJbBLLXDGNGBjavufB3,tron,USDT,issuer_freeze,,,2024-10-07
TM3tDd6hZ8YTEYV8p1NaH2qcSuUifCQeKh,tron,USDT,issuer_freeze,,,2026-07-21
TM4gZzWAWqWBooFU25XJpCsdFXGjEbkBiz,tron,USDT,issuer_freeze,,,2025-10-09
TM4jkAoDVF461G2jhfruCVTLNdUPmSfooA,tron,USDT,issuer_freeze,,,2026-01-26
TM5CEDk1otW463dN5sdG33AepvDBYM4KLm,tron,USDT,issuer_freeze,,,2025-05-26
TM5MmrHgNApkc2FMe17ZWtMCpYcC1F5eBw,tron,USDT,issuer_freeze,,,2024-05-17
TM65iK1pC39emozdMMgVH5m8C7awBd1b8C,tron,USDT,issuer_freeze,,,2024-04-22
TM6NU54JkGY8KdzQktzSAPmgtjxbx1LYyv,tron,USDT,issuer_freeze,,,2026-03-02
TM6pgcTKeYxzmcAAG9XiLey9S3gPT8PNua,tron,USDT,issuer_freeze,,,2025-07-12
TM77PXVisT1Wga5HwdNxNT3vwZzmC6cpCd,tron,USDT,issuer_freeze,,,2026-03-03
TM7VSpYsBACb1BnX9SrjP7DyGZEbdtzGpk,tron,USDT,issuer_freeze,,,2025-05-26
TM7bS551hn1qu8WUchrxjNxNzvooGPBX8i,tron,USDT,issuer_freeze,,,2024-09-21
TM7kHKkNVTvCZ75WiNVLNcDKvoNE1bE6jH,tron,USDT,issuer_freeze,,,2026-08-11
TM7wrTnY4wu97s3FQfuGudHsXQXricSziX,tron,USDT,issuer_freeze,,,2025-07-12
TM8BfP8NXmGUBrAETSSCWuA1sna9qccUbn,tron,USDT,issuer_freeze,,,2026-03-14
TM8NbJUUaJ2MiXGo6YXtuHzoQzKo5Xbzpn,tron,USDT,issuer_freeze,,,2025-06-24
TM8SuiEU7MxE4WJF58RgG9evWARTPKXMLR,tron,USDT,issuer_freeze,,,2025-04-09
TM8e71HtdoBCc9fNvsHC5qYrc259TJPTPB,tron,USDT,issuer_freeze,,,2025-06-20
TM8yYT3PMZco8fUCBDYweutZSaQuZkaChV,tron,USDT,issuer_freeze,,,2025-08-18
TM9797VRM66LyKXq2TbxP1sNmuQWBrsnYw,tron,USDT,issuer_freeze,,,2020-09-15
TM9MFCAiixoWRSD8CmsXqLKhMKtCyPHQs6,tron,USDT,issuer_freeze,,,2025-04-24
TM9VNeiEa1DcjDfSYNLC6vgVPJwEZ1b1QX,tron,USDT,issuer_freeze,,,2024-04-29
TM9XjNEJp43ErSFhkunr3Y2KEiiyEii14L,tron,USDT,issuer_freeze,,,2026-08-15
TM9g6qDvbkFajCbFem63iPtVewjvKZ3Y7s,tron,USDT,issuer_freeze,,,2025-12-24
TM9wtBDsiShLQFpFwcPGtUdjprsRiMPhPy,tron,USDT,issuer_freeze,,,2026-03-13
TMA5rHfZpmVXMmBB59JQ77XdAACTzhiAVB,tron,USDT,issuer_freeze,,,2025-06-11
TMACcCes8LuwSaGmwznT6KHXEdtH1sCdf8,tron,USDT,issuer_freeze,,,2025-03-21
TMAQnmveozBeN5dquVeyA7iThhaoACwzzS,tron,USDT,issuer_freeze,,,2025-10-28
TMB3H7DrWCCGXnbHkdqFZPW9TsjCKSThHY,tron,USDT,issuer_freeze,,,2026-07-20
TMBDrTUtKeCurd5NzdmiYqCDp6zGgZ2q9M,tron,USDT,issuer_freeze,,,2025-07-12
TMBEwBoecm2BhfbfbqP19jrdUhXQDxKrjD,tron,USDT,issuer_freeze,,,2025-08-08
TMBSNVa9cZJVGr9vE4aojvfkApUHyxn9dN,tron,USDT,issuer_freeze,,,2026-06-11
TMBVDmoD9RNvStrVqbQpB4HGQoKqC4Biyv,tron,USDT,issuer_freeze,,,2022-10-06
TMBcTkVut3impGzQ6z51myLdfcF5ZybQCm,tron,USDT,issuer_freeze,,,2024-10-29
TMC1DwG6MFaTPoeD8yNtbsGU5i3PuigNkX,tron,USDT,issuer_freeze,,,2026-08-21
TMDCxi7qm7rSm17PHYRSQJbXwK9kMWffoL,tron,USDT,issuer_freeze,,,2025-07-12
TMDD2LvAEWuoJcF4S64s2VHYTJQE9wA8xJ,tron,USDT,issuer_freeze,,,2025-02-18
TMDG18be1CMXsVQcwYYahiQWjbe4wgrsrK,tron,USDT,issuer_freeze,,,2026-07-30
TMDQ7RxoVaT6mtK3tKzsrDgt3ZhSJxgpTt,tron,USDT,issuer_freeze,,,2025-02-26
TMDYtU7esjgcfFrHChA1E3JpjD5oYCDBqo,tron,USDT,issuer_freeze,,,2025-04-10
TMEAMhhawFyyBNMiEf1Df57YvMdwmuZrwz,tron,USDT,issuer_freeze,,,2024-12-04
TMECxycg2kwYy1F79AbH9tPbJubz8cqxGL,tron,USDT,issuer_freeze,,,2025-06-21
TMEM61iFyHRZdLXRmasEARUV11S6sPe7vm,tron,USDT,issuer_freeze,,,2025-03-19
TMEQW2C5hZ8bhdrumi7SPG1K2BcsiuKkxJ,tron,USDT,issuer_freeze,,,2026-08-11
TMEiEoJme1gCq312dVNbroebK6TAAjis6t,tron,USDT,issuer_freeze,,,2024-12-04
TMG1Bon47NYbApAkhZcroRjAB2Fm2CntdQ,tron,USDT,issuer_freeze,,,2026-04-22
TMG26H6Dctn6NzBebcfH8Aw3ZyfP1Qz2Q7,tron,USDT,issuer_freeze,,,2025-03-21
TMGEhThVHF5beckF18L6BxkVkp1i3cziXi,tron,USDT,issuer_freeze,,,2026-04-14
TMGTyzds3wxo75VY4JxiUX1jbcWByC4NMs,tron,USDT,issuer_freeze,,,2026-05-14
TMH4AxZUisV8QnXaz1KsniNvsrz2hBtefo,tron,USDT,issuer_freeze,,,2026-01-23
TMH4YHfHXWKvNSy86HFN1U7cUcW4cyKmmF,tron,USDT,issuer_freeze,,,2022-10-06
TMHAKjAPqRvov5SdovbeKfVoeuHsAPFFdR,tron,USDT,issuer_freeze,,,2026-07-27
TMHWbxu9taKn8JFFRarg4LUtjNhQXkqZdz,tron,USDT,issuer_freeze,,,2026-05-14
TMHZyiks3mzjxZTW8FgQBQ2htBXJZgbzYe,tron,USDT,issuer_freeze,,,2022-10-06
TMHf5kwT7pJ7etBLMGPiyzAnSZ38a7Zo3A,tron,USDT,issuer_freeze,,,2026-06-27
TMJ8QJFe8TgpzxwqMS6be95uFKQeretZKp,tron,USDT,issuer_freeze,,,2024-12-09
TMJQeJQpqL8DQD5aUkeMPTLuhbGcd5jV2L,tron,USDT,issuer_freeze,,,2026-07-15
TMJT3rdGJ5QrYenYnJ2QhNAGiEqcutKcJj,tron,USDT,issuer_freeze,,,2025-08-29
TMJWE4Sgs3HFSfvQhYGeXqrfBkAmRaSeUN,tron,USDT,issuer_freeze,,,2025-07-15
TMJa6FWP4szk5RHJX26hfeHx6KXXu3d2sY,tron,USDT,issuer_freeze,,,2026-09-01
TMJeTWnq5dDzDzStoEW5J9agvJzKZforYe,tron,USDT,issuer_freeze,,,2025-07-09
TMJfquPfp1BVUfSAsf95bLqGUkzdnbeiXu,tron,USDT,issuer_freeze,,,2026-09-08
TMJnuhW55oM6SJ9f9MkJLgGCv2QXCXAshY,tron,USDT,issuer_freeze,,,2025-02-10
TMKMbmV7cvXq6TvhyGWDxYz2ywjtK2Vn4j,tron,USDT,issuer_freeze,,,2023-05-02
TMKUsPD1tDLjCp8TKuZBrgqTatPqHpeQ3f,tron,USDT,issuer_freeze,,,2025-09-09
TMKccaLYcHvMRHen2C99DBGoVmyDwGKXaJ,tron,USDT,issuer_freeze,,,2025-07-15
TMKkJ9gm5S2gJieaB6jh1y1YTdhvcjvoHu,tron,USDT,issuer_freeze,,,2024-09-11
TML3HjoHLxGKi2HdeXHfDDVQd6zUKbLNhn,tron,USDT,issuer_freeze,,,2025-07-12
TMLEbiygYSo8J8m2Rye5GizjNJf6Sinrz2,tron,USDT,issuer_freeze,,,2025-07-12
TMLHpUzihfwUxNYpJNKQGv5mQifpYP9X41,tron,USDT,issuer_freeze,,,2022-10-06
TMLSa1QUvarLxZwHqhcjGf3QTNpCneJaoQ,tron,USDT,issuer_freeze,,,2025-04-25
TMLzUUnj7PyGaqVMZ9pRBX5p73dxHKwsiz,tron,USDT,issuer_freeze,,,2025-06-20
TMMXbo8F5EaPtVYe8EubE5wCqzWroxtVsY,tron,USDT,issuer_freeze,,,2025-03-03
TMN2wBkCfiMBaGH8j7BrGTRAEmTj3995sK,tron,USDT,issuer_freeze,,,2025-05-16
TMN7YCvqhgZeHiAZSULwGPgsAyh45R1nAM,tron,USDT,issuer_freeze,,,2025-01-24
TMN8qqx7Lbxy4RypwWrpS1cJKcgW29ZTGF,tron,USDT,issuer_freeze,,,2025-10-29
TMNBaFNYA1DGBiDmZcEjU81kRyX8CrkoYJ,tron,USDT,issuer_freeze,,,2024-03-20
TMNQzowTav6HgHacRvEJ1DtpnMRxaYNWtA,tron,USDT,issuer_freeze,,,2026-02-26
TMNSaHFWMfdnpXJpkCfM7RuhVCKUTKL32i,tron,USDT,issuer_freeze,,,2024-11-29
TMNsqRA4h8vVqhz8owEviUzaGKAEgob7GW,tron,USDT,issuer_freeze,,,2024-10-07
TMNuRDYrC9sPNYX2KDE96RnQwWSoSbHVoG,tron,USDT,issuer_freeze,,,2024-10-10
TMNwBvDrTnSt1YJHXRASkbm5K4CsiKJtXj,tron,USDT,issuer_freeze,,,2026-05-07
TMPQU2kXkicKUPEsUbq9NckuEQBEy4mvzz,tron,USDT,issuer_freeze,,,2025-07-12
TMPWDhiDNKjaoZb46YPxbSq52EeLEkDwtr,tron,USDT,issuer_freeze,,,2026-09-09
TMPaZcybJJc6NBgJ6wcnfCEfBcrikFwbEF,tron,USDT,issuer_freeze,,,2026-02-20
TMPj4aghoHxjatV3wNGphEJc6JgE8By1vy,tron,USDT,issuer_freeze,,,2022-12-06
TMPxNrUsLwdcpiZSMTMFQRLGxyF4tJAbMy,tron,USDT,issuer_freeze,,,2026-02-02
TMQ8rnD8kKrgRYas49Y2vkXHEAC513o2Cw,tron,USDT,issuer_freeze,,,2025-03-21
TMQNrndTRe8wvyRxc9izpreEAzP2888888,tron,USDT,issuer_freeze,,,2026-06-11
TMQPu3otKQPUEdTjrCGHAbac5jM4ypxagm,tron,USDT,issuer_freeze,,,2025-08-08
TMQiHsVC8cwUPqLSyrgDpRMGqMEToMFeno,tron,USDT,issuer_freeze,,,2026-01-31
TMQzU5VjwDka3SfogPNGaKkP51sPczp1Yh,tron,USDT,issuer_freeze,,,2022-10-06
TMRBgJhfETpLX9UWt9KPz825B2aTe89gha,tron,USDT,issuer_freeze,,,2022-10-06
TMRKk6aWYTUvZC35nLxSSi4cEKB49CEs5z,tron,USDT,issuer_freeze,,,2025-08-06
TMRU9syYwhvhT5XRDQjXk3bJH63D5y6v2c,tron,USDT,issuer_freeze,,,2026-07-29
TMRq7K9XPpfedTJDPu1wtQaeNdYJ1vCPkJ,tron,USDT,issuer_freeze,,,2023-03-09
TMS7KvmGBZoxngBaMAmXmTojHmS4wepnPT,tron,USDT,issuer_freeze,,,2025-06-20
TMSCdKNhafcTLaHZtuHmsVy2XSHUMCDgGQ,tron,USDT,issuer_freeze,,,2026-09-13
TMSVCJYBCB5GUkP4TR8ja1MkGwAYRuDxuM,tron,USDT,issuer_freeze,,,2025-03-04
TMScCtZubvcgNykzgj1PAP4iqcUd4NMFuB,tron,USDT,issuer_freeze,,,2026-09-06
TMSo9whhjDgqkRkFBusFLVWiWoVNPY8zfd,tron,USDT,issuer_freeze,,,2025-11-05
TMSpAgUCCywc8pYTT1xLfyynzqhLdYK6dp,tron,USDT,issuer_freeze,,,2025-11-22
TMSwSMnXXjHPoRM2Q2aJCowZYTi6pSseSJ,tron,USDT,issuer_freeze,,,2025-03-03
TMT4L8Pi4zhwDMSvRDeJxBPX2nnjyUm9pD,tron,USDT,issuer_freeze,,,2025-04-09
TMT4Xc5AxH6cxTtMJ7gXoa6m5sTqEQwDuH,tron,USDT,issuer_freeze,,,2025-07-12
TMTVZKQirZhS8M7DyoKHETShvq5qaMMSvK,tron,USDT,issuer_freeze,,,2025-08-18
TMThnHLUnTJqzsfGcjbBwgj2Y6SMAa9JEU,tron,USDT,issuer_freeze,,,2026-09-02
TMTvzMx5kQTPmGpjvakGp4SDD4oJ2L4iPw,tron,USDT,issuer_freeze,,,2024-10-11
TMTwtg7sNEdoudSBEma2QdCUu43xhDz2JN,tron,USDT,issuer_freeze,,,2023-07-22
TMTyxmoY9Psov5gDVN3BXpzGj5i1yZs6z1,tron,USDT,issuer_freeze,,,2026-08-07
TMUFVC4vMpT21VYNGx7xebXWBCxLxBENY7,tron,USDT,issuer_freeze,,,2024-08-10
TMUnTJeV9tsAphDJFZ1ozm7RRRWeavFetZ,tron,USDT,issuer_freeze,,,2025-07-12
TMUrUCtNYDSw8rHwDY4m27Y4skC14hhYe1,tron,USDT,issuer_freeze,,,2024-11-19
TMVGvyJWMEZUzg4DpV5SHL2GPDHrPcGN7g,tron,USDT,issuer_freeze,,,2026-02-22
TMVL4bsAoKKsJeMJhRWhzvrcyLigYLMVrt,tron,USDT,issuer_freeze,,,2024-10-26
TMVVa8HruW2q6nydi4nRtj9HABkGRGEjqJ,tron,USDT,issuer_freeze,,,2025-07-12
TMVhHerXqTw5SGNSwVrwQSqxWWCTYsrWXt,tron,USDT,issuer_freeze,,,2026-06-16
TMVq6GJzeTvL7ohh3wAzhdR2xZBEKuHtB1,tron,USDT,issuer_freeze,,,2025-07-12
TMWDFh9RkPoYDmJn51aUVwK7RFwHNRmw9F,tron,USDT,issuer_freeze,,,2026-06-22
TMWLJ9WqMnXEhhvZ5PnujwnLf8w9dawFnE,tron,USDT,issuer_freeze,,,2022-10-06
TMWSA2DNw94AeZez4pCkDFHCiA3ZjERNva,tron,USDT,issuer_freeze,,,2026-02-22
TMYBZkMte8jbjguTjitipGdyvmHPXeyPQB,tron,USDT,issuer_freeze,,,2025-07-12
TMYG1uo3guX6Ec5dnM9eaLVzFMpb21j3RR,tron,USDT,issuer_freeze,,,2026-08-18
TMYHcFSeoyNWNKL7eYmNf67wJccuP8UFxn,tron,USDT,issuer_freeze,,,2025-09-30
TMYMArXR67ZKTXbxTcr5yDaaf1sZAhBgi4,tron,USDT,issuer_freeze,,,2026-07-25
TMYgeQLvqBorxLBhwXfHfwcxkWAbV3vYLs,tron,USDT,issuer_freeze,,,2026-07-31
TMYhWzoQJ1uZWsnFUhb9W1Z9UCv1Q8SNw6,tron,USDT,issuer_freeze,,,2024-05-03
TMYjqQZR6BwJrwuV1jfZB13V4vvPGux62U,tron,USDT,issuer_freeze,,,2026-01-17
TMYtjT2aGUtY16WKF1bkh4ssjoKFKiznqw,tron,USDT,issuer_freeze,,,2024-04-09
TMZ8pGFeKn2yDQF7XGSYWW1BRTZ2eE2GbM,tron,USDT,issuer_freeze,,,2026-03-14
TMZQVBUxRv1GyezraefPA2jRnHuZwrUCSr,tron,USDT,issuer_freeze,,,2025-08-14
TMZrs19p2kAAv85VvnM4JvP2Wh1cAAJdzA,tron,USDT,issuer_freeze,,,2025-03-05
TMZs7wcaHBJp6uCqgafa676uMHaApaWSzM,tron,USDT,issuer_freeze,,,2026-03-13
TMZuDbL9EjBM5PTmeKrcjvw3RPm7Cw9qzd,tron,USDT,issuer_freeze,,,2025-09-11
TMa1ZQnnR4JNgTLDg1zqyFmxtQ2pzovnMZ,tron,USDT,issuer_freeze,,,2022-10-06
TMa2Sagz6pjwaWRcCfkxZPVkuLfbTBq6La,tron,USDT,issuer_freeze,,,2025-08-08
TMaY2yAYeo3vZxc2ATJuR1X2yDWrvsweVn,tron,USDT,issuer_freeze,,,2026-02-10
TMaaWSZ5WAeceQkXYCq9rbTw3TDQGsucXs,tron,USDT,issuer_freeze,,,2024-11-06
TMaf7hGVLGZdMSiCKuoMeSAbsR3qrwUzht,tron,USDT,issuer_freeze,,,2025-01-28
TMahLYBVqRZujJpH46wo3iLCLexUeFhGka,tron,USDT,issuer_freeze,,,2022-10-06
TMakqLMWYqCgzdGLAosnTNMXnbZeyxffjQ,tron,USDT,issuer_freeze,,,2024-10-07
TMb4Y18MQ4EzWBQajB8NXQDcbPvxuqdtPA,tron,USDT,issuer_freeze,,,2025-07-12
TMbPmkMkd3GqQf6MZqUam8pkbcPoaHyBvw,tron,USDT,issuer_freeze,,,2025-02-10
TMbXy3M1QfWJ1wqaAARuvDEknF4v3J5Rj1,tron,USDT,issuer_freeze,,,2025-03-10
TMbfeZp8JTiiXECEHWHyC5VzEhrQgULBsu,tron,USDT,issuer_freeze,,,2026-06-01
TMbxCdfRRJmBmGXSqHjjDtKTE3xic2Lu2N,tron,USDT,issuer_freeze,,,2026-05-12
TMcZp6jk2Bbp8PYUw6khbtaqTn8w9yv1tn,tron,USDT,issuer_freeze,,,2026-01-05
TMcje8pqXezrqa4GDhtHUuRkUX5nczHTLc,tron,USDT,issuer_freeze,,,2026-04-20
TMcm51DwBRsmUEzRhWrnydahA7JQqeHqhH,tron,USDT,issuer_freeze,,,2025-05-26
TMcuVNbgtfogiEJSV2PWKW1FAQCT7hzbcn,tron,USDT,issuer_freeze,,,2025-05-30
TMd3GK7msvBn8tLJsBH8btBMVHXKVHkAp6,tron,USDT,issuer_freeze,,,2024-12-09
TMdUVjh9SNWARWoW2goeXDT55qzQbEejSp,tron,USDT,issuer_freeze,,,2025-08-08
TMdViehbuFn8xVLFcWpMu4SVzLhTtYRxin,tron,USDT,issuer_freeze,,,2024-11-01
TMdWUkiowbxD6UhQJsuDxrd8DeFHp2Yitj,tron,USDT,issuer_freeze,,,2026-09-01
TMdjxWiZSdZ2TRAXtxDLRseJkJ8qpRC4RE,tron,USDT,issuer_freeze,,,2025-07-12
TMdpEUnFHjKiYgoFN6vprS3eAveArJNtPz,tron,USDT,issuer_freeze,,,2026-03-19
TMdrWmSDXFuVujjHMHGXiYsJizVU5a77aN,tron,USDT,issuer_freeze,,,2025-11-20
TMdrhrCaa6R1Jxyi3fQcj1ACHNub2zHwcB,tron,USDT,issuer_freeze,,,2025-07-09
TMdrys6vsddKA3ERvSqvqj44FKJcib7YmD,tron,USDT,issuer_freeze,,,2024-11-08
TMeEucdrpPs4fvn4uPGSR4eWVSFmtCSvFK,tron,USDT,issuer_freeze,,,2025-12-03
TMenr8GS8gH6oV3Wk9r3JvNeohpWeYJZQt,tron,USDT,issuer_freeze,,,2025-01-14
TMfJtyRw6JUXo6vfUfZogNvyxuTt9rWGPo,tron,USDT,issuer_freeze,,,2024-08-30
TMfYEYMTLGZewoaX6ED79at5JvSdubQpig,tron,USDT,issuer_freeze,,,2025-04-22
TMfZjsWsYBt659ydZt291VHEbVXCKax66B,tron,USDT,issuer_freeze,,,2023-03-20
TMfkzRhyE1gtPfHM1GBhxkkHy3XKLuVCn6,tron,USDT,issuer_freeze,,,2024-12-03
TMg4ipbfMLFYUuJZH5kyC4NtnbaR9sDEEy,tron,USDT,issuer_freeze,,,2026-02-13
TMgDAA9U5VHqHxLLVrRB1jcwa7iR6muEWJ,tron,USDT,issuer_freeze,,,2025-11-05
TMgYJ5PqHooCSctFpByZQgpeS4Wh6xWc7E,tron,USDT,issuer_freeze,,,2023-06-08
TMgZBPko1bCYCBMvit2Mn5vaS6gyQwKVGF,tron,USDT,issuer_freeze,,,2022-10-06
TMhmvjYqVAttq9Pqg5kJmfuxqDWSZDzk4R,tron,USDT,issuer_freeze,,,2025-07-12
TMhq3WXsg9SW9mJVh29FQbq96YvysA5uXN,tron,USDT,issuer_freeze,,,2024-10-13
TMiGPY7FDG8NVxyT8AKxAmeATT9FfBGqJf,tron,USDT,issuer_freeze,,,2025-07-12
TMikmf35WW5A8gVCPm9zdX6MUzhZsktjGa,tron,USDT,issuer_freeze,,,2025-05-26
TMiuWLwrML8eVKzGaUEVkYBtziuqd9Bgcj,tron,USDT,issuer_freeze,,,2026-09-06
TMjLbuBrjt4TPFcS587wKxJHC9MdhUB8Bd,tron,USDT,issuer_freeze,,,2025-11-13
TMjSJa7jjQ5zyhfgQw9ZehSZy7rTLJ8ppS,tron,USDT,issuer_freeze,,,2022-08-12
TMjeMPwbKLRMNky4mZDo4nkqhSFNUkxeZQ,tron,USDT,issuer_freeze,,,2024-12-10
TMjiu9KEku1W4NX7x8D2h8cvMZGCq4gLew,tron,USDT,issuer_freeze,,,2023-12-02
TMjkeLYc3qbvM3hNduYnnY1TwP6C3mJpnc,tron,USDT,issuer_freeze,,,2025-07-12
TMjnYLaCtSpN8YH94Rgh4ibYy1RHjuiHs1,tron,USDT,issuer_freeze,,,2025-11-24
TMjqRySrJRnZ72mMgMTvxuYtW4SWdhSXEk,tron,USDT,issuer_freeze,,,2026-03-29
TMjuvw8PYKdFFSPpwsiMBc55fm967qcjAT,tron,USDT,issuer_freeze,,,2025-07-12
TMk5ji4vTGZG8E1RnKEYvaK6kgNobLSTtE,tron,USDT,issuer_freeze,,,2025-09-24
TMkB32xpGXC9YB59dLvzcxB5fMBERzy4xL,tron,USDT,issuer_freeze,,,2025-05-26
TMkHn2fVE9nFUSSbyi7Mbdz54SAJZjwSYD,tron,USDT,issuer_freeze,,,2025-03-04
TMkYzEFRMK4waaqFUiQHmiuPqRynXgc8gi,tron,USDT,issuer_freeze,,,2026-03-05
TMks5hmE25x9WV8UGmehm8skXE1TVeeqYs,tron,USDT,issuer_freeze,,,2025-05-08
TMmgt7sKY8mRK5yYz5up7h86y4WzqUWiL1,tron,USDT,issuer_freeze,,,2025-11-07
TMmiay1dgmupWP79NNV7cuukjyDcBqQXEz,tron,USDT,issuer_freeze,,,2026-04-24
TMmna6u69aZbUxYeqLCLL7UfDHEaPfvkHp,tron,USDT,issuer_freeze,,,2025-05-26
TMmoiAJL5PqbaQ3yNdXpJg7yUotS2VZJdM,tron,USDT,issuer_freeze,,,2024-11-06
TMnFX6W3yLb8R6rHH2VxSrRYAkJnbfCiVV,tron,USDT,issuer_freeze,,,2026-06-16
TMnHCZScM6DJ2P9JNSUSWPPc6BRqEkthMi,tron,USDT,issuer_freeze,,,2026-07-14
TMnNWAT1CrKgYPXZ8CyfA4Ko3c9po8Ka7h,tron,USDT,issuer_freeze,,,2025-12-03
TMnQRo5S4E3BFzgY7ijkTS59U3vT18rX6M,tron,USDT,issuer_freeze,,,2025-07-12
TMnwpXNyW6dB83DiiS2rfeS1cZLEJESkFs,tron,USDT,issuer_freeze,,,2025-07-12
TMoPviGDrso45hB1w47ZCdhKX6fF5bqojS,tron,USDT,issuer_freeze,,,2026-06-22
TMobjpAL3TQFQpdCuLYyixc9N12AdWkarB,tron,USDT,issuer_freeze,,,2025-08-28
TMorueA23Mms7K8keedEQcsZAzyc13c6iQ,tron,USDT,issuer_freeze,,,2025-07-12
TMp4QhwbYuiZBQ3wnyroXecNmT6DQzayTt,tron,USDT,issuer_freeze,,,2026-09-13
TMpLNTBYepiMTjAVt2rQGVgyQSUo1EApnq,tron,USDT,issuer_freeze,,,2024-10-22
TMpVSxYEc5WGNiJTEbqsWv9FnDSaXJUfBo,tron,USDT,issuer_freeze,,,2025-10-02
TMpczvaMkHdzpZkK7gqrBqZc8nzJGhW2q1,tron,USDT,issuer_freeze,,,2024-08-30
TMpjg2zxHv7KT8YnqD9Gdg4JUrXduw4Gsa,tron,USDT,issuer_freeze,,,2024-12-07
TMpoHA93yFAXDjWwqsrQh3Ns3ouYpXSaJ4,tron,USDT,issuer_freeze,,,2024-08-19
TMpof3YD1uRa8yoLfatNUfrF8iTH6QNfh9,tron,USDT,issuer_freeze,,,2026-07-30
TMpojKEmJQP4wzDRQJ53psZaf4Pts32GcK,tron,USDT,issuer_freeze,,,2025-07-12
TMpujam9vsHi5j52Yx4uxUEzA34USDiKGj,tron,USDT,issuer_freeze,,,2025-08-08
TMpz9XfT6T5viFpsVyNPnNisxChUK8qSn6,tron,USDT,issuer_freeze,,,2025-07-07
TMq7L7RsKHtvM7wEDhx4X4qZFXMRNYiEaF,tron,USDT,issuer_freeze,,,2026-03-10
TMq7YxMgdmgrXDTNkUixiRp4YqnZxkB2cu,tron,USDT,issuer_freeze,,,2024-06-17
TMq9Bv2g1Lnc9mPvT9b4xK8CpUFYYDb33B,tron,USDT,issuer_freeze,,,2024-11-22
TMqAz7umgepBvdthuQsbRcEN1BMcqFjJge,tron,USDT,issuer_freeze,,,2025-07-12
TMqQvfPZLJs7MCJ5uvNVzmkz4YoLNJvdVs,tron,USDT,issuer_freeze,,,2026-06-25
TMqdiBr2ExrKQpCysR9gGYBhzdVfCPHGYM,tron,USDT,issuer_freeze,,,2024-08-15
TMrAF1s3f4Um7N5bHk4vpN1j8j8pZx7kEw,tron,USDT,issuer_freeze,,,2026-07-01
TMrrq132oSzsu1qfL1wKVStU7G6wuSv7os,tron,USDT,issuer_freeze,,,2025-09-11
TMrtQHj7C2QmSG3YqwN3Kdv4MxeBJpfTV5,tron,USDT,issuer_freeze,,,2025-08-07
TMrvi19FHzHqMssobjnaxSNktbbNtrDT2o,tron,USDT,issuer_freeze,,,2024-09-06
TMrzfoZhLJDyNUzKT9FHShmUoyBqt5VKcK,tron,USDT,issuer_freeze,,,2025-07-12
TMsjx8pDwFcFzBvcNa3BGWw9XfM9aDoAVw,tron,USDT,issuer_freeze,,,2026-04-15
TMtEoxEjYTee3ZdcDFVU7akaQVFbKCxbsb,tron,USDT,issuer_freeze,,,2024-12-20
TMtSsw1ZqYnFXJTjYVsJbMggbrdxb2n948,tron,USDT,issuer_freeze,,,2026-05-18
TMtU1XmpXrjA3zNHKDHJEN8UZHRDAtyvVw,tron,USDT,issuer_freeze,,,2026-02-10
TMteA2vhLJu6YeTFd9msQJCjHcbPHtFAgm,tron,USDT,issuer_freeze,,,2025-04-04
TMtxR2S838CRgPtJ6QBWPZvo2eLhMNJJ7T,tron,USDT,issuer_freeze,,,2024-10-10
TMunHrvu7UCM8Ro6c968SPwRx9EdLDnHW5,tron,USDT,issuer_freeze,,,2024-04-09
TMvMb52rzQfpy58awWV1YzkcHg9HmBGpei,tron,USDT,issuer_freeze,,,2026-06-01
TMvmVt1uo2EcXGo4yFk9ny9vSH2RWcvsEu,tron,USDT,issuer_freeze,,,2025-07-07
TMw2f7q33Fb2DAruk5wpKjXPTmnEQQ15KW,tron,USDT,issuer_freeze,,,2026-04-10
TMw72pMjMYngKyFHCLxbQwmXzvEcwR6Dkv,tron,USDT,issuer_freeze,,,2026-05-11
TMwEMiUgfS12GwxfRGCFNSB1s6W1qcSWNr,tron,USDT,issuer_freeze,,,2025-07-12
TMwTxkjUoUp5gB12uctwm1bFJoEegHgiKy,tron,USDT,issuer_freeze,,,2025-12-01
TMwVbhqXTL62m6h7teEGpjunp2AqpB2M8T,tron,USDT,issuer_freeze,,,2025-12-04
TMwiWP13ajQvTbo6iJrD1aUKsjnoqb52iq,tron,USDT,issuer_freeze,,,2025-07-12
TMwmKFc9rAd3qDAAQYadX7KZVPnjqckoWH,tron,USDT,issuer_freeze,,,2025-10-05
TMwnp6eAkXKJCJ8sTJ1vGbb4ji4WBn4tH1,tron,USDT,issuer_freeze,,,2025-01-08
TMwrQxEAW2nStP4ZfdTr5CN51aq8HcpW8S,tron,USDT,issuer_freeze,,,2024-06-18
TMx56BMVa9imVE1v4mr1FD8bavnyku3mTW,tron,USDT,issuer_freeze,,,2020-09-11
TMx78z17xu9m5XvDGe8qK8KyKFmAnEEaii,tron,USDT,issuer_freeze,,,2024-08-28
TMxHdTgGTkN6ZqozbCrXyi96xyGiERKYtk,tron,USDT,issuer_freeze,,,2025-07-12
TMxPJQe2Hed1KBTScKqCXyt1vC4s3BqdDL,tron,USDT,issuer_freeze,,,2024-12-04
TMxZepEa9jX7cRvVkkui3kHnvno39SW2ma,tron,USDT,issuer_freeze,,,2022-12-09
TMxqx3AevNwnTgjcwCFU1WWaGZtr9RhUAX,tron,USDT,issuer_freeze,,,2024-10-09
TMybsZdKwkwv1yqBFXd2yxPGpemThz1cGy,tron,USDT,issuer_freeze,,,2025-07-12
TMybuUeqdCVNGfxG3TPzxf6iysBRpbMEr7,tron,USDT,issuer_freeze,,,2025-04-17
TMyhzqtXU6ng3mkRiBL2Ti38mcLVhpRCKQ,tron,USDT,issuer_freeze,,,2024-09-30
TMyqS82WHgm2cmZioztVzhWk4wmgHpm4FH,tron,USDT,issuer_freeze,,,2026-03-11
TMzMnpJwyPBKMXjGohkKgUYbJxSEd4TsuH,tron,USDT,issuer_freeze,,,2022-12-20
TMzWxs8DoCc5Y2x8JXbdaBng9MniWMjC1U,tron,USDT,issuer_freeze,,,2025-08-08
TMzYev47PLKotbvj7gw3ZXkxmPnbKzGya3,tron,USDT,issuer_freeze,,,2026-03-20
TMzn3oX7cawaRhQn14MfjzYJWtGGEHfioV,tron,USDT,issuer_freeze,,,2020-11-24
TMzqm45xKijJar5ZTQFEvyLPG2tofhTM8X,tron,USDT,issuer_freeze,,,2026-05-09
TMztmUgsqHWrXzXNyktkufCWKdm226kA6J,tron,USDT,issuer_freeze,,,2025-07-12
TN12SvsHfFVGPbbDfPJ2nFhCit1Y67xGqG,tron,USDT,issuer_freeze,,,2025-02-10
TN1ouvssD6RjnHRbo89i6KenKiLesAswds,tron,USDT,issuer_freeze,,,2026-03-22
TN1ptVxYivR9TtnCYwZbz7nfnV9obsaqzv,tron,USDT,issuer_freeze,,,2025-06-26
TN1u5XW9LTNmwy5r2D94vuhmSqjjAhNwNx,tron,USDT,issuer_freeze,,,2024-07-09
TN1unLNAZepxZ1w89fJYTaXvLNPhNBqrVL,tron,USDT,issuer_freeze,,,2025-07-12
TN2BaQpEGGrb48hkhgs2hSWxjaJPXn1GNz,tron,USDT,issuer_freeze,,,2025-12-16
TN2YMNuZxjj95eLwvgdRVpfpv5GXEW3SZj,tron,USDT,issuer_freeze,,,2024-06-26
TN2bZNMTvaht4qEmEXQyfBjQzXuW66GqFG,tron,USDT,issuer_freeze,,,2026-03-25
TN2rhkdyf2FjABoZK9Xhx6C6y5moywXc8W,tron,USDT,issuer_freeze,,,2026-04-23
TN3pzmbD9rB12qdo9bueQ4TajbEJW7vPaP,tron,USDT,issuer_freeze,,,2022-10-06
TN43cHuVkGDM77HUioqieX1tx8rzF1sK6a,tron,USDT,issuer_freeze,,,2025-07-12
TN4FeLtGNRdbvpjDg5ahTTTP1Unzr5yUiB,tron,USDT,issuer_freeze,,,2026-08-07
TN4hS3YJNE5iPn7sToHcyBDqqNx64Gk7UA,tron,USDT,issuer_freeze,,,2026-05-29
TN5pr1zPRsET2SMa8QSzqzQdApfVzKLFxg,tron,USDT,issuer_freeze,,,2025-05-26
TN5rgeJBbM2x5EkqA6E2jS5rVgrDgvvt7G,tron,USDT,issuer_freeze,,,2026-04-08
TN5wzrhvs4HKYMPrYZtqvgMFsnFyHAwJD6,tron,USDT,issuer_freeze,,,2024-02-15
TN6YKhCMSnuVTLV8DKfnX9fsjAiHQzduhD,tron,USDT,issuer_freeze,,,2024-03-19
TN6iW22qfXM2c6L8amCvcGx3WcvTShvbMP,tron,USDT,issuer_freeze,,,2023-03-22
TN73eUzKJJG6hL5PFkzUMFS7PzADvNXJZ9,tron,USDT,issuer_freeze,,,2025-07-12
TN7ajvgcWHXSFuGr7jyFQfA9g8RR7ZEqGF,tron,USDT,issuer_freeze,,,2025-07-12
TN7iF7MgBSBNYFr38b3jYiCUEbREJAiWjz,tron,USDT,issuer_freeze,,,2024-04-09
TN7t3ZS3jYTVNZ33hEwyLv13uJdKVr4jdE,tron,USDT,issuer_freeze,,,2026-04-27
TN8AnRAuz4ygV5utm7txWnWzrFx1Sq1f5q,tron,USDT,issuer_freeze,,,2025-01-09
TN8L3NALetJGcTdX8uPL4nLHuV5aqNtLNn,tron,USDT,issuer_freeze,,,2026-09-01
TN8SZ8kuMaAGHNk686X3AHo1ip2X5uzV2c,tron,USDT,issuer_freeze,,,2024-05-16
TN8oNwvp4Kv5U814SnQaLwXup1xRRsqJ7Y,tron,USDT,issuer_freeze,,,2026-09-02
TN92k6F2srZwGydSViJ5QxLx7pmV8YMyo2,tron,USDT,issuer_freeze,,,2025-07-12
TN9PUMnijvHVjGmyrB53m3uHq9E1oTwikP,tron,USDT,issuer_freeze,,,2024-12-20
TN9WhVRGF9BHwn2fNWF4vw7mmKzW2FzkFH,tron,USDT,issuer_freeze,,,2026-09-03
TN9h9Kqh31ADc44BWMgWV2uU2HbRo5NWxX,tron,USDT,issuer_freeze,,,2025-02-12
TN9vkHMcS3KKm393A5F6QbSGjjUaAKDYeD,tron,USDT,issuer_freeze,,,2025-04-10
TNA2HQagCMW7oahZRHo6Dh4crjEAXoa9aK,tron,USDT,issuer_freeze,,,2024-12-04
TNAGPgyyQwPpqKS5bmVXLTfXY9uxCxdZap,tron,USDT,issuer_freeze,,,2024-10-17
TNAJ1VkcSp1kREtA7WjUWEdsuwukxCfTRj,tron,USDT,issuer_freeze,,,2025-07-12
TNAKVrmEy3fuW5zRuNSR42GmxqzWUJg12C,tron,USDT,issuer_freeze,,,2024-07-24
TNAYjUrH6yLmDHvcnw3xZ8cht7mwiXwXUR,tron,USDT,issuer_freeze,,,2025-07-07
TNAcx9njDFFeW5v58MreUy17vZSqFhFHHJ,tron,USDT,issuer_freeze,,,2026-06-22
TNAewty7RFRwCNvpgBHcHSCyGGbde6BMPF,tron,USDT,issuer_freeze,,,2025-07-12
TNB3bWb1WrMqvwfkrrygyq1QyHnzyW9ejp,tron,USDT,issuer_freeze,,,2025-02-19
TNBBvTubywEb5oEe4LFyEDK5Vs93x2g6H9,tron,USDT,issuer_freeze,,,2025-10-22
TNBUHvEXgtRCNmbeHveJoafy7Vgc1CJFCR,tron,USDT,issuer_freeze,,,2025-04-04
TNBWvFHbBDjd2JzPqwSPywh8rv1C4LXjdM,tron,USDT,issuer_freeze,,,2024-04-09
TNBgq47q74fuySeJE6n84bHwhkZkTeqUac,tron,USDT,issuer_freeze,,,2024-02-15
TNBmq8UKQ9mfUgjTzqgN6Ai31WK7EzxW7Q,tron,USDT,issuer_freeze,,,2025-05-30
TNCFQbLiZciYyy4Rz8ZLq9JKRkC6pdUjFo,tron,USDT,issuer_freeze,,,2024-06-21
TNCUJRfaawCNukfEsbV84C6RMtc8Xo1TP4,tron,USDT,issuer_freeze,,,2025-07-24
TNCcey6yY5hwcMAxxmjRRKvvU4yE7YhYhN,tron,USDT,issuer_freeze,,,2026-04-05
TNCsPpZQsGmVtFiHDDBneUUfGxJ1i5YPjf,tron,USDT,issuer_freeze,,,2023-07-06
TNDB1e6zivqMkZXTFpheBLCrBgvNgfdnD8,tron,USDT,issuer_freeze,,,2026-05-14
TNDCM6sMNerd6wP8ZnnZ24mEWPNmZXT23R,tron,USDT,issuer_freeze,,,2026-04-24
TNDNMNXE2QezbMpMYfGHiA2fpCTz8koKL6,tron,USDT,issuer_freeze,,,2025-07-12
TNE8BJRoqnY3kWkUQJeBiaZFh8v9hw9sFb,tron,USDT,issuer_freeze,,,2025-10-01
TNEAp8gs3QgY2jUMKxW39qpmpLyGBDeJeP,tron,USDT,issuer_freeze,,,2022-10-06
TNEfu8Ws36QrFz6f7x7SVfDAS1v6Tay7vN,tron,USDT,issuer_freeze,,,2025-12-16
TNEmxWmmFfpFbNg5t6T4NAuTZJ8J2y8gtm,tron,USDT,issuer_freeze,,,2025-09-23
TNEnVUzYza7nCZ29oJ8pRGFTzuwDwgD19w,tron,USDT,issuer_freeze,,,2026-02-26
TNFDkdsYRmN2YaPWStS5SXdqwboSZP8Yi7,tron,USDT,issuer_freeze,,,2026-06-01
TNFUFAMQ2z5eVQPvRGB4nNZ4mZs9g4GHv9,tron,USDT,issuer_freeze,,,2025-07-12
TNFUS8VJ3DNs9xFAfvNu9AXs849fWSFeQz,tron,USDT,issuer_freeze,,,2026-08-21
TNFWccTFkxZdyim4U6bRWH4gwpWcCioSMF,tron,USDT,issuer_freeze,,,2024-12-09
TNFgtBMjLqgzPs1ifU8ctrAKEytF7fB212,tron,USDT,issuer_freeze,,,2025-07-12
TNFyScVM2eHEpRKsjsuAKZeo4za8rVzjyU,tron,USDT,issuer_freeze,,,2025-02-19
TNG32oZKT6ezMoF3pfj7F2BWr4d53rLTQT,tron,USDT,issuer_freeze,,,2026-06-12
TNG5Zi1vW118XpVCMEXnQL9jQxav1eFiAv,tron,USDT,issuer_freeze,,,2026-02-24
TNGDxtEKSPxRWg67HpC9UfziDismQTkXHm,tron,USDT,issuer_freeze,,,2025-05-26
TNGhBAHxDe9y4kS5X643Nyjy1sxsaxxNin,tron,USDT,issuer_freeze,,,2024-05-01
TNGjY8y75y7pRhkrhbCmaY9wrMFShQoQ4S,tron,USDT,issuer_freeze,,,2024-03-24
TNGoRHBNJKkZqWuwcYxoSUhXJLHV9ktVYp,tron,USDT,issuer_freeze,,,2025-07-12
TNGvitZitJjBqTuFvh3JruDHyjJATtibY7,tron,USDT,issuer_freeze,,,2024-07-18
TNGyWKtFBaSfhszdKLYxDs1egyQZweS7KN,tron,USDT,issuer_freeze,,,2022-07-31
TNH5HFuaFCYs6JuyHVgyxFcaVAkVwHpiHo,tron,USDT,issuer_freeze,,,2025-12-04
TNHBTiQwvFLrGYgJWtgGgSKVW9kD5U3toC,tron,USDT,issuer_freeze,,,2025-08-12
TNHF2Cvk6FkgkMAkUeraikVVYQdF8ATHUB,tron,USDT,issuer_freeze,,,2025-05-02
TNHW1aLuLzGUGgcvHVf28uj4kUqioPzDJS,tron,USDT,issuer_freeze,,,2025-05-26
TNJ1tmwF1AhcumgzyY3WrVKf4DQmnKchef,tron,USDT,issuer_freeze,,,2026-07-25
TNJHkSzV22HpnRy12AT6D23CTr5WZ2xx9U,tron,USDT,issuer_freeze,,,2026-05-15
TNJQNUiA7LhL3HtW1hmsGfDCRBCg9hPry7,tron,USDT,issuer_freeze,,,2025-11-20
TNJQqABLwMobqTVdrANr4KDUB7WfVrWV82,tron,USDT,issuer_freeze,,,2025-07-12
TNJhiEBM8QPDYgUEvxVzEdD4d1aRx38fLi,tron,USDT,issuer_freeze,,,2026-04-23
TNK4Kq2LWXVuYzbk4ysCmaiAtMT4sSw25S,tron,USDT,issuer_freeze,,,2026-07-16
TNK4sFPyowtH5XfDvaKVvWPgbb2sdkxRQV,tron,USDT,issuer_freeze,,,2025-01-16
TNK6EFqmqLMrGG4TDVyXyW6hBAr1xq11FW,tron,USDT,issuer_freeze,,,2025-05-26
TNK8FAh1KwroyWTszqNFDoay7QSUmNLRMD,tron,USDT,issuer_freeze,,,2026-03-16
TNKELmCmKbE8Bo46oWbdfUTzdACFNzqjDP,tron,USDT,issuer_freeze,,,2026-04-28
TNKhS7icEhUEW4mmAfi6GZUdrM1LF1S9BC,tron,USDT,issuer_freeze,,,2026-07-21
TNKjTWwFKavHirYAKhefpJprtkBU19dPxN,tron,USDT,issuer_freeze,,,2024-08-19
TNLY1dWY9SYvb6Sc3B2vvD2cAWgpgvJzVF,tron,USDT,issuer_freeze,,,2025-11-22
TNLffgBjyaZGE8b3BCyuE9jPoZehvfUYrx,tron,USDT,issuer_freeze,,,2025-08-07
TNMKJFzNBDtKHvGobR8pEtpXZyq9K3wYw6,tron,USDT,issuer_freeze,,,2026-03-05
TNMLzVWe9u5WRWPE8UpWkDb1mKexSKkpJd,tron,USDT,issuer_freeze,,,2026-08-11
TNMYQAzrXeny89wsvktHsfZtm6D7QkaCaj,tron,USDT,issuer_freeze,,,2026-08-18
TNMg5G3DrFPSc4hGETn5cNqbHKuk8hSv1S,tron,USDT,issuer_freeze,,,2025-05-05
TNMkxdChbU2ECenDUPaNaTD4K7r2npuiVj,tron,USDT,issuer_freeze,,,2025-12-18
TNNcaQDVuE5xYqEcZs6XCn66asGShvbZ3y,tron,USDT,issuer_freeze,,,2026-04-27
TNNou3yLiETVCcbjZi4HdoAnLiwtyFmjzb,tron,USDT,issuer_freeze,,,2026-04-19
TNNy19kZJF6bahpDdW6xRSC7ayWfk6hVid,tron,USDT,issuer_freeze,,,2025-07-12
TNPbbkRu3pwpi37A2p7gGovd8U1JwtX2rn,tron,USDT,issuer_freeze,,,2026-02-10
TNPctSo9YYLTPkFtriYypTaFK4BsMbHnku,tron,USDT,issuer_freeze,,,2025-07-12
TNPm8egQFbdNCJcpTsyBpu6CJTjWKbVWNV,tron,USDT,issuer_freeze,,,2025-07-12
TNPz2CVWn9RTwsfafGoTX4j5oXSS3vid19,tron,USDT,issuer_freeze,,,2025-05-29
TNQgpE62NBxP2aJ9xa1p7vMF6L8HP1xa2q,tron,USDT,issuer_freeze,,,2026-01-06
TNR1CkASbAeHg8LoDfQWtGbELi3z9SLMTk,tron,USDT,issuer_freeze,,,2025-07-12
TNR6VdyyDx2rBgkCc6xBUvaXUeaRkFWTiC,tron,USDT,issuer_freeze,,,2025-07-12
TNR6yLVcsHW5UdfQQxmjkJGHVdZgitVJpw,tron,USDT,issuer_freeze,,,2025-04-22
TNRXHxgkFJYTxexpuknkJAxyQLbJqbm8ky,tron,USDT,issuer_freeze,,,2023-01-20
TNRaFeCZA3a5jGcn5t38A1pNVsvwaHnD7M,tron,USDT,issuer_freeze,,,2026-05-29
TNRb4eHHDWHhhyqp5m4mJ9rDJMBmqdzoXp,tron,USDT,issuer_freeze,,,2026-08-21
TNReFTBrr2Twsc1Bkv6Xc8wQpuKfg4AjSy,tron,USDT,issuer_freeze,,,2025-10-02
TNRgKvZuWxNFjCzKFH7yyCJVXEyZKT2QUc,tron,USDT,issuer_freeze,,,2025-05-28
TNRrYkhwBWMa7VWDVN9Bmig4dWYYDiX4gD,tron,USDT,issuer_freeze,,,2025-05-16
TNRrjDLRTKeW3xPcvsgigXHVNHC8nsRu2q,tron,USDT,issuer_freeze,,,2025-01-10
TNS1BJeBXC6KVDWU9jwpUMw41irFSMTqdk,tron,USDT,issuer_freeze,,,2026-02-05
TNS28DGJCE7rx7HxCDuuAvFdVTUmjWrzyB,tron,USDT,issuer_freeze,,,2024-09-22
TNSLDf52f87zSs9LJjkyTLoYbEknWXuMv3,tron,USDT,issuer_freeze,,,2026-09-02
TNSgexpjGC5cYMSaX4A7sFLMTmdjhbMMub,tron,USDT,issuer_freeze,,,2026-01-10
TNSn4yJoR96ZruiEWPUFLxLa1k73bVpkEh,tron,USDT,issuer_freeze,,,2024-04-09
TNTETjTXhP9N44DyN969MbeqhkeoESgsGa,tron,USDT,issuer_freeze,,,2025-05-11
TNTTCAof4rTAkwrJKv93BYjGzJoHhuizvQ,tron,USDT,issuer_freeze,,,2026-08-11
TNTVfmze2j6TdyhD4Fxv3JHS8kAwTcAzkV,tron,USDT,issuer_freeze,,,2026-07-22
TNTd1JRq5UabGtmizdr8KXzymHN2g7hAUz,tron,USDT,issuer_freeze,,,2026-02-27
TNTnh8NES84sAqHcgoEmfbCXkD3mu5yMbo,tron,USDT,issuer_freeze,,,2026-05-22
TNTu67x8YeNkCgXB6j5wYrxoUBPgLHsbQv,tron,USDT,issuer_freeze,,,2023-10-02
TNU1Lft3tbQ9gA6Zb1AWgd8qLhjNgRPXcy,tron,USDT,issuer_freeze,,,2024-07-23
TNU2GeCGN4tQjAcXZvnRBpHZsDQZeD8Uo8,tron,USDT,issuer_freeze,,,2025-03-14
TNU44mMzSesDqUjvJFaq1Uptb8NSmrMTST,tron,USDT,issuer_freeze,,,2026-04-24
TNUDtJPHYFomM3JtH5CpPEaJ2uSckST6g2,tron,USDT,issuer_freeze,,,2025-05-08
TNUquAT95v7UBQRCkmsNQK38JkhRJvUyD1,tron,USDT,issuer_freeze,,,2026-01-05
TNVBmMD9eZdagH6qVomxDJraXSdK86T75q,tron,USDT,issuer_freeze,,,2026-06-30
TNVWWp3ydRHPafZ6zk7d9AXgzAMygWWW9i,tron,USDT,issuer_freeze,,,2025-12-08
TNVaKWQzau7xL9bcnvLmF9KSEQkWEs4Ug8,tron,USDT,issuer_freeze,,,2024-07-12
TNVfjwKVpFHkZBkRY7UynwgFRxmSGXPHv3,tron,USDT,issuer_freeze,,,2026-02-27
TNVqDfujQGB5k7s6MDKYKX2fT4tyJ1Afcr,tron,USDT,issuer_freeze,,,2025-07-12
TNWNSsx3Ub5ovNv6rkQEAjUkpq514eXTqy,tron,USDT,issuer_freeze,,,2025-06-21
TNWdAX66316FL49AG8cyydpry64xCYnpAE,tron,USDT,issuer_freeze,,,2025-07-07
TNX3GCVx7FB1qUGtnYza3ADDNVXfhctd5x,tron,USDT,issuer_freeze,,,2024-12-09
TNXU11Jq9GqTw3nHyf8VBrik1ewvPRPGqR,tron,USDT,issuer_freeze,,,2023-03-17
TNXXX1za7YNn84FHmVHo2L3UxJsXWYJSMy,tron,USDT,issuer_freeze,,,2025-08-08
TNXYP8FaYBZHFey4GVL4QgqTgi7ggomAoA,tron,USDT,issuer_freeze,,,2025-07-12
TNXfokNRV4vVDyKHS6aHZC5wDsHGAnZsTD,tron,USDT,issuer_freeze,,,2026-05-14
TNXptYjMWW585ouymenQChaFBM6UKVkcHF,tron,USDT,issuer_freeze,,,2026-06-16
TNXubajgkYKmQ2rCG3oqR3HDjYZWZJYxxg,tron,USDT,issuer_freeze,,,2024-11-11
TNYNQ6WU93j2Fo29aMoT9R4UfVcvhe5BpB,tron,USDT,issuer_freeze,,,2023-07-22
TNYW82n7NqiQDkbrrinXN5EiXmfq5U7aj5,tron,USDT,issuer_freeze,,,2026-03-25
TNYhb2TzeEz1Pgg24z4HfYWxD3Hhqo4WrE,tron,USDT,issuer_freeze,,,2024-10-21
TNZGriY4LrByEnJzAYcVxZ6ZDnzNHmPBhb,tron,USDT,issuer_freeze,,,2025-07-12
TNZUSYqLGJ3K6eFTfURmQzEWgyRA4J9ZR1,tron,USDT,issuer_freeze,,,2026-07-27
TNZYqoioB7qMZraX2V379iPi3hgNSjXyGw,tron,USDT,issuer_freeze,,,2024-08-16
TNaUrbvWRBTzsvEx47GLHMGFcE9dHuJxXK,tron,USDT,issuer_freeze,,,2026-07-01
TNaYTDYEBkE4RVXRTFKeX61U6Ff5MSoGGC,tron,USDT,issuer_freeze,,,2025-07-12
TNabXukdqUfmFB2AwC81ktfZJcaXLBQ5Pr,tron,USDT,issuer_freeze,,,2025-02-10
TNajjNYGtTQ5WSZEdtoNwEYF5Gbw7YXgjS,tron,USDT,issuer_freeze,,,2024-08-28
TNapLp6oza8KN7Lqqb1ebMV1BdYu2bsmAk,tron,USDT,issuer_freeze,,,2022-10-06
TNatcZeQjE1QPK1wb6XFDmzqaSU8Y657VB,tron,USDT,issuer_freeze,,,2024-08-30
TNbDFUsr3ksKTpRaqMmYSHQkzJDoMGEZXb,tron,USDT,issuer_freeze,,,2024-08-19
TNbDN5pwekjSgJepJteQe1vsiyjimNpbPQ,tron,USDT,issuer_freeze,,,2025-07-12
TNbDTueQ5rGs3LHP58HawbWcDBUGE3iQDA,tron,USDT,issuer_freeze,,,2026-07-04
TNbNpw4u8LWnGfLZY2rAqdcLEEh5oWcu3G,tron,USDT,issuer_freeze,,,2026-04-20
TNbYZxmZqJuG46r3MuM9XP3w7ALvV2zWDb,tron,USDT,issuer_freeze,,,2025-07-20
TNbtQkkUUNbxPThdMusCZ1HRw2L6BWzTmA,tron,USDT,issuer_freeze,,,2025-07-24
TNcANydBv7pvGbRKa4MdUrVbJipVfHDGby,tron,USDT,issuer_freeze,,,2025-03-10
TNcF5GBS9Qfxqpc2nUbsGHJXRsxoyXk9EB,tron,USDT,issuer_freeze,,,2026-07-08
TNcJLE1D8qtNFyU4AdU5nryccHTwGZE7JH,tron,USDT,issuer_freeze,,,2024-12-05
TNchJ1Jzpvk78AyLQ5LKuAsmgGvmJWH8eb,tron,USDT,issuer_freeze,,,2026-03-17
TNckP1Sw2TPBadqMgShYeN4ZTsrusCceBv,tron,USDT,issuer_freeze,,,2025-07-07
TNcmsSp8WPnox632ooKNix8hy28SnVgydE,tron,USDT,issuer_freeze,,,2025-07-12
TNcmyMfrVFNV8bsNLrz49XvkSKp92GGkSv,tron,USDT,issuer_freeze,,,2026-05-08
TNd8JpKgDAre67ULWm2FiPdB3F6DkvFqW4,tron,USDT,issuer_freeze,,,2025-09-11
TNdiV87HVxrJosLU9dgTBNe6zREFaPe71v,tron,USDT,issuer_freeze,,,2025-02-24
TNdohGJEnXVTeXCMYAkx52k3vPs7u51RHK,tron,USDT,issuer_freeze,,,2025-06-24
TNfQEkVCT4yMv7ANosS8FvF7GJp6yS3XSk,tron,USDT,issuer_freeze,,,2026-09-01
TNfbGZ8AAxW8KkQbkLmmPXipuTV6sRzJM1,tron,USDT,issuer_freeze,,,2022-10-06
TNfohFJ8KwwtTMNXhdWGPZXKfMvXyCKSSf,tron,USDT,issuer_freeze,,,2026-06-01
TNfvego39ie1GZhpXUbTV8qm28sLqxGKqj,tron,USDT,issuer_freeze,,,2025-07-12
TNgqcbvq9CLcRQrMyVHgGAwun991hmQEEW,tron,USDT,issuer_freeze,,,2024-11-23
TNgwXqfM95FsnXsngCbZrE3hGbXTvj8VgU,tron,USDT,issuer_freeze,,,2025-08-08
TNgzwLpSSNDJNuTrXiUQuvwpCQ2FWj6FPd,tron,USDT,issuer_freeze,,,2025-07-12
TNhQ2WMyqH3X2e4tCdzbA69wRgZMH8sRLw,tron,USDT,issuer_freeze,,,2025-06-13
TNhT5VVnsV4YUgB6oMHsnStXZWbNNQ4z58,tron,USDT,issuer_freeze,,,2024-11-13
TNhb762fcw6S6H7hrdVrVgnWu5hMvv93qQ,tron,USDT,issuer_freeze,,,2024-06-18
TNif5EdWZCNaFtCW47ExCJTHpKkmcyn27R,tron,USDT,issuer_freeze,,,2026-06-04
TNihvNZfFYdSjLWyEHiPXQ2u28oXHN1PNu,tron,USDT,issuer_freeze,,,2024-09-04
TNiphDbrsKRGb9SriFnFNGC1CkZHJGRdyQ,tron,USDT,issuer_freeze,,,2026-07-24
TNizBzjd3HDBfmUoHCCqdwHoxtZNFefMb1,tron,USDT,issuer_freeze,,,2024-08-28
TNj3hA82arVQ5MM2RNKDqgxhrGem8qfk3b,tron,USDT,issuer_freeze,,,2025-07-01
TNj3iD2gjjsEzxwKqYsiv47QgfGFiNVRAR,tron,USDT,issuer_freeze,,,2026-03-11
TNj4y6nnTXQ4kCc8StrZYTd4NMubFw5usu,tron,USDT,issuer_freeze,,,2024-12-20
TNjo56KKjLF2PofdBAg9gGQeACo9ibLUK8,tron,USDT,issuer_freeze,,,2026-08-14
TNk9uytcAUrxoHrk1PBL2TEhFMU6Ap1WUV,tron,USDT,issuer_freeze,,,2026-05-04
TNkA7auEUcRYLXqCmEp9iwAoKA5E3rTD2e,tron,USDT,issuer_freeze,,,2025-04-25
TNkCMECcnJnU2aMDFUWhNAgC1bUkwiVS8D,tron,USDT,issuer_freeze,,,2025-03-28
TNkfbL7C2Tm7Rk6in1RXTQNEvKngksLDGW,tron,USDT,issuer_freeze,,,2025-06-20
TNkrzqG6Htn976nAjqYpbZRcwo6khmzX6N,tron,USDT,issuer_freeze,,,2025-04-10
TNkuMzTjTy2qZ1ju92Z7gZfiuBm4xiEwLc,tron,USDT,issuer_freeze,,,2022-10-06
TNm2eJRa4h6fJWhUGgHuPpB8paymtZzMVY,tron,USDT,issuer_freeze,,,2026-06-11
TNm5hNbj9T1uLHsKRPajj8L8r9e5QjbriV,tron,USDT,issuer_freeze,,,2026-01-22
TNmEo9AQyZge2CsgvgcMqikSYED9e5wRZr,tron,USDT,issuer_freeze,,,2025-07-12
TNmQeTJ2Ct7dcMSYas9DDcmgEEReodcmsZ,tron,USDT,issuer_freeze,,,2025-08-08
TNmk2SAgpFu2xEKHEuyJrSrMTBweSuUVBu,tron,USDT,issuer_freeze,,,2022-10-06
TNn9wf8ZRSjJEsZDnhx7YN21fuotaPyYJJ,tron,USDT,issuer_freeze,,,2025-05-21
TNnHUvjQozf1j5Yp8NESU9kAyuP7YBiG2E,tron,USDT,issuer_freeze,,,2025-04-10
TNnJPioXnVMet6StymGegZumUkjC8Swi5H,tron,USDT,issuer_freeze,,,2026-04-30
TNnKFwhpcRgQrM9rF6phQcUvQj5cyatXi2,tron,USDT,issuer_freeze,,,2025-07-12
TNnLX8Z2J78RRAcGEUruaqu3mZRn1Wov1t,tron,USDT,issuer_freeze,,,2024-11-01
TNnpg6HbbzBMJ6WJQmeJbYf7GX6DJpGb1p,tron,USDT,issuer_freeze,,,2025-01-14
TNnuQUJEAv4tooeNKp2fE8yjeb9VqMBhYu,tron,USDT,issuer_freeze,,,2025-02-21
TNnvsdeLPvccsV3xVFJHojWv2kGuv4F2nM,tron,USDT,issuer_freeze,,,2024-05-10
TNo1or52RcDninXGpcRBCK4Fjpv63YPyfk,tron,USDT,issuer_freeze,,,2025-07-12
TNoUryRDQLYkQCH2o6z4Xq1UT77V1Jdt9U,tron,USDT,issuer_freeze,,,2024-08-15
TNoYZFkG6VhverBuK5vrRsBSMnftJmpcNn,tron,USDT,issuer_freeze,,,2025-07-12
TNooLqjxbLB45Fy6N24QdttqttNAasSYGe,tron,USDT,issuer_freeze,,,2022-10-06
TNopVPjajiFZeheCrtkXswz83CyavLC5NW,tron,USDT,issuer_freeze,,,2023-06-07
TNoxM3MRSYhZJggEWZsjPurLPcpxTv7g2f,tron,USDT,issuer_freeze,,,2025-11-20
TNp5whjhXhthFinzGVTrjupHKWRnpCZKLN,tron,USDT,issuer_freeze,,,2026-06-10
TNpPuzPj8rmU5oPke3VWW7c4TrAkASQe9d,tron,USDT,issuer_freeze,,,2025-03-10
TNpXxdcPnC74FvQeoP7DMJq1SsfTQdCX7D,tron,USDT,issuer_freeze,,,2026-07-23
TNpbQHdMxkTbLcuMURYvECCHYnixjK3VKZ,tron,USDT,issuer_freeze,,,2025-10-02
TNpeeLkTRLHdMJo8T5iubtG5nEXmfVm8u4,tron,USDT,issuer_freeze,,,2024-08-04
TNpy4nW5uyr4HUzHgko5A6RJ4i4VFABsB3,tron,USDT,issuer_freeze,,,2025-03-19
TNqAgTJQf9d7Y9QgJQ1hwWwdrZSfbnrWTn,tron,USDT,issuer_freeze,,,2025-07-12
TNqp955aR9FsWNC9zTZdvXg9MCQVWYWbKZ,tron,USDT,issuer_freeze,,,2026-03-14
TNr1HiWHA1uN8yQ2xzttGBxbp31vLHxWWY,tron,USDT,issuer_freeze,,,2026-02-04
TNr3NN8ik2uGnkwk1P4jJaxEFW4MATPQEk,tron,USDT,issuer_freeze,,,2025-06-15
TNrFusRSgNznfR8MBhqBf9jUk4sJZCXoGk,tron,USDT,issuer_freeze,,,2026-05-12
TNrQLC7PhUMhPKkWaYnWYCFv2uUUpzDv63,tron,USDT,issuer_freeze,,,2024-09-19
TNreEFLagqp2K9JmoZABJALzmq7tddKpFo,tron,USDT,issuer_freeze,,,2026-07-10
TNrxWTLN7vNkWyBFZfMGac6KDD4vgXU1b9,tron,USDT,issuer_freeze,,,2025-07-12
TNsGBvwYRZ3Yiy9bVKtxBrBPTzj4ZJMRiF,tron,USDT,issuer_freeze,,,2026-01-06
TNsMbqDNozT4UqfHkhqLuEG2qres4aKrfK,tron,USDT,issuer_freeze,,,2025-07-12
TNsgXSCGJFFHoYGjnitbCnTibUURbW84J5,tron,USDT,issuer_freeze,,,2023-12-21
TNtKt9xLP22SxCkggsfyxhMzo5zqSzVhgy,tron,USDT,issuer_freeze,,,2026-04-28
TNtW7zndM49fKTxBogwLXHZtDktZxWLMjz,tron,USDT,issuer_freeze,,,2026-05-14
TNtsTRgpjuaC9YFVREkVjJpHMZnJvNUE7V,tron,USDT,issuer_freeze,,,2025-03-21
TNtxwZm3hNGtSA7uA6Vr7Vx4atMzsx17F9,tron,USDT,issuer_freeze,,,2025-07-12
TNu2UgeDjPxr62CUfjh8poRvcf6EiJHjJs,tron,USDT,issuer_freeze,,,2021-02-01
TNuMFRKvN9DyczmbUAc7grLXNjzzeKonmm,tron,USDT,issuer_freeze,,,2026-06-15
TNuQD4DzC58YDjYzvNPXtNcgZswzpdRBoi,tron,USDT,issuer_freeze,,,2022-01-10
TNum7Ps5X9gEfBma1QSUQrzxvCGLNjwCZV,tron,USDT,issuer_freeze,,,2025-07-12
TNuvWRHbye93J79ogz2bAkxAxYMb9ahUD5,tron,USDT,issuer_freeze,,,2025-08-08
TNvForrKaxnECKa4CYzY8SvoxPaVQFp2XD,tron,USDT,issuer_freeze,,,2025-05-09
TNvZ3Q3PRe7h6W13e6Rct9NV9r2JUPAC3C,tron,USDT,issuer_freeze,,,2025-07-12
TNvgpYTqQsZJN7AXzVGgxjNWZgL8cFPbQa,tron,USDT,issuer_freeze,,,2025-11-25
TNvhM4sqZr6Vd7H635EJEfRZzb7itH9Ft7,tron,USDT,issuer_freeze,,,2026-05-01
TNvrkXd26ak18XbMUWL4BvzLyBvVHfPUMh,tron,USDT,issuer_freeze,,,2026-04-03
TNvxrVdpTVghLeVNrZef169PnqCk8Lzmzh,tron,USDT,issuer_freeze,,,2026-04-27
TNwSiB6Tdvdm9j9sJuCmSgF7uRmX6Wx6XS,tron,USDT,issuer_freeze,,,2026-08-20
TNwY6jbbvkQGsBUUN8ov8ZPc9wKZmFCa1q,tron,USDT,issuer_freeze,,,2025-07-12
TNwqF9SzQPTLKcofje5J1WHUoHLUahwdug,tron,USDT,issuer_freeze,,,2025-05-08
TNxdgJ7gjXUU1Yxx4X1GooHaerNqNbYUBr,tron,USDT,issuer_freeze,,,2022-10-06
TNxjpbbaUoo9SKBegRFLcaZCYwwtNTt9Hh,tron,USDT,issuer_freeze,,,2026-06-16
TNxsH2yfXRAq7PbjBfSoMp9sWbg9fRRf5k,tron,USDT,issuer_freeze,,,2025-07-12
TNxyvisLQ3zSqyJKuntxUasgwHPX66MfNR,tron,USDT,issuer_freeze,,,2025-05-08
TNyHoSBaYZRkXe3wgGcaEo8Gcn8KZo7xFs,tron,USDT,issuer_freeze,,,2023-10-23
TNyVnZLaJVDkWHyatFueCbT9Le9WvtTXq5,tron,USDT,issuer_freeze,,,2025-05-16
TNyVyWHVSzJVF2z25GnvJuvHgi6vuUthjB,tron,USDT,issuer_freeze,,,2025-10-07
TNyckKTiDnN7G9pHnbPmJqwf2DtdUousHU,tron,USDT,issuer_freeze,,,2025-06-12
TNyiRpWVFJAv1CFGGoQoBuXJP8AVVnzwNC,tron,USDT,issuer_freeze,,,2025-07-15
TNyrGDFrCqZPMKU41MkHsdNAgRxrK99dsw,tron,USDT,issuer_freeze,,,2024-10-03
TNyuqA9CC7FSDLcq2iL9z9iWPpZQDvSDs4,tron,USDT,issuer_freeze,,,2025-03-28
TNyz5MwvLjW9oJtH41T33KCwr9kMNbNHk2,tron,USDT,issuer_freeze,,,2025-07-15
TNz3tjPUBkGuJPWwMSFc1CBzYTBaBqNDLd,tron,USDT,issuer_freeze,,,2025-06-20
TNzhS65bqEnZrdpv13p1D7VpybPiKWeQM2,tron,USDT,issuer_freeze,,,2025-05-26
TNzmizbjVdSf58ET1Q94TCDEADyjatUik9,tron,USDT,issuer_freeze,,,2025-07-12
TNzzoFjs9B5ACTYFzbDa7wz79CMMg5UD23,tron,USDT,issuer_freeze,,,2025-02-11
TP1C74tLziF13942uPDE4G49qxrXQassSe,tron,USDT,issuer_freeze,,,2025-02-10
TP1WAPBLZtHxRorGezCwLBxmgGE9Maier6,tron,USDT,issuer_freeze,,,2025-07-15
TP1tvocxgcnkdv8NMeUhTm523b5JMw9x6K,tron,USDT,issuer_freeze,,,2024-08-04
TP1uc7EEfazHTC1iA9dDX8Sqce33qD7xkd,tron,USDT,issuer_freeze,,,2025-07-12
TP1unZuBBXp2mRZRUYTxCdNN3C9Jg8zrFe,tron,USDT,issuer_freeze,,,2026-06-01
TP1z531G5dezsGBEJ5q1jXbKNWWQJ4Dmk9,tron,USDT,issuer_freeze,,,2026-04-20
TP24Ew7UQiEbXja5mzeCA2Q4kzXmcnUgBb,tron,USDT,issuer_freeze,,,2025-10-30
TP2J8Ceeukdbx19MbCAMp9zGC9qArprMyS,tron,USDT,issuer_freeze,,,2025-05-26
TP2bNWHaCUJYRqrfxKzfmb5R3WxKNJzDSA,tron,USDT,issuer_freeze,,,2026-02-18
TP2op6vkzmPt845SEhJTm8KrBWPPBTj1HE,tron,USDT,issuer_freeze,,,2025-10-17
TP2rY65kw8U9XktBLeyDbmvKoEnP3vMABZ,tron,USDT,issuer_freeze,,,2022-10-06
TP35n7zs3xi1CdMErak8uo18a82qZQRJ1A,tron,USDT,issuer_freeze,,,2022-10-06
TP3JunaYm6WXRL7szjJL4Mgr1fRHzzcc2F,tron,USDT,issuer_freeze,,,2024-12-13
TP3PfxkaKBFmEN3yyFdUDbXQC3s6zb6Ls6,tron,USDT,issuer_freeze,,,2025-11-26
TP3we6P2BXXZdMq7dwXr8BE6qADRWupsCw,tron,USDT,issuer_freeze,,,2026-05-05
TP4GbSZidmM8FkDtzHigNfuqvn53wXuQN9,tron,USDT,issuer_freeze,,,2023-07-06
TP4PpD1y8Ra5geb63SyNZv5ztaAgx8TwvV,tron,USDT,issuer_freeze,,,2026-07-09
TP4aXfmDkdFp81gK97TXaErCwJsZi8ks3q,tron,USDT,issuer_freeze,,,2025-03-04
TP4ccY2hmmMYfkVxdXxspnU5L6JwcUV6xp,tron,USDT,issuer_freeze,,,2025-08-07
TP4hDNEiphdA3ur8gFe374pe3DAzM4RY16,tron,USDT,issuer_freeze,,,2025-09-09
TP4u8gtj2M7KseYqqbqu4Nf7DXcg9ioihg,tron,USDT,issuer_freeze,,,2025-09-09
TP65DcLyfFNGY39BognN8AiomPuoqkN67C,tron,USDT,issuer_freeze,,,2026-01-31
TP6DDvUfWHLduMMZcu7xtaLpjgjYXzQGjq,tron,USDT,issuer_freeze,,,2024-10-11
TP6QZ67gHuiCQEQNEqAG7ahn6jPJRJL8ZN,tron,USDT,issuer_freeze,,,2026-01-13
TP6dt6sNZbATy6WFqdGhAwt6QtbdpXFnzr,tron,USDT,issuer_freeze,,,2025-07-12
TP72CV8ovv3eWt9yth5zH2kYXBxJj3Cj7d,tron,USDT,issuer_freeze,,,2025-05-01
TP7AcAzfRGzG6pqWMJsyQ6aYdXMSAUbvXu,tron,USDT,issuer_freeze,,,2025-05-26
TP7BWQ76b7adFYEqDZzTFDG6JAqj7ecNRY,tron,USDT,issuer_freeze,,,2025-07-12
TP7E7dBjmokAWaR6wqCww23BtLmiE5kWic,tron,USDT,issuer_freeze,,,2024-10-24
TP7b3t9hBK9NfR2bDnDZ2eKS49kJLdyX3q,tron,USDT,issuer_freeze,,,2025-06-25
TP7cTT99L53AFT83UFt752wKM8MWrRdByJ,tron,USDT,issuer_freeze,,,2025-09-09
TP8ACka745tbUt499Mm9WbctamkZcar3d8,tron,USDT,issuer_freeze,,,2026-07-29
TP9S2CP7gsf3UUjkRvEjBeYCEg6yU9Urz2,tron,USDT,issuer_freeze,,,2025-07-12
TP9jRCfGkrFQk5uJx39E4CWSVwsDVYsJoV,tron,USDT,issuer_freeze,,,2025-04-14
TP9zxfBXeyXGrLqfjbpqxjJmDn214jNxaX,tron,USDT,issuer_freeze,,,2024-06-03
TPABkYFdee2DoKy3hbjTPDqW7GTzqzr9dL,tron,USDT,issuer_freeze,,,2025-10-15
TPAwgmEu7NuMTpMzzZbe4VD1GmGng5a1Hy,tron,USDT,issuer_freeze,,,2026-08-25
TPB49x3GLXi7fFBUZxRrKg95vZrQsBBND9,tron,USDT,issuer_freeze,,,2024-12-04
TPBWUXC1Gq2UfGNmUJNo7h1GgKidFJftXy,tron,USDT,issuer_freeze,,,2025-08-08
TPBWYJmFePkvbEEYcTMQt8iBFuL2EC8ePf,tron,USDT,issuer_freeze,,,2024-09-30
TPBnwjDJxtYaBCUm1HuLG293pVozB5JfzQ,tron,USDT,issuer_freeze,,,2025-03-14
TPC1XY8mxoY8Tb2CdAgr5drzZ94A9uEG8v,tron,USDT,issuer_freeze,,,2025-07-12
TPCNnth6rDXqSfYgKsLsX6kf13JJqk5UXW,tron,USDT,issuer_freeze,,,2025-07-08
TPCUq7YL1J3YWDk8Pts5pyWwVhyUxE9P8w,tron,USDT,issuer_freeze,,,2025-05-12
TPCcV3HsStLoTeGfy76WpDtUP7VNAiPZD7,tron,USDT,issuer_freeze,,,2026-08-07
TPCt46AUEXWCKfBB9DUCvfKDmnwC5P64U4,tron,USDT,issuer_freeze,,,2026-01-16
TPDHBaKp94bE8hoinM5KWoePvLidCEU9mB,tron,USDT,issuer_freeze,,,2024-09-26
TPDQC3qpjhAykg87exSVy7LxTcXUvndaxW,tron,USDT,issuer_freeze,,,2025-06-15
TPDg4JfTpusKrCnZT89tr3qKctRVoWzhTK,tron,USDT,issuer_freeze,,,2025-08-25
TPE1DGTeVc6Q8HSjjKUFsPg4L4GR39vC8t,tron,USDT,issuer_freeze,,,2024-08-30
TPEDhjqNsqQTAiwYg2KhLRaKjoe2cZdfvF,tron,USDT,issuer_freeze,,,2026-05-06
TPEKqxz3fyjN1EEY4JdoJcz89wQmKyRK7d,tron,USDT,issuer_freeze,,,2025-02-10
TPEKzG7rz9it49o46guHgtDypmMjucJ5wz,tron,USDT,issuer_freeze,,,2024-02-13
TPEQhufYWcxUYjhSccp4tHCBpTzbxs1XaW,tron,USDT,issuer_freeze,,,2026-05-22
TPESDM6y2X4ZYaWvzfxpyVD2ZUQ11rTsKp,tron,USDT,issuer_freeze,,,2026-04-21
TPEdqi7qg8gMEDKV3A6kkHiRuwsUhqfJAa,tron,USDT,issuer_freeze,,,2026-04-22
TPEey5m6fzKQh1EKEzS7QvKRwuf7soFJcX,tron,USDT,issuer_freeze,,,2026-08-16
TPF4yut4vK8tHXXPFf3u3yLFKKRSYepKuc,tron,USDT,issuer_freeze,,,2024-12-16
TPFEVfYx2FqrAEfHCJqse1YRwAhWh5RBkB,tron,USDT,issuer_freeze,,,2025-07-07
TPFVjkbbZU6EGrZvXJt3xk1ygHDpRi6ifv,tron,USDT,issuer_freeze,,,2026-08-07
TPFkx4Rc3YeQTeZ5UhQuSzmRYycYtSrhbn,tron,USDT,issuer_freeze,,,2025-04-04
TPFsKRMuVDkzay7wLrFoN5tP37V8Bdsbye,tron,USDT,issuer_freeze,,,2025-04-29
TPG6CF39xvYrgCAEP9qyb216rvvPdTdDZN,tron,USDT,issuer_freeze,,,2026-08-19
TPGPC5aBSDxLzonekvSWXiQvDhkfB4Pddt,tron,USDT,issuer_freeze,,,2024-02-21
TPGSMfoL4h9EMWEZo88obG2VeCzUJwxwHW,tron,USDT,issuer_freeze,,,2026-03-11
TPGWJjhxYa83XdKaoDPedeWpb8zbUAXVQo,tron,USDT,issuer_freeze,,,2023-12-08
TPGX9EAdsuEfrxhaXiFNi6XYCsZTHALz98,tron,USDT,issuer_freeze,,,2024-07-23
TPGabZUqhLJkqAwLm4eXtvRrdWTSyxg1dX,tron,USDT,issuer_freeze,,,2025-02-10
TPGeFVHWyZsgtxbiyc7purZzGKsjtBZ6ex,tron,USDT,issuer_freeze,,,2025-07-12
TPGpXmUW4E2FsXpLRBx4R3pVRJbbCgFuLd,tron,USDT,issuer_freeze,,,2026-08-26
TPGtCQyGsn16eKTSSvYoZfPijn9jJo7dJo,tron,USDT,issuer_freeze,,,2024-06-24
TPH1zNzQGF6Y578uRYgx3vRBP3mkfzz5u9,tron,USDT,issuer_freeze,,,2025-12-24
TPHLz9m3Aub6Hv5M8QcYwczqLJDCzNJcMA,tron,USDT,issuer_freeze,,,2025-10-07
TPHYaaRRZhJ3PNM3NoRu6wTaYJ58qoxd4M,tron,USDT,issuer_freeze,,,2025-03-21
TPHp2Z43srzNEKUEJHHzmifYvATQ3RWriu,tron,USDT,issuer_freeze,,,2025-07-12
TPJ6fjrJ5KaK3GVEqmLUJ8kWeudux8gjTh,tron,USDT,issuer_freeze,,,2025-10-28
TPJFteqSekp3iQNRAcPbGbhwjhSn2KSCFu,tron,USDT,issuer_freeze,,,2025-05-26
TPJMKdqG52E7dDgVofmdaDwXHq8weizxkD,tron,USDT,issuer_freeze,,,2024-10-25
TPJUW4EZhrsAfyjGKKBPSraGnGG8nM3LKc,tron,USDT,issuer_freeze,,,2026-01-08
TPJV8nzQaTTYpw5nb6X7pf3ek8bcrJVdMG,tron,USDT,issuer_freeze,,,2023-01-20
TPJVF8FKPZVBknGGVJhwP9JF7Gm8BUMYD4,tron,USDT,issuer_freeze,,,2024-05-28
TPJXWtRsNcsskW88Ws4bTXGouQsnhDYDUi,tron,USDT,issuer_freeze,,,2025-07-12
TPJZVGoRKjjqwENKJNQFAg5qEdKFVbCoN2,tron,USDT,issuer_freeze,,,2024-10-11
TPJkHXwKAj77EjdHuvMzacmYUmopJmGXeS,tron,USDT,issuer_freeze,,,2025-07-12
TPKBCbsFRL3Z7LR43m1fhWQz4d3BGkgsCv,tron,USDT,issuer_freeze,,,2026-09-09
TPKFo86STad1Eg1MhDeoyhf5g7wivLqonF,tron,USDT,issuer_freeze,,,2025-05-26
TPKdTVp3yvetc45i7HcCsTt6eNw3usTMZP,tron,USDT,issuer_freeze,,,2024-09-22
TPKw3wdRHwEcpC4iYPBebxAmbNmNSNHdux,tron,USDT,issuer_freeze,,,2025-07-12
TPL2dciTRMFPdUeRnkZa3r9uodxex5quSg,tron,USDT,issuer_freeze,,,2026-04-02
TPLFjEgfzJKVfpHp14mruKA9FU6k36fxf9,tron,USDT,issuer_freeze,,,2025-06-05
TPLKFpkaMrch9jCqvoHznrQF2fN1DsMYre,tron,USDT,issuer_freeze,,,2026-05-12
TPLPUisbJfNEKozM89M976BjkNFrWY7M2z,tron,USDT,issuer_freeze,,,2025-07-12
TPLtNP9uSVyPk1jNrtbiSHBzKhNiBQxYC3,tron,USDT,issuer_freeze,,,2025-07-12
TPLzseKFbQGNZxk5wWjkpwaZELogqFUqg4,tron,USDT,issuer_freeze,,,2025-07-12
TPM6H9BzGxTaZTwjiYShhXbfmREonwVTaU,tron,USDT,issuer_freeze,,,2025-07-12
TPMHPdKM9qAozNrAVmCq9ejBs3S7qLLipe,tron,USDT,issuer_freeze,,,2025-05-09
TPMTKVpe785T8QFHmtnzFA4A7s4VQwADV5,tron,USDT,issuer_freeze,,,2025-02-18
TPMVocf6Rv6bMLnRMX4RXoriiTbT9P82k2,tron,USDT,issuer_freeze,,,2024-07-30
TPMaUBN1MUq6jtzmHZKabxsKxSVd6AobzM,tron,USDT,issuer_freeze,,,2025-12-17
TPND9JTXbZqpgqgP3L5AuT6gnWse5QGc8d,tron,USDT,issuer_freeze,,,2026-05-05
TPNGVmxbJf9XBU8ProgPqqLD4UFup5WKzf,tron,USDT,issuer_freeze,,,2025-12-01
TPNWBsAZLvzoUKfFq9fZX4wFAfiWT6EmZa,tron,USDT,issuer_freeze,,,2025-10-09
TPNaFRzL8xbbfrCtoizV9KTm12ghtKsWK8,tron,USDT,issuer_freeze,,,2026-07-02
TPP2g74Q7kYJbwSi8ghLiZUemSHnhS5MSv,tron,USDT,issuer_freeze,,,2026-06-04
TPPGq3JusTrjZmgdG8vP19PrW4ekEuzQoU,tron,USDT,issuer_freeze,,,2025-05-23
TPPHwXcMMVP8jEJNrFU1b9mtiRhkyZrKYZ,tron,USDT,issuer_freeze,,,2023-07-22
TPQ29BTQbMaa7vHVYnEQiT3kbCB9HP5c5C,tron,USDT,issuer_freeze,,,2026-04-28
TPQ5wUqMTg7QZMC5YN1KCwMLJRahp7v2wa,tron,USDT,issuer_freeze,,,2026-03-11
TPQCxEe4GSV6LWs6yKArPWpccjRGfiF1o7,tron,USDT,issuer_freeze,,,2026-07-07
TPQDwDx4j4uo3MdQb1qSQJnB8GTcKyHBsW,tron,USDT,issuer_freeze,,,2025-07-12
TPQFhWELC3QDEXSFyyEJ3g1dswYTw5CQDW,tron,USDT,issuer_freeze,,,2024-08-04
TPQHz3uuvzDS87uucSA1CLrJNHv8wZkE8G,tron,USDT,issuer_freeze,,,2025-02-10
TPQVgq3SyrPEQsM5ALSCADtFh5d3ZQD9Jf,tron,USDT,issuer_freeze,,,2025-02-19
TPQWTMs2hnJLRPs9WqZiaWvyy9yURVX5kU,tron,USDT,issuer_freeze,,,2026-07-09
TPQt5JJoaVqLeEHaKyJAtEwXLwsBWa7PfT,tron,USDT,issuer_freeze,,,2024-12-09
TPQvsNHmbDdqGqUvHuAgfWBfCsFBNURLkE,tron,USDT,issuer_freeze,,,2026-03-11
TPQzB8riYWxkbCRBX4Ycmg59iUe7g2f6hn,tron,USDT,issuer_freeze,,,2024-07-30
TPR4xoSZ3Th8oyxxfktbSM4bBm38UGjGBX,tron,USDT,issuer_freeze,,,2023-02-22
TPRA1qn1ti8pGf3L2RCAr7R1dqPbGHPSAK,tron,USDT,issuer_freeze,,,2025-04-04
TPRgTigkN3B8yzNJ8v2LsXWebLCamCUjq7,tron,USDT,issuer_freeze,,,2026-05-14
TPRr4crqSJCbdDmAMrF4RxBDarVA8wAtwR,tron,USDT,issuer_freeze,,,2026-03-10
TPS4SDzD9RBAn6XxBcpR1fQNAaBUn4msQc,tron,USDT,issuer_freeze,,,2023-12-22
TPSBgqaq5DeQtUzr2Dzmq3FLprFBkU6NZ7,tron,USDT,issuer_freeze,,,2023-03-09
TPSBjNALXvg7S47VNP4Pp9JkuqDABb2BDT,tron,USDT,issuer_freeze,,,2026-05-22
TPSMuxRk3jJjTX3HFLW8B6sggg9tj8xp2u,tron,USDT,issuer_freeze,,,2024-09-26
TPStzUgW8dNE2tY1Dhc5SGMgJ7fV2CHwYp,tron,USDT,issuer_freeze,,,2026-03-29
TPSy6zym97bYYAQ2GWnAaT7tupkrseqYF4,tron,USDT,issuer_freeze,,,2026-01-15
TPT4pz7g697maRahjUBvZHeSz2xvBaFCe6,tron,USDT,issuer_freeze,,,2024-12-03
TPT7auZZGYmv3ncz9KTeNuhn2vyAphVz9s,tron,USDT,issuer_freeze,,,2024-10-13
TPTCyyyCEnccHpQfBtAJ2dYK6sFJY6XJac,tron,USDT,issuer_freeze,,,2024-06-17
TPTF3MPNaF9UezHWf9XW55mrJk6xphqWop,tron,USDT,issuer_freeze,,,2025-02-19
TPTMmU4G5Xs1H456WvqzH669MosTo9zUY6,tron,USDT,issuer_freeze,,,2025-07-12
TPTceCbM9NcL5RnzGnbQn3iqQe5a6akMZP,tron,USDT,issuer_freeze,,,2025-02-10
TPTtDu2VBSY8LXgkoAAKR6qXinNKa2qZdj,tron,USDT,issuer_freeze,,,2026-08-13
TPTyQaqw9PKNm3wDNLzfuKtrwHevbDhVXD,tron,USDT,issuer_freeze,,,2026-03-05
TPU7N8CETT7kpSPSrxyB9BVbm2Gjcp8cxV,tron,USDT,issuer_freeze,,,2025-08-08
TPUKtZgncciYXreFWNEADj9qVekva8PBzE,tron,USDT,issuer_freeze,,,2026-03-11
TPUweM9nmUisrayvL8YL7hxLHJ6eAfaoxy,tron,USDT,issuer_freeze,,,2022-10-06
TPVP4LbaNLfshMHKaPSYVDqobu8ARoRbo7,tron,USDT,issuer_freeze,,,2025-03-19
TPVR2bWjM5ea4VfiEAo74swba6eEjrgkw9,tron,USDT,issuer_freeze,,,2026-04-24
TPVWAXVHVXpJVrzK7qt9SaGzEBF38jdcHE,tron,USDT,issuer_freeze,,,2026-01-17
TPVZt64P6tkAiVfZBuWdg2ycjPyYkxjxNX,tron,USDT,issuer_freeze,,,2025-06-15
TPVdVgWg8FKfeh4PvnvsYVLXLm2qYu446X,tron,USDT,issuer_freeze,,,2026-06-10
TPW1urGCAiY5vKQ9VRFgkBXpSwf8AfvVRG,tron,USDT,issuer_freeze,,,2026-05-19
TPWKoS52QYVKe8oWy3PoTxm4YiMdhJhLTi,tron,USDT,issuer_freeze,,,2026-08-13
TPXM2HqMCngvpgDufKSEpqxFp1poiR9QNw,tron,USDT,issuer_freeze,,,2025-10-27
TPXPXxf2rkXTBg1cJw4JfajmHNV8cPJ8B4,tron,USDT,issuer_freeze,,,2024-02-07
TPXRWWfZrPaFNJMN8vtHytAfYndJDxTCZ5,tron,USDT,issuer_freeze,,,2025-07-12
TPXwA92GdntCQiKK8t9WtbyYbEvfD7RkFo,tron,USDT,issuer_freeze,,,2022-12-12
TPY2MDxY5VQ6HQ5BFJipBypiVRhWNMGyxH,tron,USDT,issuer_freeze,,,2026-05-25
TPYJwFmzp9vBTKG4vabxJGvjHzwn9BCG6t,tron,USDT,issuer_freeze,,,2024-08-09
TPYTVox8ZNu8xxASKxn7312YqEjUuhGvmC,tron,USDT,issuer_freeze,,,2026-04-27
TPZ9gFfnu4Kq1svzv6TAN2LbsXx9nWohF1,tron,USDT,issuer_freeze,,,2026-08-31
TPZNPu9AZpcrGJGJXHyMz1DiuZF1M9ip2k,tron,USDT,issuer_freeze,,,2025-07-12
TPZfqdQRe8wYV8vM6ZfpccJHF464VAyQPQ,tron,USDT,issuer_freeze,,,2026-05-08
TPa3pkB62RUhfiShYoRmuwmDSGyVfFakrg,tron,USDT,issuer_freeze,,,2026-01-31
TPaKDD1sEp1NGVgh5pBtjZqKrAeEdJ917M,tron,USDT,issuer_freeze,,,2026-03-06
TPaoCZMwxqtSm2yyspdBnYzkgZgv5oYY4X,tron,USDT,issuer_freeze,,,2025-02-18
TPasKqw2DGVtUDhJbEDwEmp8wh9w4QGHRe,tron,USDT,issuer_freeze,,,2026-03-09
TPavJi6Ry2dWg2YaBUEue2esLMwaEH6PPh,tron,USDT,issuer_freeze,,,2025-07-12
TPavcDQRUFUt95PCUqACTBgCy8uQ2PSmcv,tron,USDT,issuer_freeze,,,2026-05-15
TPbFo6wo2d1GfrgEcvsRY1Q4Tt1zjGtrdk,tron,USDT,issuer_freeze,,,2025-02-10
TPbQ5CsMou7yCwAZ4XSembBFx3EUmwiJ8M,tron,USDT,issuer_freeze,,,2026-05-19
TPbVd4J8Ym9xmqXUZxoQEZ4eqhCtuS7KBs,tron,USDT,issuer_freeze,,,2025-07-09
TPbao8GP1vCvnUqfsHLfHgnx5CcZyiRo1V,tron,USDT,issuer_freeze,,,2025-08-08
TPbiyLgz33MhsTuSmW3r3g2uC38EBCPQHm,tron,USDT,issuer_freeze,,,2026-09-01
TPbp5NZM7Y5Ntpnbvk3YxKqeoSJNurkyw9,tron,USDT,issuer_freeze,,,2026-09-13
TPbye2GfrCs4nFekvMG4rQCMS1HmwWXK78,tron,USDT,issuer_freeze,,,2026-08-07
TPbyzSfNzeQCiaL4pepNkNY2e6JRopXhAv,tron,USDT,issuer_freeze,,,2026-01-31
TPc37dDCnPSwAzAuc2wV9GXFW28pquKD2R,tron,USDT,issuer_freeze,,,2025-04-24
TPcXicLEuFtwVV6viLXET9khadXa87XXMV,tron,USDT,issuer_freeze,,,2023-10-02
TPcZAHVfPvxmVLV9QxS7N2m8wa5jfEFfAS,tron,USDT,issuer_freeze,,,2025-10-07
TPdB7jLMzSfvgTMLjALPTyNXEGgmhHZMiP,tron,USDT,issuer_freeze,,,2025-10-27
TPdJHh3vk86pBNuFHKwC4axHiPrtHJ284Q,tron,USDT,issuer_freeze,,,2026-02-22
TPda7xBxAKAYYLxHUZG6S2Yhw7PD3DR4eX,tron,USDT,issuer_freeze,,,2026-03-17
TPdbmSXTPnNedsXW2smdztWFRTozomoxmc,tron,USDT,issuer_freeze,,,2025-03-11
TPdxquSyxBQu6V8dqvyoGkP73RibiLxWk8,tron,USDT,issuer_freeze,,,2026-03-13
TPe2st6wjE2v2PChVAjLgo4NeFYAV8MDua,tron,USDT,issuer_freeze,,,2025-06-15
TPe8Rdz6C6n216MQCZnjfKfpLrohTpPMtV,tron,USDT,issuer_freeze,,,2025-09-10
TPeLAgNG9UbVCEoNffWbxsKKefYhxjRTrP,tron,USDT,issuer_freeze,,,2023-04-12
TPeNA17EHREdpYHYMCZYBKokAqEazS18qy,tron,USDT,issuer_freeze,,,2026-06-16
TPefBoK5LUJJkxBquEDYyp9xJThri5TsqV,tron,USDT,issuer_freeze,,,2026-04-14
TPenXPUvt2G6SdfFNJWgenVQB6RFeJbjjp,tron,USDT,issuer_freeze,,,2025-07-08
TPf62eRoMZ6jz4zXT5BXoUU4i6qKvr5Mpu,tron,USDT,issuer_freeze,,,2025-07-24
TPfDszo5cYZaNFzhhS3heBN22JTFzZ4FTV,tron,USDT,issuer_freeze,,,2025-07-12
TPfjazPcUcaoWLYcF4jqo7cxksP8FgPhzi,tron,USDT,issuer_freeze,,,2026-03-05
TPfptgEvqEagRYjGpdrHLg9YzEtH6rpurd,tron,USDT,issuer_freeze,,,2026-05-14
TPfzMDa5a4v4FNTCPjeWDMjhfzujDyWgZg,tron,USDT,issuer_freeze,,,2026-03-25
TPg7ubpANopCg4nysmnqpT1EPA93G39j7N,tron,USDT,issuer_freeze,,,2025-07-12
TPgUDKVq8wDseqQsZVMoLj5RUn8EtfiV9m,tron,USDT,issuer_freeze,,,2024-10-24
TPga4P2orhUzdHBdumBczwZUCSLYf7Jhat,tron,USDT,issuer_freeze,,,2025-07-12
TPgbMcS5sPWgZXosVqzvkQdzG8x1gR3MDh,tron,USDT,issuer_freeze,,,2025-09-24
TPggXWtWrj9d4rBGi1TdwjPdzaBPsqpWft,tron,USDT,issuer_freeze,,,2024-12-12
TPgrS2uQ5HmMcxpKDK7iNCQnSFkuwwWmU8,tron,USDT,issuer_freeze,,,2026-09-01
TPgs8ihAGdV1vhE87UDmRNgRFaLPhmQ8ex,tron,USDT,issuer_freeze,,,2026-05-14
TPhPFKdv2mreDhbSLcy7EbDZJuARwN5to4,tron,USDT,issuer_freeze,,,2025-11-22
TPhYmapoSwhEBhsLXNQojAWj3qYjiw8Qjf,tron,USDT,issuer_freeze,,,2025-07-12
TPhhZtk17jJuzivyswwXypvCN55vSYBwsd,tron,USDT,issuer_freeze,,,2025-07-07
TPhhpxsyNqc81xWXXKQH42GiT4AjY55yfH,tron,USDT,issuer_freeze,,,2026-06-01
TPhqa9kwv2HNHsyqssM6zQhGGJX63CjPnJ,tron,USDT,issuer_freeze,,,2026-07-16
TPiGBLfJpPMFDiDDaJjMbacFJ87U1hNHD2,tron,USDT,issuer_freeze,,,2025-01-08
TPifFdV2j4GVEuYUnkyb7ruXNoD8eGy6W8,tron,USDT,issuer_freeze,,,2024-11-06
TPijVE43R2h87tinmrbfn9vm5xvsYNjVDq,tron,USDT,issuer_freeze,,,2025-11-23
TPj7uwrtZC9v3uaeubtiKEYWUWNwuNoAti,tron,USDT,issuer_freeze,,,2025-10-30
TPjM1P39QFLuosL7c3ERzyvgBgQ9HnZCya,tron,USDT,issuer_freeze,,,2024-06-14
TPjUo9XZqnehuqk1ECWAPH7SmhAZTNcPiS,tron,USDT,issuer_freeze,,,2025-07-12
TPjjBvBRw99Kg2yxcbHczgp3MHjkE6MTd4,tron,USDT,issuer_freeze,,,2026-05-14
TPjsHN4KRdaWYvUbVdMUuAeL6k7qLpTTxW,tron,USDT,issuer_freeze,,,2024-04-09
TPjuNDRT3A5NiY3VGYLgXwExsi98HyEch6,tron,USDT,issuer_freeze,,,2026-03-02
TPk53xdrYwRdQAx5sMk84g9f772XAbj7qn,tron,USDT,issuer_freeze,,,2025-07-07
TPkVeAmnUAXzw3PUWv3S9EMHrPnfaVUuLb,tron,USDT,issuer_freeze,,,2023-07-22
TPkWKTTUQja8irdJjCUm8bx1icshU17eZN,tron,USDT,issuer_freeze,,,2025-07-28
TPkk9Tiag9HxP2X7iLL84m3Hi2ZotfWZek,tron,USDT,issuer_freeze,,,2025-04-04
TPkrSMfHyyuhHBoYj4uoQRSMgUEFuPC7xk,tron,USDT,issuer_freeze,,,2025-05-26
TPkrZBNT6VSbSgwsZ2orNq2yUwGQjauUiH,tron,USDT,issuer_freeze,,,2026-07-16
TPm87BT1qGtja3xNhGHetZWGDdTz3fPip8,tron,USDT,issuer_freeze,,,2026-07-17
TPmwhJgxPBvL1DRhG4TFAfCcxU7D6kXYeL,tron,USDT,issuer_freeze,,,2024-06-11
TPmxLDemz4kymnruMQpcH3oasV6NKG9y9P,tron,USDT,issuer_freeze,,,2024-12-31
TPmzHXj1bn1FiiYHDQqDURWFRjinXp1Noc,tron,USDT,issuer_freeze,,,2026-02-04
TPmzLhdLoVW2uMV69q7k1TDkbV1desx2rY,tron,USDT,issuer_freeze,,,2025-07-12
TPn1MkXmdSN6Z9te5BMXa7zBKzAvToDo26,tron,USDT,issuer_freeze,,,2025-11-25
TPn3hb4KNc3S7YjR2msXERkuRY6PXbgxnM,tron,USDT,issuer_freeze,,,2022-10-06
TPnHq6YpvfB1MVEcBW7Pv4zrmLeUzfk9Dy,tron,USDT,issuer_freeze,,,2023-12-02
TPnMyHsD5uRfBkJvDumsU8SgqCQ6YcH93r,tron,USDT,issuer_freeze,,,2026-01-31
TPnZwH9jvNdLzry6dFTap3xyKojXnTQgZE,tron,USDT,issuer_freeze,,,2024-12-05
TPo1J3QdoL3PbWpnZXXGav8nGiQEyCAAKg,tron,USDT,issuer_freeze,,,2025-11-04
TPo6ZUHuhNei2QCcZxGqgH1M5P1RiuRFnH,tron,USDT,issuer_freeze,,,2025-05-08
TPoEv8QZ2Y6A26hVqNkj7omdMZTZhhmHHW,tron,USDT,issuer_freeze,,,2025-07-07
TPoK8uzpw9Cwx2RDVg56tm5Cw97BJGvZVX,tron,USDT,issuer_freeze,,,2025-12-23
TPp2eyjc8y2LRcji4QegJXNCGuQbpRdtzY,tron,USDT,issuer_freeze,,,2025-07-29
TPpByVwYapXJhN2YeNRwrnVyAqevQLBPY2,tron,USDT,issuer_freeze,,,2026-03-11
TPpGAoNm75PsMFsgk4vKfnBUGE3d7WP9iA,tron,USDT,issuer_freeze,,,2025-10-02
TPpGcarzT6A9Ds3G7XMBrREdNX3Bm88888,tron,USDT,issuer_freeze,,,2026-06-11
TPpUACn3iuUkpF9qnLJeCNRkdAtTsJi9NM,tron,USDT,issuer_freeze,,,2026-08-07
TPpWDYzXmWkskSSzuXWZqzopqVhewPZf3R,tron,USDT,issuer_freeze,,,2024-11-12
TPpv5jxsTso76q5n1jg1qrCNmccbRUVGKP,tron,USDT,issuer_freeze,,,2023-11-24
TPqSXCFtJwAwPzMNndxqvgQrTSYYCBRZTT,tron,USDT,issuer_freeze,,,2025-03-12
TPqWPgvDpSHXGcAjvx4ztVxxuHXDNpETdp,tron,USDT,issuer_freeze,,,2025-07-12
TPqnu4Xtdr1Jf2RT1taac1CH1pTo7TbU2a,tron,USDT,issuer_freeze,,,2026-01-31
TPr7RMLZ2mc3o3Rs2Eym4992c9QJZvys5X,tron,USDT,issuer_freeze,,,2025-06-26
TPrErH1FzBSC9ePJ6K6KhvhnVjMUo7y3zB,tron,USDT,issuer_freeze,,,2025-05-02
TPrNA3aGS9xJq6egmRCMEJzqqvF6EP7J6b,tron,USDT,issuer_freeze,,,2025-07-12
TPrvzNtLUeCfX1xkB46khucwjPaoznyiXn,tron,USDT,issuer_freeze,,,2026-04-15
TPsGYFQndUTPFQqCK5KpZPEGF4vRPr8aQp,tron,USDT,issuer_freeze,,,2026-05-14
TPsatZNdAt8fCu1mqbtrNd6xwGhSvCX59N,tron,USDT,issuer_freeze,,,2026-05-14
TPsd4VHCDYbRbZwATvJ9aiKAmtr6Sdc2H2,tron,USDT,issuer_freeze,,,2026-07-03
TPsxmcNKjEryf9Ys2TN56HLp82sAmzgoVt,tron,USDT,issuer_freeze,,,2024-05-01
TPt8SdaEse44xKwBd5q75CJmgrPwnijMLi,tron,USDT,issuer_freeze,,,2024-10-15
TPtc2ZTRPGU9B3gy5n6AvxBm7ko9G2CxJ8,tron,USDT,issuer_freeze,,,2026-04-07
TPtcmj1ksgWcoiWn85Zp9LpAGuyUNXeaSG,tron,USDT,issuer_freeze,,,2025-01-10
TPtmWhM71BDeizN3L2hken92KBTBSa85An,tron,USDT,issuer_freeze,,,2025-11-20
TPuFrJSDHrUe1RfKHqocQS6eNX6oWXSgSV,tron,USDT,issuer_freeze,,,2023-09-27
TPuWSNiJFaWWz3zGW7xs9qnxdmGTweE3Nm,tron,USDT,issuer_freeze,,,2026-04-15
TPvCP91H6yQPtfrh8cvTPEYySE1aYYArDg,tron,USDT,issuer_freeze,,,2024-12-05
TPvFyxWJjyrLQZyjfpiBgBqgBByeW9hivG,tron,USDT,issuer_freeze,,,2025-05-16
TPvSNkXFQSNtKm882FtNEAMJhA6WnCEZ5k,tron,USDT,issuer_freeze,,,2022-07-31
TPvXDVxY9KCkHsqmKA5erBUbVBKKumFEyN,tron,USDT,issuer_freeze,,,2025-06-20
TPvs3aFQupLmwB6hYNMrotVaEmEa6XtRPQ,tron,USDT,issuer_freeze,,,2023-03-16
TPvxRNcutfN5Xpco3co47nSz3afHBa1jca,tron,USDT,issuer_freeze,,,2024-10-17
TPwLheC8isZRkc4aDXHjuGh2sV5UuGb1hM,tron,USDT,issuer_freeze,,,2025-07-12
TPwRz8eqVnyZGJJXJdVjAVZkfehHpFwBGK,tron,USDT,issuer_freeze,,,2026-01-31
TPwUGBMeAJ4gpKD6VbJiA1p5AZs4pF6Y9w,tron,USDT,issuer_freeze,,,2025-11-20
TPwgo4SUke8nKFc7K9uUzySU3MYCF7f4Cx,tron,USDT,issuer_freeze,,,2025-07-25
TPxN7EKg8SvuPbhmGhZhwxydBW85PmUR43,tron,USDT,issuer_freeze,,,2025-07-12
TPxuK3BR6WZmB1Xx77AWnAaYkFjyDUyXfa,tron,USDT,issuer_freeze,,,2025-07-07
TPxyTxvMXrQ6xkgfeWLLB8pah7PPcqDotv,tron,USDT,issuer_freeze,,,2024-10-14
TPy5DXVoj5Dobz3hJw3CXCj39iWcpLneUk,tron,USDT,issuer_freeze,,,2022-05-25
TPy7UReJj62TDvVhH1CMGYNRdP4kAhT3wy,tron,USDT,issuer_freeze,,,2025-03-05
TPy8CpEhCDKd28N6FnAFiHgrR2GxZb54jB,tron,USDT,issuer_freeze,,,2022-10-06
TPy8oBgpGmWsL2167nb68YsuM3H5XRVizU,tron,USDT,issuer_freeze,,,2025-09-24
TPyAysKTtGioVJZRemQaaeEbdYaFYr32zW,tron,USDT,issuer_freeze,,,2025-06-20
TPyKGjPFdPiHFNm6dzwUknX7nYP28CDbYK,tron,USDT,issuer_freeze,,,2025-04-10
TPyVLr4xgQX6SSFZ9GGxaQbJVkCmtgad3a,tron,USDT,issuer_freeze,,,2025-11-04
TPyXThfJJeYhCoyzDmtih9cHpxbHU92uUn,tron,USDT,issuer_freeze,,,2024-12-07
TPyh5Bj1XYKQyEuRCGQYRudCcToFr1xRs1,tron,USDT,issuer_freeze,,,2026-07-01
TPyiiubszAN7YgEBDCtvzKPf7UfKMunSHZ,tron,USDT,issuer_freeze,,,2026-04-14
TPykroq1Hc7G58mFfPsyUCkoVXWFXMf64N,tron,USDT,issuer_freeze,,,2025-03-19
TPypR9AtjYo2LUZ8jLi8xZZbrEhgyCSuRC,tron,USDT,issuer_freeze,,,2025-07-12
TPyrqKRwQJm5RRAv21vYy5R2yhjJpQ9fH3,tron,USDT,issuer_freeze,,,2025-07-07
TPysZdkLu1TrJfN1BuWAygYCvjXtkRacGJ,tron,USDT,issuer_freeze,,,2026-07-01
TPz94vc3NfVMAPsS8XYocJf8yTfKjY5AVY,tron,USDT,issuer_freeze,,,2025-07-12
TPzBKfUxV5d2D1JeNaLxBGVoo9TZBh8g1p,tron,USDT,issuer_freeze,,,2026-09-04
TPzdDHqyJ5ZQyqXU7YDsBxSLCsL9wR7mYq,tron,USDT,issuer_freeze,,,2026-03-09
TPzoaorVF6sjtSy1L6rfxdfcdSaLUCGycn,tron,USDT,issuer_freeze,,,2025-06-10
TPzpTo8a7MvRoCafJw65XEevebu5b7igok,tron,USDT,issuer_freeze,,,2025-01-08
TQ1GR5xwz3P5odxpa8un99XZg5J6AvzzcD,tron,USDT,issuer_freeze,,,2024-11-09
TQ1GvUq5AFnK3Xah7LHhSE1EJ8nSdo9xtL,tron,USDT,issuer_freeze,,,2026-06-04
TQ1K2LfjVADvoSF6oHpaN98xpzvD51Qzm6,tron,USDT,issuer_freeze,,,2025-03-17
TQ1NJ5Awfv3SmSGyZeom7tcWMLN6p6NTq3,tron,USDT,issuer_freeze,,,2025-07-12
TQ1TSFVcSJ3yMNM4mQ4fqqN4cJrNwwetiw,tron,USDT,issuer_freeze,,,2026-09-11
TQ1zWZ5WVjihGMB1oHMaXCscFyASnnCKLM,tron,USDT,issuer_freeze,,,2024-06-06
TQ2WqdZerVzGKDrRRFNAKqDdu2XmtEkC4B,tron,USDT,issuer_freeze,,,2026-05-01
TQ2Zx174jDrCUm8tavBkkdoy3NUtTs7rLR,tron,USDT,issuer_freeze,,,2025-07-12
TQ32c4xv4KJ9vjhqqUN1n9dhvrDZosFpQE,tron,USDT,issuer_freeze,,,2025-07-12
TQ3RNcpcNjkn2WqQbSX5jM475BgNo4Q2F4,tron,USDT,issuer_freeze,,,2026-03-14
TQ3bSkbsk8puM9hHQSspfgNf5Wg8dHg3JV,tron,USDT,issuer_freeze,,,2025-10-02
TQ3p1mcZw8mMvNBuDEbnRdZjVcJq7LqGVZ,tron,USDT,issuer_freeze,,,2025-10-09
TQ3p4uxvu4PgUwoxMXKG15M6bwhkH9qvA4,tron,USDT,issuer_freeze,,,2025-07-12
TQ3pPQ6eCh9iWdiaQFLHmX9Y7kjhcDXCL3,tron,USDT,issuer_freeze,,,2026-04-22
TQ48GtajcAVJmohSBvJ4rvC9oVNZuWz57q,tron,USDT,issuer_freeze,,,2024-04-09
TQ4RY7KiEPur2yFdHqvBtXKxGyKPcebfkN,tron,USDT,issuer_freeze,,,2026-08-10
TQ4fzGLT1jpzSfFwSydDob7eMj5BizAx65,tron,USDT,issuer_freeze,,,2026-03-05
TQ4kR4jU9gWorSoWYCje1aWdQeyXkvw8p6,tron,USDT,issuer_freeze,,,2024-12-20
TQ4sprHfkY5uPkmH6jDtBvWmAgSBGaCrz4,tron,USDT,issuer_freeze,,,2026-05-14
TQ53Vobv3QpxU6ifzH85FpXMmgMe7pq7bK,tron,USDT,issuer_freeze,,,2026-08-07
TQ58wKoYuQpUa71hgQYHxkhrMK9w4uTLp3,tron,USDT,issuer_freeze,,,2024-08-04
TQ5AAmza98K53zVxLrZQEjtyqk7PGjJQ8A,tron,USDT,issuer_freeze,,,2026-01-01
TQ5X3YsTi1NzSD23qUj5mcUcJPbfYteGGD,tron,USDT,issuer_freeze,,,2025-03-04
TQ5aWVnuFWyq84UjaN2QKBAEcCNwyVwS5X,tron,USDT,issuer_freeze,,,2024-11-12
TQ5sx7krVPgkNa91SYV7zZAGAUbqSEdvzX,tron,USDT,issuer_freeze,,,2026-05-14
TQ7T9CpNPnmNJKswcboznHzvbyNRcHxx5C,tron,USDT,issuer_freeze,,,2024-05-08
TQ7yqyPPB3cHZ2JZUT9WRU94BpnoJCfDLr,tron,USDT,issuer_freeze,,,2025-07-12
TQ86dCrmQDcVwFvfbzpLxDnZyPMC3AVZAN,tron,USDT,issuer_freeze,,,2026-07-24
TQ8KqWa6NFTV1fUkGErAZwVEazSfkrqbg4,tron,USDT,issuer_freeze,,,2025-10-28
TQ8ZCsPnbVAbUzkWBBPrspPfYo29gCbZ6X,tron,USDT,issuer_freeze,,,2024-12-03
TQ8gWzf9i4oeabLT6XY7nrn8QsRwyG8gSi,tron,USDT,issuer_freeze,,,2026-04-15
TQ91wah7hdw6ptK1WhweP8MZhuFwoqveKL,tron,USDT,issuer_freeze,,,2026-03-25
TQ95xQydQgMGRySM9789aPcD7c7FwWnUe2,tron,USDT,issuer_freeze,,,2025-07-12
TQ9JtDQrBCDVit6iAPwt8WABgeWYPERWWG,tron,USDT,issuer_freeze,,,2025-08-08
TQ9N5SqXaoCJDvpEBw6AQsoCK9bdTdWaU1,tron,USDT,issuer_freeze,,,2025-05-16
TQ9USZo2CgLRhD6fj66eBaL4UjyRk9mHu2,tron,USDT,issuer_freeze,,,2024-08-28
TQ9aqzbEG9dP8HsBeLe9gSnRJ5zN2hqeHA,tron,USDT,issuer_freeze,,,2025-07-11
TQ9c7hdobuiicyHERBfYFeGBBHTZThttLP,tron,USDT,issuer_freeze,,,2024-10-21
TQ9fFX3BW9F4JsUdQzVd6AutDavPgeK8yk,tron,USDT,issuer_freeze,,,2025-04-21
TQ9fd4zpfmtdRhTVYPfrtRU396dCX46pgw,tron,USDT,issuer_freeze,,,2025-07-12
TQ9yvpMSWe9cPT1eZnJL2MPd7p5cYTJpn7,tron,USDT,issuer_freeze,,,2026-07-30
TQAG3gRTtia7amsaxNyBFtzE1QcxctQja3,tron,USDT,issuer_freeze,,,2025-01-07
TQAMUwSxqN4hMSG73b1zNamqmFkpe3KFbc,tron,USDT,issuer_freeze,,,2024-10-26
TQAR5YcLvbApzdcFbdjyVtdNZysBz1pcDW,tron,USDT,issuer_freeze,,,2026-02-10
TQAVp4i9Z1XMMRp4sCa1eNByBAMKMTHc8R,tron,USDT,issuer_freeze,,,2025-01-06
TQAoj5We3XZ49U4avZX69wj4u7z9V3BL8U,tron,USDT,issuer_freeze,,,2026-02-10
TQAxDoBB8GHT9429b8x7ncDJdkjDjTyx7Q,tron,USDT,issuer_freeze,,,2025-11-14
TQB2CQZ4R5nLw8h6BJWLUswx4aJbEXJVUF,tron,USDT,issuer_freeze,,,2024-11-23
TQBAkUMGGBJvdC8k4c8LoDweMMR58zwppd,tron,USDT,issuer_freeze,,,2022-10-06
TQBWfVxdf6SVTeCAMh1gLAD3922aUq2XDL,tron,USDT,issuer_freeze,,,2024-11-22
TQBXakPzttyN4G2XtsU6Y9T1QDe1bJoKLM,tron,USDT,issuer_freeze,,,2026-03-13
TQBbTu35g7a9xp3JFX6qr2MJddj535rnDr,tron,USDT,issuer_freeze,,,2022-10-06
TQBiZvqDDWCNt3nzk8wuB5LRYtweEBd7ey,tron,USDT,issuer_freeze,,,2025-09-25
TQBvSdtVTnXZx2dD4ibYd1b4FBeVMxRNXs,tron,USDT,issuer_freeze,,,2025-11-14
TQC6r3KqA3jxt8qajzWUoRQ9yb6DxMgMVz,tron,USDT,issuer_freeze,,,2026-01-13
TQCBdU4K92oxLAkzwexZpqVZJhmPbtLYMm,tron,USDT,issuer_freeze,,,2025-12-04
TQCV8Ktf93ibCH95A4jYPZHSaPUjCAyun6,tron,USDT,issuer_freeze,,,2024-12-09
TQCiMpYmQNTzLgLFHTs5YGAonsTqqdXrRL,tron,USDT,issuer_freeze,,,2025-04-14
TQCp1sKYigTMEADjGsvoVQYCyZVwNGs62W,tron,USDT,issuer_freeze,,,2025-12-03
TQCp2z9ufQXQuqXowzJ8TwB26vhy9E9GiN,tron,USDT,issuer_freeze,,,2025-10-28
TQCpg4xz8uSv8KEhwQKXMzXSrbs1Qiyn5x,tron,USDT,issuer_freeze,,,2026-08-28
TQCss4dPhyaZyGFVX4mzKWZt5hK4db4FbJ,tron,USDT,issuer_freeze,,,2025-11-08
TQCyrfdQAE3unXPYr57y28GSAxQZkRnaFW,tron,USDT,issuer_freeze,,,2025-07-12
TQD63o5gqhsc5H8dg8zR3Y6D7Zri7Py8H4,tron,USDT,issuer_freeze,,,2023-06-21
TQD89non45GiTdJZLMrsTLbipfaFFrwzij,tron,USDT,issuer_freeze,,,2025-07-19
TQDFt4ywinxcwffUpCsjoRAQM6GWP4qb7X,tron,USDT,issuer_freeze,,,2022-10-06
TQDHtr4Rh8gb2AeGrHSAbziiyTMm1SLXqJ,tron,USDT,issuer_freeze,,,2026-04-13
TQDJk79ZtvFhDykP3pGkMTkGxntDmCSfRr,tron,USDT,issuer_freeze,,,2024-10-09
TQDNVkL4PHB6Zjx8PbxSwnAoagSLqAkSQd,tron,USDT,issuer_freeze,,,2026-05-11
TQDrNrnRbSiNg7TH3JzxUia3dSYYsmPb3s,tron,USDT,issuer_freeze,,,2024-01-30
TQE44k3LBoDk4qrRUxL9u3D14GjGyoahrG,tron,USDT,issuer_freeze,,,2024-11-19
TQE46vogeseLMK1NgJf54twPimNL5wdJr2,tron,USDT,issuer_freeze,,,2025-05-26
TQEMUzHV112a9oYT37zvoM3tqHtg1BZ7j7,tron,USDT,issuer_freeze,,,2023-12-27
TQES2rcb3s3799uBpAWhBGip371khXrXsS,tron,USDT,issuer_freeze,,,2026-04-19
TQEVLMVg9LN8pyepVHVPKdQATce7wxPfGv,tron,USDT,issuer_freeze,,,2025-09-25
TQEuQg4n2SZyKV7xssF9LjVYLDtKEpWQh3,tron,USDT,issuer_freeze,,,2025-07-12
TQFBDNefNeLaaSPapbDDC1Ldd9tkzmnoqv,tron,USDT,issuer_freeze,,,2025-08-08
TQFThXArsU1ZxDGfPr7zyTFPiPfzpx3tRo,tron,USDT,issuer_freeze,,,2024-08-04
TQFyZWTqLd4goSQS7rzB4VqJmqaEq72n3v,tron,USDT,issuer_freeze,,,2026-02-09
TQGD2ykuLAsNJg4V5Pc2MXe224xrthyS9L,tron,USDT,issuer_freeze,,,2026-06-01
TQGqeWWTq95YxaX6Bvxs6PBXJSqgQkCQ3R,tron,USDT,issuer_freeze,,,2025-07-20
TQHMK7DJ3R3TJEba9pzY6CLvkNvb9SLLZp,tron,USDT,issuer_freeze,,,2025-05-16
TQHMK8yo9ZRYJzg574qMZxeBmo4X17qWou,tron,USDT,issuer_freeze,,,2025-09-24
TQHQMsFeh4a2CMrRousinhQJqdZaP9Ykhn,tron,USDT,issuer_freeze,,,2026-03-21
TQHSBT5JcJAGTtpyUtwJitt37yqJubnDKr,tron,USDT,issuer_freeze,,,2025-10-10
TQJ9KV2JfeSk8LcoKsRtP1qC7MjYEk9mrd,tron,USDT,issuer_freeze,,,2026-03-03
TQJN5E3hwi5vvAmvKvjNtHybHmWeaxo45Q,tron,USDT,issuer_freeze,,,2026-04-29
TQJPFyeshr9pMbybdCv3GrShgKJ2wr1NzK,tron,USDT,issuer_freeze,,,2024-12-05
TQJgJaMF5qY5rV1FQVS3sUPazHRM8FpC5j,tron,USDT,issuer_freeze,,,2026-08-17
TQK4wyCPxUemgSixRKixwtPL331d7mCxLY,tron,USDT,issuer_freeze,,,2023-06-03
TQKKPaqPVhxzjA5p7xdP3PFemypYdv5e4T,tron,USDT,issuer_freeze,,,2026-07-03
TQKUuZ2KPC9SUSafGCYTPgHc4z7tbXAddv,tron,USDT,issuer_freeze,,,2024-03-19
TQKbacdeauHTyPqmbBum3Kx9wMma6BBZyb,tron,USDT,issuer_freeze,,,2025-02-14
TQKcbo7uCMEofme9GXkSpDgN6NYrpekQSu,tron,USDT,issuer_freeze,,,2025-07-12
TQKe12UqZ3RxCQ7iCAkzuFP8fxWsVeWa4B,tron,USDT,issuer_freeze,,,2025-08-19
TQL49xxRGteo8fZsSmtqrBCdo6t99Z5Mq2,tron,USDT,issuer_freeze,,,2026-07-30
TQL7uYa5FCh61MjNrk6DXWpDKwCqhRkDoR,tron,USDT,issuer_freeze,,,2026-05-14
TQLK3z7kEGiACUCAXX6zNx7hHvMnEF4cw8,tron,USDT,issuer_freeze,,,2022-09-27
TQLKLHkjmY4XtbCFDhr5BanQfAe6BWCZHd,tron,USDT,issuer_freeze,,,2026-08-20
TQLNeshEAXHbNhBpcbCMm2c4cYg3unDkiZ,tron,USDT,issuer_freeze,,,2022-10-06
TQLVR9SfYaBMEaY42aA7bSwkVUcp92nDNM,tron,USDT,issuer_freeze,,,2025-12-17
TQLgFJqbR4cKdi5yYTXaZbxU4ZznvJDgdE,tron,USDT,issuer_freeze,,,2024-08-16
TQLko4PKiLSSq1PNokkNjxZUjJNV8TLVwm,tron,USDT,issuer_freeze,,,2025-02-10
TQLnQYjDT4nz2oWjULSpgmCa2RYF5wNhzT,tron,USDT,issuer_freeze,,,2025-10-07
TQM5WoWQn32XJWErvbfm9Qg1xEKhTd55VC,tron,USDT,issuer_freeze,,,2025-07-12
TQMEygtx1uiAuRjtKFL33navqiZRsZkp75,tron,USDT,issuer_freeze,,,2026-07-16
TQMxExmrtEZPoXd3qjqBjUabc6Z8qfK6oJ,tron,USDT,issuer_freeze,,,2025-07-12
TQNkvdJ38Q2d6QJQt5QGGwS4YnMtYzZH6M,tron,USDT,issuer_freeze,,,2022-10-06
TQP3KHCEDipPg6cFVwR7tqWeRMYms88kN1,tron,USDT,issuer_freeze,,,2025-03-17
TQP5iDEKYs4Abi9KoVJuCuMY5MgBRn9mkv,tron,USDT,issuer_freeze,,,2025-04-15
TQPQT3im4NW6MGZSQwJBXA2S6Yj2saSBSy,tron,USDT,issuer_freeze,,,2024-04-09
TQQtBq6Yi6F8Cyz8r9XixuZHUjcqZYSj6G,tron,USDT,issuer_freeze,,,2025-07-12
TQRMaEwcfzuvyzgGscNxXAMNas2EBEBcBb,tron,USDT,issuer_freeze,,,2026-02-08
TQRZZqZ7BLnv2aFUy1FsbCJZng1kZzg8Gz,tron,USDT,issuer_freeze,,,2023-10-19
TQRcRYfQ95my74WVfRQpym7utQKnHovpma,tron,USDT,issuer_freeze,,,2025-04-30
TQRhXaLK3UkaZLWvyMjL1is8sd7DYWcDNM,tron,USDT,issuer_freeze,,,2026-08-19
TQSDWeQgogKRcG4kdKWQAAXJY99mfPE4KN,tron,USDT,issuer_freeze,,,2025-03-17
TQSp1zFXY97xZh2GatgSy2xMHDWXLArvD8,tron,USDT,issuer_freeze,,,2025-07-12
TQSq3nrZ4Uy5KAvck2SBGV2x3hLH2tLb3t,tron,USDT,issuer_freeze,,,2025-07-12
TQTB5KdjSQEXmXpUgM6GCsosgTr9acyQ5L,tron,USDT,issuer_freeze,,,2026-07-25
TQTVRmLE6KakX2rNe6mt294pL1tCjLVui2,tron,USDT,issuer_freeze,,,2026-04-17
TQTWFq9ZorH8VpNQe6fPGGhGPhvBuTXfKz,tron,USDT,issuer_freeze,,,2025-06-20
TQTgJR5iias8pfspNiUvb6d96EPuFCGix1,tron,USDT,issuer_freeze,,,2026-05-14
TQTrtnmmG8Bjihg6BURnc3iq64rD1uVHjx,tron,USDT,issuer_freeze,,,2022-10-06
TQU914F9n2pjPM1WS5qxo6QJr2rk65kgnf,tron,USDT,issuer_freeze,,,2026-07-24
TQUEcJPhF8pfcLoQYvdA8GXKPtnndjyVz4,tron,USDT,issuer_freeze,,,2024-03-19
TQUbJFw5EfYvd4h26tKcEU3nz7NV6cAtSW,tron,USDT,issuer_freeze,,,2025-09-23
TQUoCVtV34641DgpWCuDNaDHbtfRr4ihs4,tron,USDT,issuer_freeze,,,2024-05-08
TQUotLyrt7gtq4awUGbztDC9s7UsBKFiUQ,tron,USDT,issuer_freeze,,,2024-07-24
TQUrUoBWjTaj6wEbzH3cCY5xcBWBxfq6im,tron,USDT,issuer_freeze,,,2025-04-25
TQVWNHq2kuEdeG8BK8BNGiyaKE63eSm7n3,tron,USDT,issuer_freeze,,,2025-06-20
TQVzQKTzJvE64A57N1FiQJmt1mXpbRiBbB,tron,USDT,issuer_freeze,,,2025-08-08
TQW4G3y3nMQsDFbxYJJpqK8tdxoNTKHyF9,tron,USDT,issuer_freeze,,,2025-12-04
TQWEaEPEbbj3KX9C3wuv4odvbe6LKULv8k,tron,USDT,issuer_freeze,,,2026-05-14
TQWS4Pbis2ucpjwAEEiCVsUGqU5MsTRkYH,tron,USDT,issuer_freeze,,,2025-07-12
TQWyi14JYFeaicSNE29YGRvoU4VFpLvmo7,tron,USDT,issuer_freeze,,,2025-05-23
TQXEvXd63NpxAKAsb53nAENe9jU5nQVwFR,tron,USDT,issuer_freeze,,,2024-07-02
TQXQS3eVE43nh2KU9NUbi7PXpesCXdjpiF,tron,USDT,issuer_freeze,,,2025-07-15
TQXYaZo7Ngw8kFdohJ8i23j3PvEay2vCrL,tron,USDT,issuer_freeze,,,2025-04-28
TQXgRscPiA3YXpgndNBUCdA8qdrnyLvTs8,tron,USDT,issuer_freeze,,,2024-12-20
TQY2E1mzaBfzUhEJ7AjYaiCMfLz9g1sy4b,tron,USDT,issuer_freeze,,,2026-07-10
TQYnxujpgRrFh82Widyh2MaPXhmnby7hSU,tron,USDT,issuer_freeze,,,2026-08-07
TQYq7txLTGnK3shynn14TtcaSCi7Q744hY,tron,USDT,issuer_freeze,,,2025-07-12
TQYws49h9Huhm6Rt3qnqi9M5s22dspL8G1,tron,USDT,issuer_freeze,,,2025-07-12
TQYzRggRoRp32qJ5eAFwjaZKJC1YgFuYzG,tron,USDT,issuer_freeze,,,2025-07-12
TQZAQuZZAG4rhLcKq2RFEetc3azrph1jts,tron,USDT,issuer_freeze,,,2025-05-26
TQZFV1xeGKGHcCNQdw6erx3CFXQ9jfXeQR,tron,USDT,issuer_freeze,,,2022-12-12
TQa5fAYnuFdh6VAC6Xy71kEb9SUcTiNdDK,tron,USDT,issuer_freeze,,,2025-07-15
TQaAPMfszRFQYks2EqvoeLB8kh7mXnvZy6,tron,USDT,issuer_freeze,,,2025-03-24
TQaBdVYzTuyVp4Etz9mkEhtcnsEyG9NHQb,tron,USDT,issuer_freeze,,,2023-06-07
TQaHWh2rMtofHcvgd2p2KjZM3EuTrnBFWj,tron,USDT,issuer_freeze,,,2026-06-22
TQaNC6oaN8TVtvbVv7vDZUAhPZrfuP76Vp,tron,USDT,issuer_freeze,,,2025-03-11
TQaTsVZZ4WM9omLSPZJ5CseeU3SPuq4WLz,tron,USDT,issuer_freeze,,,2024-06-25
TQbNSJi44CaGCRofwER9u7MtEXtAF1yKqd,tron,USDT,issuer_freeze,,,2026-01-10
TQbPMNzF3oxvYdNPyNqt3wj3GruD1y99Zx,tron,USDT,issuer_freeze,,,2026-04-14
TQbUb8Jdz1vWsz3F7WeJHSRw7ZSH7VPcud,tron,USDT,issuer_freeze,,,2025-04-04
TQbgH5ZdMCFXdUgEeXujwbDVzAHyUgo8wE,tron,USDT,issuer_freeze,,,2026-07-04
TQbtg9ELcBXyVuiRxSdhD8ta3iyTpvS9kZ,tron,USDT,issuer_freeze,,,2024-11-28
TQc1R1gjpbqYXo1TdbwVi2v5SJHdL5TXVh,tron,USDT,issuer_freeze,,,2025-01-10
TQc3ifecyjfoFdELdkNfhTxteei8KPd3dm,tron,USDT,issuer_freeze,,,2026-09-11
TQcDEM3TwRZ39cgB1Wejb91b5YnkRoizKs,tron,USDT,issuer_freeze,,,2024-12-20
TQcSvY5agUA8CT9EjyNieJpkyYqPVGTRCS,tron,USDT,issuer_freeze,,,2026-04-25
TQcebd4GQPyujFVxbW8uNkDUxJecKkkxqk,tron,USDT,issuer_freeze,,,2025-07-12
TQchDy872mixuySePJJYW8SAein7QcY199,tron,USDT,issuer_freeze,,,2025-07-12
TQcpYoMePVHYw4VAtkGyvRhntuhW3P8v9L,tron,USDT,issuer_freeze,,,2025-08-08
TQcqLa4dwEcrV5HtctsEnxRUXamZtm3gyv,tron,USDT,issuer_freeze,,,2024-10-25
TQd1JwYC7eAK5ixqkdb9ropF3JcQ2PMA5h,tron,USDT,issuer_freeze,,,2026-02-04
TQdCeeaKLxNY3R3Pt6Y2JMakowePk2UeXA,tron,USDT,issuer_freeze,,,2025-04-10
TQdWWM2om5vSvSgruWgid6jArtkohq11qo,tron,USDT,issuer_freeze,,,2026-09-02
TQe9L2LHKtNxCvoPq6NeW9PyVUQsg2HqWs,tron,USDT,issuer_freeze,,,2025-07-12
TQeEF8Uxw1N8cgBkypvbtybSnPTpDNsvKq,tron,USDT,issuer_freeze,,,2024-06-17
TQePdy4gsJo9bNt89pP8SUnydptvwith3U,tron,USDT,issuer_freeze,,,2025-07-12
TQfAGhXKv6wDYw8QzaxMcYaq7Wg3HMzfNB,tron,USDT,issuer_freeze,,,2022-10-06
TQfFk9HDrxcN1VkKdFSu9mbhgMTDp93okv,tron,USDT,issuer_freeze,,,2025-09-09
TQfRtbsdAUSCmD21CLXqFzqnZZiHJoytyG,tron,USDT,issuer_freeze,,,2022-10-06
TQfjkDgjzNGTEQ8FFTH5bw8xFBwVSdtupm,tron,USDT,issuer_freeze,,,2025-05-28
TQfqX2LzMrzMFgghRJtJ3mtqr8LokmsTcW,tron,USDT,issuer_freeze,,,2026-06-24
TQfrztNycSaUrA6FJkGJa2YxhN9mdef4AL,tron,USDT,issuer_freeze,,,2026-07-22
TQfxmJZyfkcxBaPVYk67pw8mTYbyAr6a8P,tron,USDT,issuer_freeze,,,2025-10-30
TQg3om9xsrnHmnZJHBPS1GpruowVthjBbu,tron,USDT,issuer_freeze,,,2026-03-14
TQgDTbMpa87MjozWd75d6SFiuNi9orVjXE,tron,USDT,issuer_freeze,,,2025-03-25
TQgFL8zj1NEchzffVM68SnRagTAmZHU1Xq,tron,USDT,issuer_freeze,,,2026-07-27
TQgHWL2TXWmy4XnV2BrPEZ9LXDKmxTfKMc,tron,USDT,issuer_freeze,,,2025-07-12
TQgZ4AYTpB5DQziQt3S7gbjeF24ybNHw6e,tron,USDT,issuer_freeze,,,2025-03-17
TQgySYoVfXQ3pV6WbW9L2vmRTQ4Karvaej,tron,USDT,issuer_freeze,,,2024-12-09
TQhFRKd7Vu7io7KgSdvnmr3pNeY7CcvBtd,tron,USDT,issuer_freeze,,,2026-07-29
TQhKQSt9PFNfKjEGsDuj8eYhXxbXZ4JFjM,tron,USDT,issuer_freeze,,,2026-03-11
TQhRPERPnjyGuzsWectMzA9fPWEUbjdNCE,tron,USDT,issuer_freeze,,,2026-05-28
TQhfhJS3p4jyFFEyQcSN2QtbYWZNQGRqWA,tron,USDT,issuer_freeze,,,2026-09-10
TQiCXZpxUQEP45gYbibooNYNqAWojLiV19,tron,USDT,issuer_freeze,,,2025-07-12
TQiHhvmgWQ8T2mrmCGyySwqKMhkCALB448,tron,USDT,issuer_freeze,,,2025-10-24
TQiRBVfSRZcn2STiAeRnFH4GoNSFQocxYB,tron,USDT,issuer_freeze,,,2024-09-22
TQidCvuYVDLK7ry6BQgk2hFBQbYYysJXzU,tron,USDT,issuer_freeze,,,2026-08-19
TQifG9coJZH5PjbQ3LFCMWnoMzxhfLtvJE,tron,USDT,issuer_freeze,,,2025-07-12
TQj5CLpmzJTrn3H53waLNPZmCizUjekn8B,tron,USDT,issuer_freeze,,,2026-04-13
TQj7KsZtKUajkAL4F9B5ussRgJb45NCQZ5,tron,USDT,issuer_freeze,,,2023-10-02
TQjCPGV242NCq8wPD2wpmcn2ic8MUkRXUg,tron,USDT,issuer_freeze,,,2023-07-22
TQjDAhERdfwPCDsovDhxuNYS3rSyFYw3pJ,tron,USDT,issuer_freeze,,,2026-07-01
TQjZ1ftgpUYQuvUMWuDJPXfkzTrLCM2nR6,tron,USDT,issuer_freeze,,,2026-03-05
TQjnJXnrGKTjDmvFEfJuki4sp1wW3XrWt3,tron,USDT,issuer_freeze,,,2022-10-06
TQk4BEPeYRMWinpmysQGbaFCGTJyigcBvE,tron,USDT,issuer_freeze,,,2025-10-07
TQk8XWxGgKZG97CBJRRXh2d2ZdiuBd5Fmp,tron,USDT,issuer_freeze,,,2025-06-24
TQk9kucuy9fMKAWkcC4JJMK8yd7qSWyXvT,tron,USDT,issuer_freeze,,,2025-02-18
TQkMdaRr3qRrRA8rVaHUi4fyiWV2ycpCz3,tron,USDT,issuer_freeze,,,2025-08-07
TQkWr3RkBGMjFz87bFUu86Djyz5nopqEig,tron,USDT,issuer_freeze,,,2023-10-10
TQm4Maj5aZ7hypqHFBMbwztmVi7jc4xNdo,tron,USDT,issuer_freeze,,,2025-02-10
TQm4TzqWy2tbYX5wZ8i4AcPydCn5XHwPS5,tron,USDT,issuer_freeze,,,2025-03-03
TQm7p9vVmU8xRKsyTixqfGmspLmgsDiqhn,tron,USDT,issuer_freeze,,,2025-10-02
TQm98eGfLW4vYw2LoH8TnVyuga78ffmwZB,tron,USDT,issuer_freeze,,,2025-12-17
TQmJ6DXRuEbEyrThMi4BrhSjkCfc95B4YV,tron,USDT,issuer_freeze,,,2025-06-30
TQmevwUgz1yALaWaq7UE5nmnZUboZC56c4,tron,USDT,issuer_freeze,,,2026-03-14
TQmrYvVfjtoZVEK3He1oDkphFfwAp9HaMC,tron,USDT,issuer_freeze,,,2024-01-30
TQmtPP1g4t87ehYcYgm434xfQmVun9db8s,tron,USDT,issuer_freeze,,,2025-12-04
TQmxPuHy4CKFntUByuoDsDScthcrE3L4Dv,tron,USDT,issuer_freeze,,,2025-08-11
TQnMCxGhMCzMdpxTEmUPWXbrpk9hBiCv6p,tron,USDT,issuer_freeze,,,2025-05-02
TQnS34FaKpzNnHGLopANJMM6S9qfWuPc64,tron,USDT,issuer_freeze,,,2024-12-04
TQnb7fF8KmhXteAP3Pb73DgTh4ncghvXte,tron,USDT,issuer_freeze,,,2025-08-08
TQno13V14ex5nBFbicV2B2hiqjhKDtNoDM,tron,USDT,issuer_freeze,,,2025-09-16
TQnoEBbZB1uvQ4wUkLj9uduUCdp6w5B4kx,tron,USDT,issuer_freeze,,,2025-07-12
TQoAxcTCzeBCnMasqwn184mcPQWob87v4U,tron,USDT,issuer_freeze,,,2025-07-12
TQoXBvGnbDPyCVmkwEPCzJxj4pCzmDEMf8,tron,USDT,issuer_freeze,,,2025-06-27
TQob3W7dqoy5QcuN43SCCAHBRNkRY7BrYa,tron,USDT,issuer_freeze,,,2026-01-30
TQogNHKzdDn8cpU23fGencFDeJpZQZGotV,tron,USDT,issuer_freeze,,,2026-06-16
TQomU985q9a2aTUaM7KnZTtgTHAd5sX5WA,tron,USDT,issuer_freeze,,,2023-03-08
TQozLcLq5SX8fc5sAnnr3oxbU61Vnc6jJg,tron,USDT,issuer_freeze,,,2023-06-26
TQp7pTpMBSuaH7JHph2WRWN7LeopWTnAmM,tron,USDT,issuer_freeze,,,2024-07-01
TQpHdHwjvAQku2nt1MJZPezxzgh2kCo4KU,tron,USDT,issuer_freeze,,,2024-04-12
TQpNnvHK5yWnDbLEWoSjAq3fSmCUDMw3ym,tron,USDT,issuer_freeze,,,2025-03-10
TQpVWVhfY9KkCKu9Ckuq1A9E1EFwU4oxUK,tron,USDT,issuer_freeze,,,2025-05-02
TQpYCzAQRRMS7kTCf3knCBYgAvq5Dkqbks,tron,USDT,issuer_freeze,,,2026-05-15
TQptRuytjoWEpsRQQe6gGAAyTujS4vmrs2,tron,USDT,issuer_freeze,,,2025-06-20
TQqL2yx636JndoqbcSmE98rHPofWBfR7KB,tron,USDT,issuer_freeze,,,2025-05-21
TQr4mVCRhXAXyGfmqANgP9YUta2bnFgivK,tron,USDT,issuer_freeze,,,2025-02-05
TQrJXFg3T7CcZ3ji6b6BoJ8XjQZAfeMye5,tron,USDT,issuer_freeze,,,2025-04-22
TQrXjijU2mR18253euvHuTTXgEU5Mmq5pv,tron,USDT,issuer_freeze,,,2026-07-17
TQrp4NjfDmcPFFs84sAemZ56s3FadLW82x,tron,USDT,issuer_freeze,,,2026-08-07
TQrq4kdXhfTMz6Y9EuGKcwSFdhTNLr4kKq,tron,USDT,issuer_freeze,,,2026-07-06
TQs54x1FmZSXiBBjVrNMziLwX4ofbYuPCx,tron,USDT,issuer_freeze,,,2023-04-17
TQsUubNoWaDLBT8daaiYzAeuRT9YGA5eW6,tron,USDT,issuer_freeze,,,2026-03-12
TQsWdx3mdbitvST6UseenucnZ4k3nFRq7S,tron,USDT,issuer_freeze,,,2022-08-23
TQsebiAAh63NxWE7KD9aCRaKNTHhkVacfB,tron,USDT,issuer_freeze,,,2025-07-12
TQsfWbQpH6iN5jEkjVRGZjS8X7r5mjqGvo,tron,USDT,issuer_freeze,,,2026-08-14
TQsjis3uxCtepDPWNwcELj3FKDPhkvcD2L,tron,USDT,issuer_freeze,,,2024-06-07
TQsx6EpJ2B39thMzsEzpJ2Txq9Rq2wBJNc,tron,USDT,issuer_freeze,,,2023-11-24
TQtK44JMzfcQNScyFiYxW6Q3X8FzpEvMoN,tron,USDT,issuer_freeze,,,2026-06-22
TQtn78tDLgEChRZ3u2BuC2UGyG3DPCEfbm,tron,USDT,issuer_freeze,,,2025-01-16
TQu8uN8zkCTUgmFUiq1BCLV5j2FA9ZAKGd,tron,USDT,issuer_freeze,,,2026-07-17
TQunvgguJy9K5Ya5tZFNwg9VkXK7otUKzH,tron,USDT,issuer_freeze,,,2026-03-06
TQuqWNMLSrmxuuhjD5RHA8B1c52zzFTa6s,tron,USDT,issuer_freeze,,,2025-01-10
TQut3YDd56y63ozHCCh1m1nAHV4Dit8tRb,tron,USDT,issuer_freeze,,,2026-07-24
TQv1m2bruKZuQHR2PxyJgUHyDFQpw2JNAi,tron,USDT,issuer_freeze,,,2022-10-06
TQv6uUTfe67x47sAQgFabyEh3hmuZunDSc,tron,USDT,issuer_freeze,,,2024-06-17
TQvBWRjfBMwVZgMdHTtKVbHctD9feegAvY,tron,USDT,issuer_freeze,,,2025-05-23
TQvXSjp1ySVJ8CHK8HSHCk2wQJGbnQncH9,tron,USDT,issuer_freeze,,,2024-10-14
TQvXTpStVcox6UHCc8kFzjw6r8aLABEjPK,tron,USDT,issuer_freeze,,,2026-02-10
TQvagv3d2sXfPytiSK3SxRcEgniWQHsFCD,tron,USDT,issuer_freeze,,,2026-09-11
TQveGavRmJpEA2LZMtcXq9ZqA1EUYSo1iG,tron,USDT,issuer_freeze,,,2022-10-06
TQviRars262N1TgHdx9y4TGJKRGV2w7smQ,tron,USDT,issuer_freeze,,,2026-08-20
TQvmT9NGN9N1iLrvdi9mnCwixDKturRf2d,tron,USDT,issuer_freeze,,,2025-07-12
TQvt25e2vYswBs3zUJaa4JjVg7cyejM7MA,tron,USDT,issuer_freeze,,,2026-06-30
TQvtEH4cPSXD4JBfGBE8FYEzT8Mj3ZR1LH,tron,USDT,issuer_freeze,,,2024-12-03
TQw32BvKEcyLUUA7N6YVVCZa8whz4AeWSJ,tron,USDT,issuer_freeze,,,2024-10-17
TQwRXm6mAcHTZCzmuG3BFYos3LW1Tphfot,tron,USDT,issuer_freeze,,,2025-02-10
TQwcVQSUjLPuXGUTaCzfKtcRHz9X5GcpA6,tron,USDT,issuer_freeze,,,2025-01-16
TQwhpmgfmasj4BVaCjqkioAX95anNK9mkg,tron,USDT,issuer_freeze,,,2026-07-01
TQwnh4HpZrPswynUBqY7U848E92YSCjx7k,tron,USDT,issuer_freeze,,,2025-04-24
TQxAP4NhLYJNYHmkTaTqPixp2wLGSHbVp4,tron,USDT,issuer_freeze,,,2025-02-10
TQxJVk32ErTofvgiNoCzABRKPw3d1CGsnd,tron,USDT,issuer_freeze,,,2026-08-07
TQxWztAUSArGB9aA8rDGXG4j7gcAKUCHvQ,tron,USDT,issuer_freeze,,,2024-03-15
TQxi9eaWWqsizqMNHCqbbaXNYXeKVdHU3A,tron,USDT,issuer_freeze,,,2024-03-19
TQxpCpm1F996cZCjm2UUjHTq8tssZEmsCm,tron,USDT,issuer_freeze,,,2026-03-22
TQxqZwmjfsr54tbgxPNhwv3RZdc7YZxVmj,tron,USDT,issuer_freeze,,,2026-08-31
TQxtfSUd7URnCf36pVur9qv8D3Uf9zAeWT,tron,USDT,issuer_freeze,,,2026-07-01
TQxz2kFoXGzwpvmRe2VrYqj5GzsTrYfpVp,tron,USDT,issuer_freeze,,,2025-11-13
TQyE4ZmKxoyDDMLoepwwyTaKsTAxnoNqqQ,tron,USDT,issuer_freeze,,,2026-03-16
TQyYib8nFmaxkfgDrT3XZ3oi8DPGa7j79Y,tron,USDT,issuer_freeze,,,2025-02-19
TQyfrvLMr5ztuWhadRazpZUayqr7WAcKfK,tron,USDT,issuer_freeze,,,2025-07-12
TQymAy213mo2vTnDVpDZy5EyWKRvJq6pk1,tron,USDT,issuer_freeze,,,2026-01-15
TQyweb2RC4yt22jpLrBPiDuxmPgkzF2eVQ,tron,USDT,issuer_freeze,,,2026-05-29
TQywgbaRj1RNejFFpCN84eayCqpL7Mpohj,tron,USDT,issuer_freeze,,,2024-03-01
TQzXi8DhED4QJhSEegLKbQeoUyoizWraFy,tron,USDT,issuer_freeze,,,2026-06-02
TQzyyZdsLJmMTNfdcGz16LvrYfR4RLQUsL,tron,USDT,issuer_freeze,,,2026-04-15
TQzzYdW4JCdd16DfaQ4nvGMQBTS7iZMHdW,tron,USDT,issuer_freeze,,,2026-07-06
TR1GiFyDcY2a1sTJbbaVJL8pdzxzpGNTR6,tron,USDT,issuer_freeze,,,2024-03-19
TR1PpCdPXE79DKtLRBcBKiAQ9zP8Eg362t,tron,USDT,issuer_freeze,,,2021-06-07
TR1T7EZCVm1FJFiPpg8FJehts7qP9uwd5d,tron,USDT,issuer_freeze,,,2025-11-20
TR1VGXEkTMEzK3b79GCgKyuJifsXq4mJTG,tron,USDT,issuer_freeze,,,2026-09-02
TR1ZDRCUjAMktBeMSyFCGmmYjkWvRErQmJ,tron,USDT,issuer_freeze,,,2026-09-11
TR1e114XAyM1UnwjUfUaJigyLnRjEaMYof,tron,USDT,issuer_freeze,,,2025-10-02
TR1oCrqCMjEo5RARiX4n7hCZ5aotJSKxLh,tron,USDT,issuer_freeze,,,2024-08-28
TR2348SwCvywxzBvMc7BRGFMWJWDNPAH2m,tron,USDT,issuer_freeze,,,2026-06-05
TR28KrV8fGP6RR3X7UsrVgEfRiThr6W6N2,tron,USDT,issuer_freeze,,,2022-10-06
TR2bwS92evmhiHYjjQbTgcbuM2XoL17U4H,tron,USDT,issuer_freeze,,,2024-07-01
TR2qew9eiXxv3VBVKir6XESPt6PGL3SPnU,tron,USDT,issuer_freeze,,,2026-06-10
TR2vZaMx25fpWvG5HpSM7iUiWRNtptEjDr,tron,USDT,issuer_freeze,,,2026-01-31
TR35D7eCHkLmmJZHgsdnPxE7nVUkKtagqz,tron,USDT,issuer_freeze,,,2025-12-11
TR3FMNjnidLsMfNL5e9vSpjed8nNDQU7ku,tron,USDT,issuer_freeze,,,2025-07-12
TR3WZYDG4L6czdso86aReQFdVcGgkDos5i,tron,USDT,issuer_freeze,,,2026-02-26
TR3rEbB8TyECLXwueUZW4FRabphPpNAAaQ,tron,USDT,issuer_freeze,,,2026-08-26
TR42Zxt38bCMYUpurxjsKcN3Ynpbwfdh4t,tron,USDT,issuer_freeze,,,2022-07-31
TR43QPBq1cXNAb1pddZhCekYQzRVziGM3Y,tron,USDT,issuer_freeze,,,2022-12-28
TR4PZa3sJcwHnNxUMot5BhKzUW7KJqwgRp,tron,USDT,issuer_freeze,,,2024-07-23
TR4PgQoJsy81oF8aHfkJTCtrYSxeqLxPqf,tron,USDT,issuer_freeze,,,2022-10-06
TR4T5XAB7uUqeM7eUDkJ3HP3Pe4tLxtxwj,tron,USDT,issuer_freeze,,,2025-09-09
TR4U6oY95e2wQLYe9izoCt9hsAHVqiuFWs,tron,USDT,issuer_freeze,,,2025-05-22
TR4hnXWySixVbxEFPixZyyzmCRNmnkqm87,tron,USDT,issuer_freeze,,,2024-03-19
TR5Rv4KjChqFoJUFjhcYNjGTVNTkiwX9cM,tron,USDT,issuer_freeze,,,2026-03-16
TR5T9Ztgo7AkwJQr73c5WHn3ntWdD37Yez,tron,USDT,issuer_freeze,,,2023-05-31
TR5VBCvKhdbpwNoGP8RRKRapo9HPrrzYAy,tron,USDT,issuer_freeze,,,2026-07-01
TR5nHRtdSe4TW4WTkV295cjqNufQUdGRkK,tron,USDT,issuer_freeze,,,2026-04-28
TR5ocsnyD3f4nDLfNGULi8NH74M7UrgtTt,tron,USDT,issuer_freeze,,,2024-12-09
TR5rGAj96Vp6gMfiTuZtvSwT5WcipdtKKi,tron,USDT,issuer_freeze,,,2024-08-28
TR5tVdF2R4bTmixJ5fMPcoTFtPKoqD5RGh,tron,USDT,issuer_freeze,,,2026-07-01
TR62KrEUPsASmuyywRxAm9va9H4oqjTuCK,tron,USDT,issuer_freeze,,,2024-05-15
TR64SK2HCpSXuR62vujAmcH3LwMG9pL6Ja,tron,USDT,issuer_freeze,,,2024-07-17
TR68n5ZkAP7z7JoPHAY5VKHGz6JSxMXzuC,tron,USDT,issuer_freeze,,,2023-01-20
TR6FXUMZjPZeoFnRcgTbMQESt9TMxJztCg,tron,USDT,issuer_freeze,,,2024-10-26
TR6KCCkZmaZd8NhYRgTYQivfqKR6t74mXp,tron,USDT,issuer_freeze,,,2025-08-18
TR6Z4GG2VuJCKbQV4pSYfrWHQVheq3cApc,tron,USDT,issuer_freeze,,,2025-05-09
TR6eWxc6aKG4UQELd7h5jg4zVxYiMytJRu,tron,USDT,issuer_freeze,,,2025-10-07
TR6iHbQYEy96AeauFDshKeMNMBQ4a2JkvE,tron,USDT,issuer_freeze,,,2025-07-12
TR7CAWzvzrDDGBRa9R6bZFLgmhyrzfSAMg,tron,USDT,issuer_freeze,,,2026-03-01
TR7MpJF8i9NNjZY9FJA63ntYGNP96Ycr3B,tron,USDT,issuer_freeze,,,2024-06-14
TR7NHqjeKQxGTCi8q8ZY4pL8otSzgjLj6t,tron,USDT,issuer_freeze,,,2020-06-26
TR7ZroJkK1pLfogEFhGvsphvNux7DAVaSJ,tron,USDT,issuer_freeze,,,2026-01-13
TR7fTLmx97KZeaoa932Uu6n1bJAAox7kMS,tron,USDT,issuer_freeze,,,2022-10-06
TR7phLJrg48hSDUboHfvK1uCEjzCf7VtRs,tron,USDT,issuer_freeze,,,2026-02-26
TR85X3Ax4PbW3ScRaX9Yb6QF53a35DUUmA,tron,USDT,issuer_freeze,,,2026-04-01
TR8Ad26z3bY9atRbZJVCFm4G6BbHvmnRYv,tron,USDT,issuer_freeze,,,2025-11-22
TR8NQCJyVZ5M4Mr6U4aXzWdLdygkykN2kj,tron,USDT,issuer_freeze,,,2025-07-12
TR9BvZPDZi3Ndn912tYX93LrYPzPddV8Ee,tron,USDT,issuer_freeze,,,2026-04-28
TR9RbfCYc5ektbUg8ZmK3asVHVGiPoNxZK,tron,USDT,issuer_freeze,,,2025-08-07
TR9dQwvcsPeNEwr6DJAzwXMPBGLotrgPd7,tron,USDT,issuer_freeze,,,2026-04-24
TR9ibW1dK1wMy9zqSjaL1Szkma1eDF7UyW,tron,USDT,issuer_freeze,,,2026-04-21
TR9oLgPwuSULysDcnmD6jKfG3S9oTtrLte,tron,USDT,issuer_freeze,,,2025-07-12
TRAAZ4cRnRi5gpWYMdPwNG3Yg7eDdNK9Ae,tron,USDT,issuer_freeze,,,2025-08-08
TRAEZUKKpqMZSoJrpH36oEXUu24Zz9vHJW,tron,USDT,issuer_freeze,,,2022-10-06
TRAbzQLcx2LwRrhPBKhx5ymTsTUaN29xak,tron,USDT,issuer_freeze,,,2026-03-05
TRBDo4QmH31jtFntNAb7aHvSsmm67QD422,tron,USDT,issuer_freeze,,,2025-11-04
TRBFwPnyyKr2KHqxkjhnyNPjE4JUEsbisF,tron,USDT,issuer_freeze,,,2026-06-04
TRBcW8HduF7uV8oyPyQM7284S1GySpUh4R,tron,USDT,issuer_freeze,,,2024-12-05
TRCTpshJtKdviNLep8EVXt72vEkZERnvTf,tron,USDT,issuer_freeze,,,2022-10-06
TRChNdL9Qdqy5CfZnpQ8s88AHrD25nLohh,tron,USDT,issuer_freeze,,,2025-06-20
TRChUUpGzbAwkGb2SSmVdMpaVR1dV5CAoP,tron,USDT,issuer_freeze,,,2024-08-28
TRCmZJTyb1st9NLKvqyNjg7xU6oPDdBd17,tron,USDT,issuer_freeze,,,2022-12-12
TRCxND4rqE9kHkGvnXFTQPnRtw4RFzATFu,tron,USDT,issuer_freeze,,,2025-04-04
TRCxv8LSD3o1cVtRt9uqxYedXUMYGTxnXr,tron,USDT,issuer_freeze,,,2022-10-06
TRD2pmhKy77Phhcrx7VStJ6FGqqMyAHfsK,tron,USDT,issuer_freeze,,,2025-05-27
TRD9cngmDuuWExssUDiAVYXgEWtjVUUz9S,tron,USDT,issuer_freeze,,,2025-06-26
TRDXKeeKa2zueSPPdGFFYgShaJTBWHS7uo,tron,USDT,issuer_freeze,,,2024-07-11
TRDceW6zBtZYE4km46vytdSTc4Qq1j2Cez,tron,USDT,issuer_freeze,,,2025-06-20
TRDdkWjqaH3YPoXTu19ZTB1QNAXnKTNhHg,tron,USDT,issuer_freeze,,,2026-05-09
TRDkUoxn2YPW5YV9931USY3qSZn9AsXwpM,tron,USDT,issuer_freeze,,,2026-07-01
TRDxwPJTzxhqsXwXSh3sysCWteF1B1QyDM,tron,USDT,issuer_freeze,,,2026-04-15
TREG13XC5PC6tYtnghvuuiyDqDqvsWydAL,tron,USDT,issuer_freeze,,,2025-03-04
TREdykRCRpa4fGYz7w5wHTLyrywF9smWyT,tron,USDT,issuer_freeze,,,2024-12-26
TREgMnkgEidhQEMwa4HRDvegcULcB8HRGE,tron,USDT,issuer_freeze,,,2022-10-06
TREjxitKYDStN3hDrMjEbhJZnZrGr3ZkNn,tron,USDT,issuer_freeze,,,2025-07-12
TREomcWWg2AEzSFo33diUndMp6Bd3mduWy,tron,USDT,issuer_freeze,,,2024-04-16
TRFCBzHDBf6YZiHnyg7yVe3vW2RYYeFnPq,tron,USDT,issuer_freeze,,,2025-04-07
TRFLvUBLXDUnNBkXB5CxPSTM7wD1EYzT4W,tron,USDT,issuer_freeze,,,2026-08-19
TRFU3Ar3zKtwN3fAsBjBHyd2fR3fmTsg2t,tron,USDT,issuer_freeze,,,2024-08-12
TRGGsy5pCWQc4yNFuoXeiazfWfvTdTD3mZ,tron,USDT,issuer_freeze,,,2024-08-19
TRGSj5TS5dREAG3ij1CXJsL7n5SCgZex6f,tron,USDT,issuer_freeze,,,2024-12-04
TRGb2H9afgWNebLnEvjfeRvSPqoK6G6dA9,tron,USDT,issuer_freeze,,,2026-03-03
TRGs1mYPGGru3LHHcR9FLZmipTXexWieSx,tron,USDT,issuer_freeze,,,2024-09-04
TRGxTpgFjEz27UaHpwtc5A1uyodg9xZZ1R,tron,USDT,issuer_freeze,,,2022-10-06
TRH83c2byegtwshxpkKRHXtFiqxMB5Einj,tron,USDT,issuer_freeze,,,2024-09-06
TRHAtP6i2q5N8juhg5DvUEQUSfomweybUn,tron,USDT,issuer_freeze,,,2024-09-26
TRHBggNuR9D4xqtLXaPYt3w13L81KqN75s,tron,USDT,issuer_freeze,,,2025-07-12
TRHE7iMRPpLeVdYt5667NmDZuEo1NaWnbe,tron,USDT,issuer_freeze,,,2026-08-13
TRHEywsvtW3jwhNwFi3aK3AbWydaxEtK9d,tron,USDT,issuer_freeze,,,2026-08-28
TRHGijJ8ayF76yEEYwru9a6ysbCW4Xbs5f,tron,USDT,issuer_freeze,,,2026-04-20
TRHY8Cvn1t9a4bECGCkk8sxpMET7SNS2ds,tron,USDT,issuer_freeze,,,2024-02-25
TRHuWhPRXiwqgPZUGDSk6psj9SB4gJjdYn,tron,USDT,issuer_freeze,,,2026-05-25
TRJ9HydSaRwuvvCPbkVHuLiZNZsfhgeNFu,tron,USDT,issuer_freeze,,,2026-08-14
TRJLDjrB2J4k4v6XuFkfzuzyZTC11evSqC,tron,USDT,issuer_freeze,,,2026-09-03
TRJS7NbwuHk9ksczxJnS8HxnoguDhtUecT,tron,USDT,issuer_freeze,,,2026-05-14
TRJekRsXAjgLNDTGoRFQbdCmgDvHuZdWeh,tron,USDT,issuer_freeze,,,2026-01-31
TRJhoXAeDmiHc8NdPy5QdgrRku3U2XhynS,tron,USDT,issuer_freeze,,,2025-05-26
TRJoJYfG41XVNDLXedFQhP5iMXpDCKgoFH,tron,USDT,issuer_freeze,,,2026-09-11
TRJqS9aYftcZ8KcySM75eEUi7Srv6HWNqh,tron,USDT,issuer_freeze,,,2026-04-14
TRJvZMBV2oegYntrDXF9vQ9oLPqYLoNdgh,tron,USDT,issuer_freeze,,,2025-08-12
TRKCXeospDR7kk6cgMR1vCriMUBGJKqheE,tron,USDT,issuer_freeze,,,2026-06-04
TRKqWfiMPZzbBLKappt5rFgpiSotKQp5DX,tron,USDT,issuer_freeze,,,2023-12-18
TRLhJ7aS3opUKdneqrayDNdQdzcNAJRm96,tron,USDT,issuer_freeze,,,2025-06-20
TRLxiTM9G2NGvnpTMMVpn7HWCSbkhodR85,tron,USDT,issuer_freeze,,,2026-05-13
TRM6bdcy61hVwZKZWqHnSR1qhTCnPn1b65,tron,USDT,issuer_freeze,,,2025-03-03
TRMAGX43QR3aUjZus2i2Z73RJffn9bBVbK,tron,USDT,issuer_freeze,,,2024-12-27
TRMNT6hfHwL9e8nuXrY6vdoMwJBQoneSs7,tron,USDT,issuer_freeze,,,2026-09-12
TRMX1Xqeuajdo8nowDW9o5nnH9DAnxQBGE,tron,USDT,issuer_freeze,,,2025-12-04
TRN96xZbE4zaucdjb4g8RShNbR4ZDKDtUy,tron,USDT,issuer_freeze,,,2025-07-12
TRNVBc7K3g3D2LCEG2w4mRm3SZgtJda5sd,tron,USDT,issuer_freeze,,,2026-06-16
TRNhyMtoUsww96RakB94gV5vVuUAGqUgcd,tron,USDT,issuer_freeze,,,2026-08-20
TRNkiDx34nqTUFJnKGREMwgPTJMZLAxBzP,tron,USDT,issuer_freeze,,,2025-07-14
TRNm1ogRp2Uso8qJuJDDoz1NF3X1q3v1mR,tron,USDT,issuer_freeze,,,2026-03-14
TRPLp526vaegMraoGz7q3vgPCVdWZvbtnj,tron,USDT,issuer_freeze,,,2025-05-26
TRPNdNNtN4MCAW2dTYhvswopKWfWiRJPNL,tron,USDT,issuer_freeze,,,2026-06-05
TRPQEtRqA3T3Bzjie6jgdKDARJFk3bRX1d,tron,USDT,issuer_freeze,,,2025-08-14
TRPfRsGsRM8K7tYxTq9tDo4CaSMpekuAoJ,tron,USDT,issuer_freeze,,,2026-01-28
TRPjnTA4vkyLAbYZF566eZGHY9U1siNcke,tron,USDT,issuer_freeze,,,2025-12-04
TRPx3H4y3yPX3q8eaJXJ9JYVYNjoCkCrEv,tron,USDT,issuer_freeze,,,2026-06-16
TRPxSdY7dYBv23B85s7WEHJz29osyB63qg,tron,USDT,issuer_freeze,,,2026-02-26
TRPzWUkLKMPy4RgamsFidJXxp4yDzY52Fa,tron,USDT,issuer_freeze,,,2026-03-11
TRQ5snrNg9GpJwcYnKhuq1BJKSUdn3Zrt3,tron,USDT,issuer_freeze,,,2025-07-07
TRQEGeryR96HThyU4aFDX3sPUxHEasCqwN,tron,USDT,issuer_freeze,,,2026-04-27
TRQdC6XUPKf8Gwj6xUndzM3zHPU8zYyTVd,tron,USDT,issuer_freeze,,,2026-09-04
TRQfLZnZUscUJcDpHbJuWyWxqUBs7Uh5oo,tron,USDT,issuer_freeze,,,2026-03-27
TRQmW8KXN8KWcLjf9W1J2c4uc57bC59Wr8,tron,USDT,issuer_freeze,,,2025-09-11
TRQrcZCjpdxi6XtRqgTMgm2c6kTyvaLM5Y,tron,USDT,issuer_freeze,,,2025-07-12
TRQytxHhpk36kyifLS4ekshWxm1dRpu7zW,tron,USDT,issuer_freeze,,,2026-09-13
TRR8jJMn9N8QsCCZpf2qJGsebM8XuRcFfB,tron,USDT,issuer_freeze,,,2025-05-09
TRRAwE9iSF5gGirByUnhK75uw6amdhcSPy,tron,USDT,issuer_freeze,,,2025-08-08
TRRL544tozUZiwvCM4QabeVLJzCAd7i3Fs,tron,USDT,issuer_freeze,,,2025-05-19
TRRNwZRbssAetYFAvvZ1bBoJbfh7PHKU7F,tron,USDT,issuer_freeze,,,2024-03-19
TRRS51XSxAHNpb5rjTMkHm1sZNbs8grgF7,tron,USDT,issuer_freeze,,,2026-07-07
TRRbufoo3Pt5LrKn2PtSobuxZFSsYuPxVp,tron,USDT,issuer_freeze,,,2025-07-12
TRRhhzJrws6ihqkWjqoAwM483mDJeMJqCU,tron,USDT,issuer_freeze,,,2025-07-12
TRSC5WjYRbKqX4a3ZXB7CtZkxzf1r2tAqA,tron,USDT,issuer_freeze,,,2025-11-20
TRSQrMpSy1axo3pK8dWAvMbKXeZhdE7uSX,tron,USDT,issuer_freeze,,,2026-05-04
TRSUVaTBQWBdThE8SmtcGV1hE1m714wZ7r,tron,USDT,issuer_freeze,,,2025-07-12
TRScXASxgP5GxMsqKT8zTWgckiJnNBqLSi,tron,USDT,issuer_freeze,,,2023-12-05
TRSnAkh3SpfFGUC8wKH2278kLqPb7gNbh1,tron,USDT,issuer_freeze,,,2026-02-26
TRT5ydnMhueyWRSvUhi5BEKZJmX27DFGHU,tron,USDT,issuer_freeze,,,2026-05-01
TRTNjRsbvwxCEwKt6tQ6dsVfZiL4Ftaj8J,tron,USDT,issuer_freeze,,,2024-10-11
TRTPT3www2fYSCjEu2PKtjFegK5QKXh5tC,tron,USDT,issuer_freeze,,,2025-06-20
TRTS5cymS47tc53fPqGfXFCtCsUMfF7pU9,tron,USDT,issuer_freeze,,,2025-07-20
TRTUEAdoXap5kXafTFytuYFTwH9eRJjALx,tron,USDT,issuer_freeze,,,2025-02-10
TRTZ3txR3vtGHQncmYqtvE6sD5o9pkxUse,tron,USDT,issuer_freeze,,,2026-04-27
TRTaUjHktUQ7JRwP7cvinFnmx7gkFPxym5,tron,USDT,issuer_freeze,,,2025-07-12
TRTtnkxEwLx9wCCTt4Uw9mCaVzUUGhMbET,tron,USDT,issuer_freeze,,,2025-10-22
TRULsMwkQZirwVtdtvkHZgpfq1Q3tZdGgd,tron,USDT,issuer_freeze,,,2026-04-07
TRUpxVgjuNNw2FyZoSgQ4bVYktVp2nKFpC,tron,USDT,issuer_freeze,,,2026-03-19
TRUwp2SNpfaC9rdK9QFf9Q26w2TYEL3iik,tron,USDT,issuer_freeze,,,2026-09-02
TRUxgKCYwMoxpmkDY4UqP9KnGX8dBuvW4L,tron,USDT,issuer_freeze,,,2025-08-12
TRVRxX1f4GqYApuG4eePCtHCQCDUFTe7vw,tron,USDT,issuer_freeze,,,2024-09-06
TRVebdFuFTXgsytEWGwiT7Y9DjnD6hQjf6,tron,USDT,issuer_freeze,,,2025-01-21
TRVkFARV14Fgevo59XGjnSeZRFnia7a3Us,tron,USDT,issuer_freeze,,,2025-07-12
TRVve7XKH2gKVb7wPfcJH24o4kHinuCtM4,tron,USDT,issuer_freeze,,,2026-09-02
TRVzUG8GbTBF2FQjyzbv8CtYaJ3H6JdbYp,tron,USDT,issuer_freeze,,,2026-05-01
TRWPqiZ54BYD9rAKmDM1bkKYsFHttVfXNY,tron,USDT,issuer_freeze,,,2026-05-15
TRWUgEW2A11njknUpdecV2mBRJPsUirgSK,tron,USDT,issuer_freeze,,,2026-06-17
TRWbkBUBrfE51G8t5rDkDWYL6qKdCYfY1Y,tron,USDT,issuer_freeze,,,2025-08-14
TRWeLzi6oAPXXEx3WwHRrA1AtM1WB69Tg9,tron,USDT,issuer_freeze,,,2026-01-01
TRXNMLD2P1DxKPHBEocmPJGpaodyRLfq3N,tron,USDT,issuer_freeze,,,2025-07-12
TRXZCXmW5mPw9ts5zRAS9Qdnr4RFeAWWVn,tron,USDT,issuer_freeze,,,2025-01-29
TRXwWhYoTEn2zEFbN9GbMHQYB2wWVdo4Yj,tron,USDT,issuer_freeze,,,2026-09-12
TRY2HV9UA1453Hw3pk5repPTai1Mpqrkjv,tron,USDT,issuer_freeze,,,2023-08-19
TRYfPBzuWLJNCBgpfbMn2BY73HmM5xzdC9,tron,USDT,issuer_freeze,,,2024-06-18
TRYyYbLQ3jmRb5RTt7uBxMsKCKFp9D78cG,tron,USDT,issuer_freeze,,,2026-08-18
TRZ1p1XA3m81Jj6sLvbsauAjnejnb2wb8K,tron,USDT,issuer_freeze,,,2026-08-04
TRZ6yyWLiQ6c72jsGfLAtyazaQRYUBk5HR,tron,USDT,issuer_freeze,,,2026-04-24
TRZJT9KHS3DY1YyVRfn5689bqyzysLNR2E,tron,USDT,issuer_freeze,,,2024-10-14
TRZmDNTvXwT8sFXNTHp2MpCCP8pRwehBsa,tron,USDT,issuer_freeze,,,2025-06-24
TRZonQC3DVYNn7biZpX1U3eveMtGRixvpN,tron,USDT,issuer_freeze,,,2024-06-11
TRZyHxxkvsbA3prG31vqxhBCs7qYQEidx4,tron,USDT,issuer_freeze,,,2024-08-28
TRaV3vcfqZxxhU4ghhwo3wEaQ3qC7V5EzP,tron,USDT,issuer_freeze,,,2025-12-08
TRadqVTveKB1MNarRsjRGdLqmwCjv2QbAB,tron,USDT,issuer_freeze,,,2024-06-17
TRafLXom5Wxv9SeyJf7ZPwkKxdZaCSN75R,tron,USDT,issuer_freeze,,,2026-08-20
TRafR5rg6ADs8TPiE71K3m1Vtc8pXecT6C,tron,USDT,issuer_freeze,,,2025-12-03
TRbEdqmRbCkRvc3ZtGDRCwapTi5gD8KrUR,tron,USDT,issuer_freeze,,,2026-06-18
TRbMX6n7fEzi77saFGxpSTcaUxDtd9k1md,tron,USDT,issuer_freeze,,,2024-08-19
TRbUjhJUMP3aPBoSebJuRnb4AF9mUrXJQJ,tron,USDT,issuer_freeze,,,2026-03-11
TRbi273A9DbrhXM6zAg6ppGSHt699GimWo,tron,USDT,issuer_freeze,,,2026-02-06
TRc3wDp59FLW7eCJkGTSpVXFYCZf5vXbpJ,tron,USDT,issuer_freeze,,,2025-02-19
TRcHCx1eYpk6wcoiCsDjufpPtvyfisZXBJ,tron,USDT,issuer_freeze,,,2022-10-06
TRcSRXGw2n4Uz5JX9KqovjNutf1NMKPiAS,tron,USDT,issuer_freeze,,,2026-02-10
TRcfEViFvnWPQjpaUEbQKWkbcgGghVat13,tron,USDT,issuer_freeze,,,2025-08-25
TRcr37LKpjmFy9UYNKVR3tQu2GskRdozoz,tron,USDT,issuer_freeze,,,2024-08-04
TRcsfyzXveYAaiA5kFSUPE1wrGcmkKK21m,tron,USDT,issuer_freeze,,,2026-04-21
TRcx1nD9Q3XhRymRvr6qBFxjcnhHxJ37no,tron,USDT,issuer_freeze,,,2025-06-10
TRd5C5u4JLaUo6uN29xpgx89fDzGpQrPmB,tron,USDT,issuer_freeze,,,2025-12-23
TRd8YvxRzKoqQDPdh6DpE8T7r6VfZNJYtN,tron,USDT,issuer_freeze,,,2026-05-01
TRdBR1zVhfB24nDqmSYoUiFdeGDLJ5Nqxd,tron,USDT,issuer_freeze,,,2022-10-06
TRdZcgeFc42cHJTff1bQE84TEquowRhL5A,tron,USDT,issuer_freeze,,,2026-07-29
TRdez4U38gcnjitARgLyj94n7LuDuEYZf9,tron,USDT,issuer_freeze,,,2024-12-04
TRdmhed7TqigrTLCPPmeuZVmzY8pgJkiR4,tron,USDT,issuer_freeze,,,2025-10-15
TRdnF8wvK1rFHnhuQYjTkDPu9v3b6ib96a,tron,USDT,issuer_freeze,,,2022-12-22
TRe8aBzutbLGFMsdo2hiqyN8tWndz9auYE,tron,USDT,issuer_freeze,,,2025-08-08
TReXUiS4M8G5ySTrPqMkMdgi8cGMJfFdFC,tron,USDT,issuer_freeze,,,2024-06-10
TRefPNbH2w1Es8FH48GC1JZCGWrrqx65Fu,tron,USDT,issuer_freeze,,,2025-12-01
TRekQ1jzEdXfWMD8V1B4zkeyPXQokqt54V,tron,USDT,issuer_freeze,,,2025-03-28
TRemVyMTC3RwTrg6RKhMyvTGPgzVh8Bnud,tron,USDT,issuer_freeze,,,2025-07-12
TRenRtu7nLkiQbYk32cTXbhofh2roikgL9,tron,USDT,issuer_freeze,,,2026-05-29
TRey3omgjiGBucYYh4qpvTaUpJqDwhageW,tron,USDT,issuer_freeze,,,2025-02-07
TRfAgJaahb71zaoXm6AoNS7JmCvQUzsxtd,tron,USDT,issuer_freeze,,,2024-12-21
TRfU1HygMtmkTk6K9n5bvFnkvZTStZdUj1,tron,USDT,issuer_freeze,,,2025-04-29
TRfdqJ8enyWTVsTyV19s51LBkigtVjqLh3,tron,USDT,issuer_freeze,,,2026-08-21
TRfnVbKjWXwe5ZBB6pbd54wpgAM5aC9uyg,tron,USDT,issuer_freeze,,,2026-09-12
TRfoEM5ombKQWm9A6YgBVgYyb2BWdrqHxz,tron,USDT,issuer_freeze,,,2025-07-07
TRg1J8GpcGWVaX1QMspALACymRxsL2odmP,tron,USDT,issuer_freeze,,,2025-02-07
TRg2Ga8bnHGAyeUQwZg7sHxhyYvDUXeTaw,tron,USDT,issuer_freeze,,,2025-07-12
TRgBejou6j71kDsh8xq7myJhLhrFafgXnP,tron,USDT,issuer_freeze,,,2024-12-03
TRgHgtJYoWBmowCrY5SzufoTZs2QssqqC3,tron,USDT,issuer_freeze,,,2026-07-16
TRgLaYz4iCm84w1Ncz5qk1XDZSUb2SMeB5,tron,USDT,issuer_freeze,,,2025-03-14
TRgfGivKVZbzqydL3NxrDbdnf8LjNGHZW7,tron,USDT,issuer_freeze,,,2025-04-10
TRh1jVz4E4sxyHLzYrWY9n5AcssCp2K4oc,tron,USDT,issuer_freeze,,,2025-07-12
TRhPm7qRbV9rbZyg5pGR9517ruttQvkfie,tron,USDT,issuer_freeze,,,2024-12-05
TRhUHEFGjPTcXvBA9s2VxcniNW62P4zPFs,tron,USDT,issuer_freeze,,,2025-07-12
TRhhheQXomSWmBwhcjAYADcTXJk5VPDJr3,tron,USDT,issuer_freeze,,,2023-09-01
TRhvzKrmny6swKfoEzyjUG72dEvEv2BDQh,tron,USDT,issuer_freeze,,,2025-04-07
TRhxFinJTyob18N1rttEYJBMY47RWRg35N,tron,USDT,issuer_freeze,,,2025-07-12
TRiEMmj5f463iEkU3p9c45eRpYcbZxXiQr,tron,USDT,issuer_freeze,,,2025-08-21
TRixnwnZA2JACYx4oqNVY2aSWL4n6qoNVJ,tron,USDT,issuer_freeze,,,2026-01-31
TRizqe7Syz5DMaAvxy13YsK4C4mhzgvdfB,tron,USDT,issuer_freeze,,,2025-02-19
TRjFpTRgDaYL35qFokS3Fht3SEuQj52j9d,tron,USDT,issuer_freeze,,,2022-01-21
TRjQBPtgDimErKD82gayxDTst62o8bm1RT,tron,USDT,issuer_freeze,,,2024-12-09
TRjV2aXMWV68MpmBDKvTGtcx7wJiUGLv8p,tron,USDT,issuer_freeze,,,2024-11-20
TRk4Jt1ibJBt4Zs5gNdrrfKhpaSB6hyHHw,tron,USDT,issuer_freeze,,,2026-02-11
TRkGmPYT7QMqghN4VA8Kc7Y526xxCdd9e8,tron,USDT,issuer_freeze,,,2025-07-11
TRkJ39s58grMSMqFN8YgToMxcaj95ENFxf,tron,USDT,issuer_freeze,,,2024-04-09
TRkyajY6BTMyMwVyiNnuhzNjBAwr3Qy6ZV,tron,USDT,issuer_freeze,,,2025-07-12
TRmKx9sXN4h9N6BiE2GuvtbVAmTrUKdGwH,tron,USDT,issuer_freeze,,,2025-08-18
TRmkd1dAojqSD7eXubSgiLPWtUqzH8FTCt,tron,USDT,issuer_freeze,,,2026-06-25
TRn1sYbGQuz8xNerjRJAp3jUxwgL7mHq8K,tron,USDT,issuer_freeze,,,2024-08-07
TRnFSbJmAnLBo43fkCwnyKJdHgAYeUJSNQ,tron,USDT,issuer_freeze,,,2024-09-21
TRnbLZEofevX74akWMcLtgCVf7KhHUJ7Yk,tron,USDT,issuer_freeze,,,2025-08-14
TRnfQXpFyX9n2j4SMgZhsAzDL3xd9uBuPo,tron,USDT,issuer_freeze,,,2024-04-01
TRo6A9XXxjcyo838DwDGD35uXZPMEBmkbe,tron,USDT,issuer_freeze,,,2024-10-17
TRov5UwFfJ7XNYyBypkHLvFS2xoPxGa18K,tron,USDT,issuer_freeze,,,2025-03-03
TRpVPyUpTL9XcDVQyzyuwEoiKmu4WQPPXJ,tron,USDT,issuer_freeze,,,2025-02-10
TRpkMpApPgutHfrszmntYbeQZ4q8Tbdtvt,tron,USDT,issuer_freeze,,,2025-09-10
TRprW4FvF3ZSUjCVVGLTrBi5ZFw2y8e3AR,tron,USDT,issuer_freeze,,,2023-03-30
TRpub8HxNBnHVDebm3ZDZirsujGJYnQxX7,tron,USDT,issuer_freeze,,,2025-07-12
TRqDF7AREqGS1ZsyCqkn6VCLwvvt9psynL,tron,USDT,issuer_freeze,,,2024-04-16
TRqYtKRg8kLUiyFF2AxCHhtooTCYNXFk1N,tron,USDT,issuer_freeze,,,2025-09-24
TRqmz8iGdokUrC86ZwUXvUNPbeJmuS1MiA,tron,USDT,issuer_freeze,,,2024-03-19
TRqtSahVi28Rfd1uEW5ap6NzFoGWDwDUyu,tron,USDT,issuer_freeze,,,2026-01-10
TRqvrFJMwtPJrueToD9qEVmaoCiDuWnhZz,tron,USDT,issuer_freeze,,,2025-04-04
TRr4WPT4FSYS2eHpuZHxEdgNrMnoxt6Nra,tron,USDT,issuer_freeze,,,2025-09-24
TRrMFJGjpHUH2iUc6Je5N3TLR5Up5FACNM,tron,USDT,issuer_freeze,,,2025-05-01
TRrb7hUt5gkuoMetEaC6g18YcD6tpXd6C4,tron,USDT,issuer_freeze,,,2025-02-27
TRrsnQn88B1cxxNQFdcQRMFbaDybKw1MiP,tron,USDT,issuer_freeze,,,2026-05-05
TRrxtyc4mB9oeXEXeKKZUwAeYTxRrQ7n5i,tron,USDT,issuer_freeze,,,2026-09-12
TRsfasbcZ299wE2cBQxkPPKLzKG83BkH6U,tron,USDT,issuer_freeze,,,2026-05-15
TRt5mn8TXyQjgJ9KfeNfrq3Q6adE4wmJrZ,tron,USDT,issuer_freeze,,,2026-01-31
TRtaVohkqySh8jNexypzpfHcrRXKKCJf6P,tron,USDT,issuer_freeze,,,2026-07-09
TRtmpPREceKucJLjuahvYauELpfoawy9Ww,tron,USDT,issuer_freeze,,,2023-07-22
TRuA16CZpZkRkeAxV4MNVZC4djBb1aHtfR,tron,USDT,issuer_freeze,,,2026-01-26
TRuKvWg3GNqiuKf4M5E43iqsswhpuJAtRs,tron,USDT,issuer_freeze,,,2025-04-04
TRuPD5uroJrpBE2E1inkDYWPjbU9Nj344X,tron,USDT,issuer_freeze,,,2026-09-14
TRud9nf7E91mGPtD2vA2S81Hy7EFuoZpYc,tron,USDT,issuer_freeze,,,2025-09-29
TRvArY9AD9EGBdYGMXNXcc58knfdgSNHXM,tron,USDT,issuer_freeze,,,2026-09-11
TRvG5FDLcUuyRmmLvGPkCDMgPxLymQJkkf,tron,USDT,issuer_freeze,,,2025-09-23
TRvdcL6Vwdst8bk9kkPQ4ragmBSkiFt4tG,tron,USDT,issuer_freeze,,,2026-06-01
TRvnzcLk42bFdz1EYQZjF3EDemBWqGvWA6,tron,USDT,issuer_freeze,,,2025-04-17
TRvu8RsUFxsQXJ3tFBhrhJLTjjr1RpN25L,tron,USDT,issuer_freeze,,,2025-07-12
TRwLNrdZs8FLSh9pvyBxcdvCLHu3ZdWAVf,tron,USDT,issuer_freeze,,,2025-07-12
TRwNWpLaRVbsLzx2zPdySZ25MFN13HPNV7,tron,USDT,issuer_freeze,,,2026-06-08
TRwRasyqr8Qap1uC1rkMcMg2VsrYpBXxec,tron,USDT,issuer_freeze,,,2026-02-10
TRwgG2VwiUjkSesTGXFoWNLbC31TE4BUkg,tron,USDT,issuer_freeze,,,2026-09-02
TRxWWfacKCqJgdUGN21Jet9UbmYDjoq1oM,tron,USDT,issuer_freeze,,,2025-07-19
TRxz3DY9ELAoFSZyf4CuaLyEHhGYmQ8b2w,tron,USDT,issuer_freeze,,,2024-04-09
TRy4RAHoiucPnsJY5ZTJv432iKWNMN8PLB,tron,USDT,issuer_freeze,,,2023-02-20
TRyNiHL3TZXhAEBEzjX1uHLtzKwereRsQ7,tron,USDT,issuer_freeze,,,2026-07-16
TRyRv7RKfxJes3twLYPdebh7VPPmEDvsts,tron,USDT,issuer_freeze,,,2025-07-12
TRyWxc2N7kJ5WfRGVi1oLMsgcBzJrvMazj,tron,USDT,issuer_freeze,,,2026-07-06
TRypkv28psMxMbJq1LcX3oaQQ2WeAR32AP,tron,USDT,issuer_freeze,,,2026-06-22
TRz9BdJQ6w6GiTediU9wULEu4nQpuCz8e9,tron,USDT,issuer_freeze,,,2026-05-29
TRzKj5d8Mk3LVEbLrEey7myHy59cSpW9A5,tron,USDT,issuer_freeze,,,2023-10-02
TRzMLDepCsysCwXiCUzmLVReQ1sZyyeEfQ,tron,USDT,issuer_freeze,,,2026-06-08
TRzNSjou8Np9mTbPtj4SNj2GrKX8tTeejF,tron,USDT,issuer_freeze,,,2024-03-19
TRzdXSWNBkn5iCvoWpSBtJSodBiF7qg8MT,tron,USDT,issuer_freeze,,,2025-11-22
TRznt2uknCUdWWkMDMtfgnm1grQ9cfZkrH,tron,USDT,issuer_freeze,,,2024-05-10
TRzq5XD92hxAyyDizjPgvQC9JAiq16pyG9,tron,USDT,issuer_freeze,,,2025-07-12
TRzrGaGxrREHGrnJvH7EbYtTNgg9QLYf3A,tron,USDT,issuer_freeze,,,2025-07-12
TS15wYTBWDQLbip4NJqre3xgPG2ncLZqYg,tron,USDT,issuer_freeze,,,2025-07-12
TS2H8y9NeWjB1QRjHGfKwcep53K7iuKNmv,tron,USDT,issuer_freeze,,,2024-12-04
TS2T38JTaA8qHwnANH5H1ASUQ1RvwKzZxy,tron,USDT,issuer_freeze,,,2025-04-24
TS2jq41MzNJcTAJdDmGUS6LbSYAXtJKP4E,tron,USDT,issuer_freeze,,,2026-09-13
TS2qXfSXD6NprXGUWeBbtsi6bn4AZbEr6x,tron,USDT,issuer_freeze,,,2025-07-12
TS2uJsXKXwwCzdPb4A354DEcwKwaZSYDDF,tron,USDT,issuer_freeze,,,2026-04-16
TS34FDQdYTvvA2Cw5gdhM6EkmHgPMnZR2m,tron,USDT,issuer_freeze,,,2025-03-14
TS36rMcNyL1EsaUfc9XyKGzWNrd6BSBCdH,tron,USDT,issuer_freeze,,,2025-09-04
TS3XZYvGb1X1JYsxhZ1mqUUfYHX8VArEou,tron,USDT,issuer_freeze,,,2025-07-12
TS4X33WvK6eP2kbMiaKJtJMEUFQcGPw72B,tron,USDT,issuer_freeze,,,2022-12-08
TS4Y7g7j4EdkwHSwyfvDzDeZMe6eYytw9E,tron,USDT,issuer_freeze,,,2025-07-13
TS4aqcNUW3XmAT4xUripNndvNQ8rg599k8,tron,USDT,issuer_freeze,,,2024-04-09
TS4toQBwagdM2oD1Q9eNqWoL8s7fMg5U2b,tron,USDT,issuer_freeze,,,2025-03-21
TS55vmsZNvEsF7hNx7DsGNRb9HuCw7FSd3,tron,USDT,issuer_freeze,,,2025-07-12
TS5JznYR6CXJzasjkjUxYSg8SEFkWj1yqq,tron,USDT,issuer_freeze,,,2026-09-11
TS5ofR7EcbUhv34gJhD1EGX4sQwNxzF4YH,tron,USDT,issuer_freeze,,,2025-07-12
TS5pE2sQBUTybT3eQqbnmvvhJdEjHrAFT9,tron,USDT,issuer_freeze,,,2025-04-25
TS61q7N2FyRn4rZh4VmY4ZHcM7WD5zf59f,tron,USDT,issuer_freeze,,,2022-10-06
TS66Jrdhcs9KCQdPEiy7sk4deWp3k1cNfZ,tron,USDT,issuer_freeze,,,2023-06-23
TS6HNGuhFSrUZ4WGyrCtMfwgJe62BXvSEG,tron,USDT,issuer_freeze,,,2025-03-03
TS6TjQpHDgPXfLLRFUW1yAeGLqQCDTY1Fd,tron,USDT,issuer_freeze,,,2025-05-09
TS6VsD9oqES4pj7jxXVpsWqmdiwLpK6Vp4,tron,USDT,issuer_freeze,,,2024-08-16
TS6XF2zfJ6341zTBavu6NjPxx3KY9SX17U,tron,USDT,issuer_freeze,,,2025-08-14
TS6naomGtkRSeYGGHrxc9mc1rqbT4Hrgs7,tron,USDT,issuer_freeze,,,2025-11-05
TS6sVNErRPb1iCB1D4dDsQD5svp5nwr8DQ,tron,USDT,issuer_freeze,,,2025-12-17
TS6v53qdvEW7DVLWKVJEReHyeF59YmNTVZ,tron,USDT,issuer_freeze,,,2025-04-10
TS7wBDKFBF5YGgNDmD1ASmHUGHSywJ2GKn,tron,USDT,issuer_freeze,,,2025-08-08
TS7zC3JefPmipGZ8nZqFbSnR2JThao4W6o,tron,USDT,issuer_freeze,,,2026-07-25
TS85NfyGVovzvJwzszAz4v8coFqVgsy3e8,tron,USDT,issuer_freeze,,,2025-07-12
TS87FD3fAJzhb5edtV1XpKPokDKt9uCmhp,tron,USDT,issuer_freeze,,,2026-06-27
TS8AifEsxCnZC9xK2xG4sSFBkskEECvxXU,tron,USDT,issuer_freeze,,,2025-12-11
TS93JytYCkT3id3DJFs82UTz6ZevMcSMZu,tron,USDT,issuer_freeze,,,2025-07-12
TS9VMZe2mq6dmKWc7tH9QuBKZgoWEGJs2a,tron,USDT,issuer_freeze,,,2026-07-01
TS9k5CvUYs1tXQiiHPP3dWSUFHrXctEHDK,tron,USDT,issuer_freeze,,,2025-04-28
TS9ux2hRXZvXk3WjX8bk941rToSJnCbyk7,tron,USDT,issuer_freeze,,,2025-07-12
TS9xZnE51hfWx4EDpp9hAxwRr8qhhwQ2Se,tron,USDT,issuer_freeze,,,2024-12-20
TSAFKq5FwZZQZV7UkWzCvjRtP2LUUpDSpA,tron,USDT,issuer_freeze,,,2025-05-26
TSAhb6v1YcsGEofjvp2iJa1AoNDbs7USpd,tron,USDT,issuer_freeze,,,2024-11-18
TSAjmdJLkikYuL2NHMnfwEbZDThn7Eqkh7,tron,USDT,issuer_freeze,,,2026-04-13
TSB94rcyZ4wjWd3weX9KjeFBdLnWgVPLNm,tron,USDT,issuer_freeze,,,2025-01-10
TSBNBa9C9sGE5rvvEB4ExqLXGqkUtjDxuw,tron,USDT,issuer_freeze,,,2025-07-24
TSBXEsU9GstHiMScFr6gYL1K1ZSdduMaB7,tron,USDT,issuer_freeze,,,2025-06-20
TSBpELsNzyUmh2CwDfP2TepGnMDwGCf2fB,tron,USDT,issuer_freeze,,,2023-10-13
TSBqcb2QrLH7HBYQsTZV2xAJYEsVqWmi8A,tron,USDT,issuer_freeze,,,2025-05-26
TSBv5CsUrenGUwnf5LZ7g6t3HEurxHf5Hi,tron,USDT,issuer_freeze,,,2026-02-10
TSBzUBP2NcgcHgUAqYMGVNuJbmJ44q3Tce,tron,USDT,issuer_freeze,,,2025-12-16
TSCNPY8r6Pntqqqt3B2mfgBE2PoceUXFEq,tron,USDT,issuer_freeze,,,2026-05-12
TSCWfVYWRdZXFnEyxD2nZuNJhuMEVi9n2c,tron,USDT,issuer_freeze,,,2025-06-21
TSCdgoNMjcX2jarrw6TBq4X4LfsGfzWo4W,tron,USDT,issuer_freeze,,,2026-05-04
TSDHK2dr4iAeDRTsmSMXz2kLgJdK1jnhyd,tron,USDT,issuer_freeze,,,2024-09-21
TSDQHjqPbn6d1gsG8tpAQ9EG2mc4qDUmv9,tron,USDT,issuer_freeze,,,2026-05-16
TSDUaeMHeNpXJ8C862hJVQJAGtzayGzLbC,tron,USDT,issuer_freeze,,,2024-10-14
TSE5nZecBdxjXovBdGueY9DYetueSVQahE,tron,USDT,issuer_freeze,,,2024-07-23
TSERhpQW7y7EfASictUtTTJ4Wi5CM1v26W,tron,USDT,issuer_freeze,,,2025-07-12
TSEgF86ogBWtfRJXFYMq1hrCpU4Px1fT5u,tron,USDT,issuer_freeze,,,2026-01-22
TSF15x8XrE3mh4fc3bkBhjAT7dkLsEmNqh,tron,USDT,issuer_freeze,,,2025-09-09
TSF2adYcmivMgf8Y31w6rmwhNzpfSSoEA6,tron,USDT,issuer_freeze,,,2024-06-11
TSFCuVnc4r7qTRwYzuRx8vUyfPtSsSVveY,tron,USDT,issuer_freeze,,,2026-06-04
TSFTC1VKyScQDFeGQSnLnJ39w8bhF5p4Hi,tron,USDT,issuer_freeze,,,2022-10-06
TSFUgktc1diGT583PLD5x261Fp5R8jycoo,tron,USDT,issuer_freeze,,,2025-07-12
TSFaVLaCXsm27VCmLBCfBr8FpF4oqK5UUU,tron,USDT,issuer_freeze,,,2024-08-04
TSFhnjJAwiN5tUSHvYrUw8B4deoX3EhCwK,tron,USDT,issuer_freeze,,,2024-06-18
TSFoUdyLs4VdJT73mZkikR4V8zhJgUJEo6,tron,USDT,issuer_freeze,,,2026-07-22
TSFwopSeoPFL37EtXQznBGV14Dy3MWQJs2,tron,USDT,issuer_freeze,,,2025-04-28
TSG7d2kWYsa27P1K5h4gWYpb7WYAdsFRHP,tron,USDT,issuer_freeze,,,2026-06-29
TSGDmA5ftoK5qJBnACrUUZzdd4viY9haq9,tron,USDT,issuer_freeze,,,2025-10-11
TSGFAYnPdhKhLFZEKDuCYMLPPu4iWAhL4y,tron,USDT,issuer_freeze,,,2025-07-19
TSHKDGnpQ8BGGkKnAAtpMLQrTE3xMEL8ra,tron,USDT,issuer_freeze,,,2026-01-13
TSHW7NJbsNCTrKUsSnCmTZftqQNcgpKPtA,tron,USDT,issuer_freeze,,,2026-05-27
TSHcrxPZFwGsni2hpogtokVQLbdXKRMqCw,tron,USDT,issuer_freeze,,,2023-10-10
TSHfmSjF6W6mmwqDmD97GXq6q1E7qViTVS,tron,USDT,issuer_freeze,,,2025-06-25
TSJ18G6fqBaGDN3TpYa16ZBLZJDYkPjdNM,tron,USDT,issuer_freeze,,,2025-10-08
TSJ5r9J16Mhu2waHz6TPtETcyaydSVPJtE,tron,USDT,issuer_freeze,,,2024-12-02
TSJH5DuBUCCwRNJ5Wi88YzVk2cKdSuy55b,tron,USDT,issuer_freeze,,,2026-02-18
TSJKhapJjpY3c334ThhGh3ytE7xATAYSxZ,tron,USDT,issuer_freeze,,,2025-05-02
TSJiaUktKnh8YPEKPGVSTGXt8Zovek2LcX,tron,USDT,issuer_freeze,,,2026-05-15
TSJmWqHArT6UF2T9FMMtLuMMhiGVPdxDU5,tron,USDT,issuer_freeze,,,2026-05-16
TSK9SQz2XSaqjnpxmHMZvhYr43R3BAY7Qt,tron,USDT,issuer_freeze,,,2026-07-07
TSKC1nVer7SpyUvTgWrUX19Gdxc9APJqCr,tron,USDT,issuer_freeze,,,2024-06-18
TSKPZFSj2jugPcSK8ac5Rq47ZQNwTXAg7a,tron,USDT,issuer_freeze,,,2026-07-01
TSKQSTbBZ8jwUktgkSCszodei3RWfc5mqR,tron,USDT,issuer_freeze,,,2025-07-12
TSKmBcSZE7YAwJQJut6TpAc4WUCT7m25WL,tron,USDT,issuer_freeze,,,2025-08-08
TSLKYsdnQ5SKyfzWQuVLy9N5CpkXm4vrAb,tron,USDT,issuer_freeze,,,2026-08-12
TSLqRf5k83BTD19dfVhpdkmefrCSWQsZUE,tron,USDT,issuer_freeze,,,2022-10-06
TSM6TZZKUftEqRxfGWMBaShTQZL6Qp3NvU,tron,USDT,issuer_freeze,,,2025-09-24
TSM6gKw7cgv9hiHvA4xRDxtzMNpEig9KuM,tron,USDT,issuer_freeze,,,2026-02-26
TSM73BfnQcvdiM13gY9PKmjxNE2wGoPRfR,tron,USDT,issuer_freeze,,,2026-07-16
TSMCnXiPuTKXnCsz9bQXueTGb4MMeiV2TW,tron,USDT,issuer_freeze,,,2026-07-18
TSMnMMDYhWR14iRDfGApoaMwwyyHhjzaNd,tron,USDT,issuer_freeze,,,2026-06-30
TSMpvzDKdD34ZGMKyAgcrtLfezdHuZuqsZ,tron,USDT,issuer_freeze,,,2026-08-03
TSMrEGXC8zhGkovsvcGGSEMPHYpMG7vJii,tron,USDT,issuer_freeze,,,2025-08-08
TSMsCQi6JqVejSySPxS3wyV2ySnyS25BQq,tron,USDT,issuer_freeze,,,2025-12-05
TSNHiPD6B8H5E9zy4KgVH5TpEKJWncMMef,tron,USDT,issuer_freeze,,,2026-04-21
TSP4Lbaa9i3k4Gz3dqujgCsTMad7N62mFN,tron,USDT,issuer_freeze,,,2025-07-12
TSPMS3zrSDPR4W21HEh4nJF24EidtjQpYE,tron,USDT,issuer_freeze,,,2022-10-06
TSPeTJcdnMEBp39r1nvJrPkZQweBhVGwEG,tron,USDT,issuer_freeze,,,2025-11-14
TSPf5dkRgj5NyYeRjS46Bzi6uxns2Q7oGS,tron,USDT,issuer_freeze,,,2026-06-18
TSQKMLS5Vqtnmg8LiuFxYMNcmxNVmFWJe8,tron,USDT,issuer_freeze,,,2025-07-12
TSQVfnsqPnejx34zriSqBgmSVftPZmtXsi,tron,USDT,issuer_freeze,,,2024-07-01
TSR9snrxt9TdnR92QZ1cJqcD2591FDENQj,tron,USDT,issuer_freeze,,,2026-03-10
TSRCwJ4ZKEJvnabc7N71m3AWr3iZfZTagk,tron,USDT,issuer_freeze,,,2025-08-28
TSRMqkBCnhbL843UrjQ2t177AyTmetzs44,tron,USDT,issuer_freeze,,,2022-10-06
TSRpcpJK1N4zdZufiXRYVw8GpoBxcExuSy,tron,USDT,issuer_freeze,,,2025-03-27
TSRqPaPRu51ZMuvcXibZqivKAfSSLNWvJz,tron,USDT,issuer_freeze,,,2026-05-29
TSS3UZ7c3iyqKnq69n7qSfYnyNFeiRuYdw,tron,USDT,issuer_freeze,,,2026-04-01
TSSQ7biXjbqgggVvoZjbhbEhvpMnNYVya4,tron,USDT,issuer_freeze,,,2026-04-28
TSSXGpxGPCPBVttcVtuuvGhWqzdTgJgHAE,tron,USDT,issuer_freeze,,,2025-07-12
TSSZV2LDzhKUuW4jZCwKPSz8S3xMJGWsa2,tron,USDT,issuer_freeze,,,2024-12-04
TSSs4zyjdQM6L7a6v1umWmng3zzwzquSq8,tron,USDT,issuer_freeze,,,2024-04-09
TST77jGab7YfocH76oEm12cMkjMDuGcVhT,tron,USDT,issuer_freeze,,,2025-04-17
TSTQWmUncEBccdwGPbDs8DxPjM4XAptwcS,tron,USDT,issuer_freeze,,,2026-01-07
TSTSMGURUqzvKicEAjkKThXnWbGtyxypTP,tron,USDT,issuer_freeze,,,2024-08-15
TSTYj2qvp2yWrdeqkLnrKXazyKxMJjL7Rs,tron,USDT,issuer_freeze,,,2022-10-06
TSTy3DNnxh1xqZof5wp3Q6VNbjcP8PZmHc,tron,USDT,issuer_freeze,,,2025-02-19
TSU9YjchMesutwpqSQ3rMipQG9GuR8gnTh,tron,USDT,issuer_freeze,,,2024-11-06
TSUEmPpEZ3oUw3j3dbegE9TFJq2JdH3GXY,tron,USDT,issuer_freeze,,,2025-05-30
TSULqeDsgA9RLqYFShi2fp1m5meYYXCpeF,tron,USDT,issuer_freeze,,,2025-07-01
TSUUTMFszagjmwSzzkPSuAjBP34jddVZDf,tron,USDT,issuer_freeze,,,2025-05-26
TSUUtC38xjUdbD3HnWAyxVsrvw8HMKKo4T,tron,USDT,issuer_freeze,,,2026-07-09
TSUtYrs6ctbFXo8iEkAwtRjnaYLFkUk5cu,tron,USDT,issuer_freeze,,,2024-02-15
TSVAKCqTmhXEUkQTAhVcPQDKTqyRbbo1e5,tron,USDT,issuer_freeze,,,2026-07-27
TSVTA6N4UZf4gDXM1GBsFt9iE8FDd9BygT,tron,USDT,issuer_freeze,,,2024-08-15
TSVTyf1JP3mmk5BAQXwrZ2YLTVUJGEz6Sv,tron,USDT,issuer_freeze,,,2025-05-16
TSVgHt4BAvMeDpUP5DQAbffHNWZf7XycrK,tron,USDT,issuer_freeze,,,2026-09-12
TSViMtgmsuHNmbBhKo3bAMbv15mK45smdf,tron,USDT,issuer_freeze,,,2024-06-18
TSVkuBs82fcWBpqEiaeh1oH1Q2ejXAuGk8,tron,USDT,issuer_freeze,,,2026-03-14
TSVo6sL2TxYQJKMS7qbh85TxXiAeoig86P,tron,USDT,issuer_freeze,,,2025-12-23
TSVy55iV4KVASPBLE8hATHx1m9iHWz7vqv,tron,USDT,issuer_freeze,,,2026-06-18
TSWFf4c5PwivpX92QrYfs93hH1rrXUMzHC,tron,USDT,issuer_freeze,,,2025-05-05
TSWtejSPaP2LccFcR8AYbv3im49J4N4Btu,tron,USDT,issuer_freeze,,,2026-03-17
TSWzPKkB81AHrDSJJGC55xsNV5ukJefR6f,tron,USDT,issuer_freeze,,,2025-10-07
TSX49uNcSjzbF3vQH36WiFNE7JBpHHiGNP,tron,USDT,issuer_freeze,,,2024-10-26
TSX78RgcirPj7mDC4xSaFAcmL6W6pT6k5W,tron,USDT,issuer_freeze,,,2026-04-21
TSXKaQv6a5gCAws4paUuActFjgqjvLsFAh,tron,USDT,issuer_freeze,,,2026-04-28
TSXZQCnxfhVs6u1NZmfxUZjqxRM752MNje,tron,USDT,issuer_freeze,,,2025-08-14
TSXt27ogGvjGcfuBPoaC66Qk8LuboWQReK,tron,USDT,issuer_freeze,,,2025-07-12
TSYTXmsgKcauQ1V4Xtr36KrJmAW9BQcZjm,tron,USDT,issuer_freeze,,,2022-07-31
TSYdpprmBX6YMNDHze79p1k8yi7MBmXhYP,tron,USDT,issuer_freeze,,,2026-08-14
TSYjsgU53PVAreEJsnfBWSVPJPFA8HCryz,tron,USDT,issuer_freeze,,,2024-06-14
TSYo3vHSHyCio4MWc6mWERXiQ5h9zFd1Jf,tron,USDT,issuer_freeze,,,2025-04-04
TSZoofsnaMGkinMm13dKzJZFRbJybZ3FGL,tron,USDT,issuer_freeze,,,2026-05-12
TSZvesWi8yZD2xKijssXjxR3TUMWSa1u2q,tron,USDT,issuer_freeze,,,2026-03-19
TSa5sWaMmCeTxrVZSqWow7CqNtPt2582Bc,tron,USDT,issuer_freeze,,,2026-02-28
TSaZBrvUtmM2jXsUZKCdo7QpgMBv4p424r,tron,USDT,issuer_freeze,,,2024-12-19
TSaiv9DNZr7tjtNgs5oGtJXU7NEpZp1Srk,tron,USDT,issuer_freeze,,,2025-11-14
TSaxcd4PWEJ6K66PsigWsKfSwcLqwzjsjy,tron,USDT,issuer_freeze,,,2026-09-13
TSb8sgeEwSFXA7vkBWjTHiWMePzcnXiPeF,tron,USDT,issuer_freeze,,,2026-03-17
TSbT8sqSiDjQPL7iHcRgzRnNTLRK8qhMf7,tron,USDT,issuer_freeze,,,2025-03-21
TSbdMsuv829KpFtZpquZQscViGq2svpJS6,tron,USDT,issuer_freeze,,,2024-12-16
TSbg4YcrgwgzFae7T6drmv4zp32PAAKpi3,tron,USDT,issuer_freeze,,,2025-07-12
TScTBu2nwdJx1C9QH9myHnnFXMAS8b85Wk,tron,USDT,issuer_freeze,,,2026-05-01
TScTaY3fz8ZzkBt5cF8xhJk4p4Upq32Fyb,tron,USDT,issuer_freeze,,,2026-08-28
TScnfYfa47aUtkLqsKSUJDeyZBWcXPVKeJ,tron,USDT,issuer_freeze,,,2025-05-26
TSco9U652mN7ZfgCnsuihvPgXHb74mwhMV,tron,USDT,issuer_freeze,,,2025-05-26
TScsEAXHmxoPMhHmjbHeGuskQBkUWkFdF5,tron,USDT,issuer_freeze,,,2026-07-20
TSdHpXsfwtq5EPKd42bausPFhfgT3RC4k8,tron,USDT,issuer_freeze,,,2026-05-14
TSdJFAfMCkBQKQH5DJABdxvFjC6bvRbnEG,tron,USDT,issuer_freeze,,,2025-03-27
TSdXrdQUb4H98DazhS1m5vYTZAJywAYcQ2,tron,USDT,issuer_freeze,,,2026-08-12
TSdeeJwXCJAvxriAFpPSM6yzWwPp5rNJDx,tron,USDT,issuer_freeze,,,2025-05-08
TSdk6EhJJ4bSKkpksW3QLGWgFmLTSRN3gn,tron,USDT,issuer_freeze,,,2025-07-12
TSe8sZQSLiLyyThhNATbnY5FmaP9MUhwMZ,tron,USDT,issuer_freeze,,,2025-01-27
TSeTQYx25SJcMqWNHUvF2Juu2HJKgmCYRT,tron,USDT,issuer_freeze,,,2025-05-21
TSehzaA6T2vkU4zzX5utT1kctRJxdXXZYz,tron,USDT,issuer_freeze,,,2024-12-13
TSexbxLLyCEiNLxQ7cRgTeV3KABMxkFtGV,tron,USDT,issuer_freeze,,,2026-05-14
TSf3KF8Y2RppSdfoqRsLqm7miLdL9GPS3d,tron,USDT,issuer_freeze,,,2024-10-10
TSf9295s6TqzCZPBsq2aEVZoSSgSg5Q4Mc,tron,USDT,issuer_freeze,,,2025-10-29
TSf9GxyEYZbS4GAuhmp7drWnUC3tnhzVBJ,tron,USDT,issuer_freeze,,,2024-06-26
TSfFo5HYqhgi3DkUHzdTjzof1tMYZpnA8F,tron,USDT,issuer_freeze,,,2025-08-18
TSfGVVuR4x88sBqP1bzktsrRcagMbMDpTh,tron,USDT,issuer_freeze,,,2022-10-06
TSfJMAmMoXcvQSE4iheksCdhu5DgBQa39U,tron,USDT,issuer_freeze,,,2026-06-01
TSfKKN9qoui9VGHFjhetpYDxgwD3x7CrVK,tron,USDT,issuer_freeze,,,2025-08-18
TSfMMsjvPSNxQm2c9ft8F5JCbujwNzbvWd,tron,USDT,issuer_freeze,,,2025-07-12
TSfPd4JyfBrGUNKbBjjA9mp9qc1mMn83iE,tron,USDT,issuer_freeze,,,2025-07-12
TSfSjVDGx72r9mD77rPAcmck57nChHre4x,tron,USDT,issuer_freeze,,,2026-03-25
TSfW5RQXvyNo1zBugfoRCGeZKGZTNT3hhW,tron,USDT,issuer_freeze,,,2026-09-03
TSfkVmvXSMeyZuoZHw3E6v6uCWCuEeJq44,tron,USDT,issuer_freeze,,,2022-10-06
TSfqsyGg7jMKR3cAtGbTW8t2QnkuFzXxNQ,tron,USDT,issuer_freeze,,,2025-02-10
TSgLmaDN4frkm9AX4NDavU5Tc9XAKaJ8a5,tron,USDT,issuer_freeze,,,2026-07-17
TSgYu4RLp7L5wm2vYshqvKdZxReCQVr4QF,tron,USDT,issuer_freeze,,,2025-07-12
TSggbjmMwh31Gbk94o1ZiGgWLPdh5KbUF1,tron,USDT,issuer_freeze,,,2024-05-16
TSgiPb1jFnxT46v2e89fcaZe7taKnRkVa4,tron,USDT,issuer_freeze,,,2026-02-18
TSgrKWU1ubq5xxWmH7nk4cjaJv2tDxq9zr,tron,USDT,issuer_freeze,,,2024-10-15
TSh1Cu4mCNB7L3dXLmwHgorZebo764dnrv,tron,USDT,issuer_freeze,,,2025-12-09
TSh72RyFFig7QB53Gd5vyXGGfZLU2qcEQ5,tron,USDT,issuer_freeze,,,2026-07-17
TShADAc5Rjow3DjDLjzShj1mgWWY4wfTjt,tron,USDT,issuer_freeze,,,2025-07-12
TShChkJFN46rFrWeZBum1MSQUqGAdvfzdB,tron,USDT,issuer_freeze,,,2025-07-12
TShXRJJkxeNstHmMhP9mnLjuLzjKL5h7qK,tron,USDT,issuer_freeze,,,2026-03-05
TSiK14wH4VwpqmCYLYLWxJFjD23kCMKePc,tron,USDT,issuer_freeze,,,2025-02-10
TSiVVncmtUUYK1C545Q1qkmLEGxNJHNEbo,tron,USDT,issuer_freeze,,,2025-07-12
TSj534ecXGgfyUkjEHqsUdFiedwoj87rHp,tron,USDT,issuer_freeze,,,2026-03-11
TSjh5AGXqv2i9YkGg88bZSg8KLmLbhRakz,tron,USDT,issuer_freeze,,,2026-04-20
TSkHa6cs1pyMc23tf5ndA3JhKoSuy4wbgb,tron,USDT,issuer_freeze,,,2026-03-11
TSkSFPiTeTmrRehHLqXk3ibPJtdjHicxzf,tron,USDT,issuer_freeze,,,2026-06-01
TSkXuHD1zZmT1W7qrMtVN3Vzpr3MT2CLEk,tron,USDT,issuer_freeze,,,2021-01-11
TSkeScCcfDxuajYSApzZnKpt5qZZ1wTpdj,tron,USDT,issuer_freeze,,,2026-05-04
TSkhxNzVyKBwnDfMSPUUTMYGDXXwkunMiB,tron,USDT,issuer_freeze,,,2026-09-09
TSknRo7QQY1wyLBVyjRiqQk8monYmr4ErB,tron,USDT,issuer_freeze,,,2025-08-18
TSkq3VPTJtMA3YKe5nqD4QnbeP4w7pDiHH,tron,USDT,issuer_freeze,,,2025-03-10
TSkqigdsdzjzZvAokFNfJBBfHU8HQ7CvAa,tron,USDT,issuer_freeze,,,2025-06-15
TSm7xGhK9Ldk7W8R4HrDc9Qqg9iMo7NYvf,tron,USDT,issuer_freeze,,,2026-02-10
TSmBCwPrDdmf6cxBaiNEgn33BTcnYv5RSW,tron,USDT,issuer_freeze,,,2025-02-10
TSmkgskKW2jwCeJVHnqnkEtsNp2TmdVzmS,tron,USDT,issuer_freeze,,,2026-04-28
TSmuYR1hbsfAyzgogHUGMrLaGXZ43QYJ52,tron,USDT,issuer_freeze,,,2024-10-30
TSmvtECkDFWeF9DhGJWQNW1RuMaiqTz31R,tron,USDT,issuer_freeze,,,2025-09-16
TSnip9vKvo4AAoZHekS6jUgJ1ARnQX3roP,tron,USDT,issuer_freeze,,,2026-04-30
TSnscgi867n6TVkKJFERaP3WEcLcuaurEB,tron,USDT,issuer_freeze,,,2025-07-12
TSnvAVowHWnSveByLoBniwmCcgbdAV6w6X,tron,USDT,issuer_freeze,,,2026-01-03
TSo3px95nmkaY4rYKxpzUR248sWqU9iDjH,tron,USDT,issuer_freeze,,,2025-07-12
TSoXDMtBgwNMou5kqr3gfoAwqu5cBBApXb,tron,USDT,issuer_freeze,,,2026-06-25
TSoYmFSnCugv3cvx2PuU61x7Xmt5fsEPmi,tron,USDT,issuer_freeze,,,2026-06-16
TSpCPLu7umjTjDvvWzEuhoB199kTVWRu61,tron,USDT,issuer_freeze,,,2024-08-30
TSpMs1csfw8CtHAtMoHTg32ZzRcnKM2bfm,tron,USDT,issuer_freeze,,,2026-01-27
TSprrA1QUawro9xkQ9UFG3Bb2VwxgvJVvE,tron,USDT,issuer_freeze,,,2024-07-04
TSqD2qDSrzz5cYXPqCvkSh6TiVXkPYyCSJ,tron,USDT,issuer_freeze,,,2024-04-26
TSqMn1eevG2RAYiQjnrucnfWdHTi3ACqRg,tron,USDT,issuer_freeze,,,2026-08-30
TSqjkVwTxk2LrGCa7AWxj7yNfNWZVHx3pE,tron,USDT,issuer_freeze,,,2026-07-16
TSqzWEMJBXSDFjUn6NnckZ1Dp559yGfMDG,tron,USDT,issuer_freeze,,,2025-05-26
TSr3JY8FYzXrYCdyAUdJg3HwnNV1jr5Wyq,tron,USDT,issuer_freeze,,,2025-10-22
TSrYN29e3yaCCQmwRsJjcYUHaH8sF5gENC,tron,USDT,issuer_freeze,,,2024-01-01
TSrwHK2cZHfjhdp7TcunzzdbJCBJqxUHSP,tron,USDT,issuer_freeze,,,2025-01-08
TSrzdbeP9ssDWTHGSCa9BwJgHji4sFJrr1,tron,USDT,issuer_freeze,,,2025-07-12
TSs162trBuHcfvLNY6TaSENZzz3rwcowbr,tron,USDT,issuer_freeze,,,2026-02-20
TSsMRLN4Y82At9sjFx7J2ENzoxuYxKGyyS,tron,USDT,issuer_freeze,,,2025-10-09
TSsRsHy88uquUjtJNuPpHTFYTc4wExym8z,tron,USDT,issuer_freeze,,,2026-08-22
TSsVR2UNiCvL3P1M9UUcorvvaE7XqhLZPf,tron,USDT,issuer_freeze,,,2025-08-08
TSsxRt77MhnZ1pK9vpwVnKxhTWYYoNhmnz,tron,USDT,issuer_freeze,,,2025-07-12
TStMLxiuEArxiNp33Kg7VN3QPRWgLiiEte,tron,USDT,issuer_freeze,,,2025-05-16
TStRHLuj6aq8qdcYsoDV2PwfSzzBy1WWZG,tron,USDT,issuer_freeze,,,2026-06-16
TStS9EzsB7ed55BNYbr7mVJ56nbxveMpuT,tron,USDT,issuer_freeze,,,2025-04-29
TStVPLC6gqtz7RdPdHX3UHa99igURLvziq,tron,USDT,issuer_freeze,,,2025-02-12
TStpKCL6F492EsYuPwtaBh8RjgH3smZGG6,tron,USDT,issuer_freeze,,,2024-06-11
TStuuquGL1BtugpX8chuFJCYo3Gm9bnQfK,tron,USDT,issuer_freeze,,,2026-08-26
TStv4pUpjXd1o5jWFFwSwiWA3nRkYQU2PP,tron,USDT,issuer_freeze,,,2025-08-08
TStwB3FmT7UYuVSqMs8zkALFBMH77QzovH,tron,USDT,issuer_freeze,,,2024-10-11
TStxBD56uUSmsJ5jrwoFVDUMN5Kgy8s25t,tron,USDT,issuer_freeze,,,2026-04-21
TSu4cfDA3f7goa2GP3uUjHqDCrqGwT9zU1,tron,USDT,issuer_freeze,,,2025-07-12
TSu7PhwKD1T7WtCX8wXCMQcAEBMLiJedcm,tron,USDT,issuer_freeze,,,2026-09-01
TSuUot7bPs2RQry1GxakDddDSfoG9upy7P,tron,USDT,issuer_freeze,,,2025-02-22
TSua3taKySXi8myJSCkcsgUJ2Bewu7yg3J,tron,USDT,issuer_freeze,,,2025-07-12
TSugZ24jq1kmUktL71KAttXCxU2TjgdK2z,tron,USDT,issuer_freeze,,,2025-04-10
TSunLnwYoUn1LBnFK3T2QKyXVb2o9EX9Xw,tron,USDT,issuer_freeze,,,2025-05-16
TSupPckCrm55rMhRuS5LpQM8KibtzD3T2o,tron,USDT,issuer_freeze,,,2025-01-27
TSurQg7H95ciCQE9E72yFUGKbvWMKsvDKh,tron,USDT,issuer_freeze,,,2026-05-14
TSuta9PKGGkXfcPaFcScjWWkUE4Yb62n8m,tron,USDT,issuer_freeze,,,2023-10-13
TSuwtVN2NRDaTF3sQtpcXEgMsM5RJGmUbf,tron,USDT,issuer_freeze,,,2026-05-09
TSvDRh41NNL9bs1F8FsFraQzvTX28BPvDV,tron,USDT,issuer_freeze,,,2026-02-12
TSvJfK7NVeNUtckFhYbEuMxoWhZKrFxWEP,tron,USDT,issuer_freeze,,,2026-04-20
TSvKSQ2eSwdeWnGAftzDxFMKUALP8pHae2,tron,USDT,issuer_freeze,,,2022-10-06
TSvMk8CPPfbH9NdbTuxaCj3Yp79TFyiAFd,tron,USDT,issuer_freeze,,,2025-07-12
TSvNcRoormxyvRprXB7pjmUvyoV9PWXjio,tron,USDT,issuer_freeze,,,2025-05-14
TSvQBQVm6ZVQFQdSZqg2KGbpjtJ8h4fPFd,tron,USDT,issuer_freeze,,,2022-10-06
TSvRf3V6NExoHfFUZyKLXenQidebY9bgF5,tron,USDT,issuer_freeze,,,2025-11-13
TSvaW1kBvFUCnEbHoPEQxyjPoGc6tNs9Fu,tron,USDT,issuer_freeze,,,2022-01-10
TSvaWy4nWt2UfZ11FPLdpCMxquBhNAKivA,tron,USDT,issuer_freeze,,,2026-04-14
TSvfv4ici4iZwo2uZjM8i8Ep9dekqzzY7Y,tron,USDT,issuer_freeze,,,2025-05-16
TSvgTJafAAHNaXmp9DC3A94QnKWrKRHQ7C,tron,USDT,issuer_freeze,,,2022-10-06
TSvh7f4QFTAfyMBWEx2jNgSpjHqa5Ppn9x,tron,USDT,issuer_freeze,,,2025-05-14
TSvvkjLb2Esnayk2xT2tCXzL7tB2xLRkJb,tron,USDT,issuer_freeze,,,2023-11-30
TSwZAbzqPuZZXk2XixKbzRoovgpnJPbb6H,tron,USDT,issuer_freeze,,,2026-07-01
TSwanQnyi45jCcGnE1hmDDZdxvZunVPNwu,tron,USDT,issuer_freeze,,,2026-04-09
TSwd7kXQqZdbnfLHAWUR64TBZtvT7KC9TQ,tron,USDT,issuer_freeze,,,2022-12-28
TSx7YaVk63voSyb1R1oMqxMGSkqyVmHBLu,tron,USDT,issuer_freeze,,,2025-08-14
TSxBp5UrV7HDp7Zu5EJc1ijDWGWhwsfBFK,tron,USDT,issuer_freeze,,,2025-03-28
TSxC99FBTAYEHJAygSVT7WomhX7cZLKTHL,tron,USDT,issuer_freeze,,,2026-03-26
TSxFYzM1S4YDoYFaGXEFyBSW7XSc7bXNN2,tron,USDT,issuer_freeze,,,2025-03-03
TSxKQY7v65yhF885ZrANqhvA5JfLtQ2Sgy,tron,USDT,issuer_freeze,,,2026-05-05
TSxQxWS1JtmcDzjAi5KhVbfw98YWsBSK5F,tron,USDT,issuer_freeze,,,2024-12-19
TSxUfzmBF9mm1ftjAjn5jdUzRJdb5utQwL,tron,USDT,issuer_freeze,,,2026-07-30
TSxYS91qoXrJUoMhWaQfMz9p2b7FTw57L3,tron,USDT,issuer_freeze,,,2025-12-30
TSxbxFaLiNmuK8wW2pVy2U5Lg9GbaduBcH,tron,USDT,issuer_freeze,,,2026-06-22
TSy6rtMMnPDQKrUarWjFgmHQkz7YpoWnDu,tron,USDT,issuer_freeze,,,2026-04-19
TSyETeTEJmwPj6BChTSfdr6iwFBQxPtF7q,tron,USDT,issuer_freeze,,,2025-09-24
TSz6D5YNNE85ZGkjTn1XJdQDLqn1ALs8Wy,tron,USDT,issuer_freeze,,,2022-11-29
TSz941YiuGKj7vzFVwNuHVmEztgzqiPd4E,tron,USDT,issuer_freeze,,,2026-05-13
TSz9mi34BeB2VB7BGjRJPc8XpFHdnTZ1cJ,tron,USDT,issuer_freeze,,,2025-07-12
TSzAgwR8G4u3RhtAJJxunYKmfCXhBzYErh,tron,USDT,issuer_freeze,,,2023-12-08
TSzCGVkMhTLM53jzycAHgX8hx9NRhGiinu,tron,USDT,issuer_freeze,,,2026-05-05
TSzGdHToKRzZAfxhx9dRPopcaMxK7Sx4sM,tron,USDT,issuer_freeze,,,2026-06-04
TSzQqhP4GwYqtA7ejTxzYT3B1A3VDicWZY,tron,USDT,issuer_freeze,,,2024-10-24
TSzfyMmRmAj9uAJ5f784Fwab11eRaHQyqu,tron,USDT,issuer_freeze,,,2025-11-25
TSzud85vu5xsjjhf8PLAbDQHXxkSwVoc9y,tron,USDT,issuer_freeze,,,2024-10-24
TT19W4K3WQa8UU6rRH6yznexPUEneCCc2X,tron,USDT,issuer_freeze,,,2026-03-20
TT1GKY1diVThHUhiTV6V3Dq3YEJzJEPQ6f,tron,USDT,issuer_freeze,,,2026-02-10
TT1RkryA2qvbySytXthYKJYLzxfeiYHSj1,tron,USDT,issuer_freeze,,,2026-05-12
TT1TANuGrQxAGnqM5Ydnky3iPNkPQa5D7A,tron,USDT,issuer_freeze,,,2025-07-12
TT1W3P9iFFUj1UaRqWd99rGTcMGW96cthS,tron,USDT,issuer_freeze,,,2025-07-12
TT1oWQ6tTnTURZrYrrscKG9GKiLjaJkWk6,tron,USDT,issuer_freeze,,,2025-10-02
TT29mEUxmdEJb1qG4XiakXaccXsy4p5uYw,tron,USDT,issuer_freeze,,,2025-05-23
TT2A3Tm36YtoQDqjCmxsbuB35SQjeQAeR3,tron,USDT,issuer_freeze,,,2025-01-20
TT2DCMYXhAa4RfrT7CyWf9u54rjWA7Tf2K,tron,USDT,issuer_freeze,,,2025-05-26
TT2GfSR9DxMVWeJqtzuen22ccxHBNjTMzv,tron,USDT,issuer_freeze,,,2025-06-20
TT2XFy3qbddGHRmUBi4Dqnt65AX2BPuBmD,tron,USDT,issuer_freeze,,,2025-07-12
TT2eTYewbz7CBa4gBdEnHoLyx3dHj2vjiy,tron,USDT,issuer_freeze,,,2026-03-26
TT32xYD6Rcy82Dsk4qSNcaE7FgMdxRqA1d,tron,USDT,issuer_freeze,,,2025-07-12
TT37B2W79jSRUGnn1xxyGPZ56BgyCGetdD,tron,USDT,issuer_freeze,,,2024-09-22
TT3Jg1jsywjYs5V3qRu34UcawKLs9PQXkU,tron,USDT,issuer_freeze,,,2026-09-11
TT3rAYjZa7sSVSAuD9KJGCJ6pVP4VWQfLz,tron,USDT,issuer_freeze,,,2025-08-08
TT3yQQ84tZbqXimcogqoLiPTB6gCgaBVU7,tron,USDT,issuer_freeze,,,2026-04-27
TT4FNjuwJfZN956V4nxKRkWZirG96gWGj2,tron,USDT,issuer_freeze,,,2025-05-26
TT4XJZ5jmeebTQSQAtcHpfsQgqZ5LbLEcu,tron,USDT,issuer_freeze,,,2024-12-12
TT4Y2XAX9r8E2Y8M1R86i6iBRiRHw6k9EL,tron,USDT,issuer_freeze,,,2026-03-05
TT4c5iMgp8oFFUz9fqCXabcSuDkZeQGFUY,tron,USDT,issuer_freeze,,,2025-07-12
TT4gjGCpfU78sUYRw7hUUfdWKvZnhZFuLN,tron,USDT,issuer_freeze,,,2026-05-04
TT4iEKPDj4AGZaBtHimQWDb9oswud289rV,tron,USDT,issuer_freeze,,,2024-04-25
TT53Bw4rNgZYNoBuB4JxWJNzDxqo8zDAga,tron,USDT,issuer_freeze,,,2026-05-01
TT57d5ztqZb1aUociu3a3v1zm2cZk4Xbmk,tron,USDT,issuer_freeze,,,2024-10-08
TT5RRsBJME9aTCK4WztwJNNvMZ6iBPVHVC,tron,USDT,issuer_freeze,,,2025-11-07
TT5m2n68KvSU7a7rooNq8NgjDsgz4a4Fpn,tron,USDT,issuer_freeze,,,2025-07-12
TT5xP8u97bFtfQzn5Q9aS9v6WUD1V8pnfr,tron,USDT,issuer_freeze,,,2025-04-10
TT61XwQCtXZXr2wFTcYtuhwTviEX5EcjLv,tron,USDT,issuer_freeze,,,2026-08-18
TT685y11dRF2gzXxQM2yG5PjMQLBeUAcSV,tron,USDT,issuer_freeze,,,2026-09-02
TT6RhFnGEzRQTk86dB8YQNr763Lau8Qkj4,tron,USDT,issuer_freeze,,,2024-06-18
TT6W5sjQV1B1tXfiXPACyGkGVd2P3gPSXY,tron,USDT,issuer_freeze,,,2026-09-11
TT6u6HVMmCKaQwQEHuAo1dAGRjwKN4hWAg,tron,USDT,issuer_freeze,,,2025-07-12
TT7KZZtsBSdcchLW2KnnGLnr9wZAAbc98U,tron,USDT,issuer_freeze,,,2026-04-17
TT7WJ8ABV9XAZEdHeTsppzNvqNzpR5tXUW,tron,USDT,issuer_freeze,,,2026-03-06
TT7nEjJyqBtk7SJ9fkCth72RYYYuJkGRwc,tron,USDT,issuer_freeze,,,2025-07-12
TT88bffWztbmxLBQkg2igS1dYuwNdvzZGW,tron,USDT,issuer_freeze,,,2024-04-12
TT8KYBWsiw9j32MvqUA8Y4mDCKitHiaBfo,tron,USDT,issuer_freeze,,,2026-06-22
TT8UsfRscxfqKz2RspE4KqCXrjGKDpv4GA,tron,USDT,issuer_freeze,,,2024-08-30
TT8WVp65uEJM4xdAkx2hJerQX5moeZYUEw,tron,USDT,issuer_freeze,,,2023-03-22
TT95q7JtTFZ21kBbJK27f87yGZ23dCZMZb,tron,USDT,issuer_freeze,,,2025-05-16
TT9HgvaZACS6XgrkQLAwCQeydYvuybgDwi,tron,USDT,issuer_freeze,,,2024-08-15
TT9fy2tpj1vKF5SNnf7C1dhXSzX8p3ZUJk,tron,USDT,issuer_freeze,,,2026-03-12
TT9hkd5KDcmx2MCwpeNS2XiXeUJfkDh8Qq,tron,USDT,issuer_freeze,,,2021-03-19
TT9kAdztzxdRhGFv6mrLd7wtGvmG74rvUA,tron,USDT,issuer_freeze,,,2026-07-23
TT9q6wA2j1UgB3YKWGadxHeJimY9SmSS2q,tron,USDT,issuer_freeze,,,2025-07-12
TT9s21EMXS3BBTtF3T9iDQ9Gac1hTfgYoj,tron,USDT,issuer_freeze,,,2025-08-07
TTACZx1BQEj2wVhXdKe6zGorKqS1EjE72A,tron,USDT,issuer_freeze,,,2025-11-04
TTAZiZ1e1duqwaSAb81WkfRHbc6pQFRkgh,tron,USDT,issuer_freeze,,,2025-11-07
TTAgiPybj1tdtPe49Z1zubnB78AS4ZhXHD,tron,USDT,issuer_freeze,,,2026-05-27
TTB5UTBxaAdd4pCKCV44PjWxr8v7YGopCT,tron,USDT,issuer_freeze,,,2024-11-01
TTB7cp2j9vWnyqtVeRAg9yk84AKfMybBmY,tron,USDT,issuer_freeze,,,2026-07-27
TTBDya8zvk6WQmHRwgByt6wvSWS3tcBSvw,tron,USDT,issuer_freeze,,,2023-12-13
TTC16mbJYrsBXKRBozp2u2Zmd34WGVCBVg,tron,USDT,issuer_freeze,,,2026-09-02
TTCEBg96kREEVtBXDzejfigfMwa7puWD2Q,tron,USDT,issuer_freeze,,,2026-03-12
TTCm79a317TbobYYx8FsGuyFWxgjfkZzAd,tron,USDT,issuer_freeze,,,2026-01-05
TTCq74xRQeU5w6SXZQJXYpDDY3ZdhufnwM,tron,USDT,issuer_freeze,,,2025-10-27
TTCqAi1yXBzpfSjb43kj4U9r7ZRwSmpnBR,tron,USDT,issuer_freeze,,,2026-09-11
TTD9ibTutXsETg2R5mUBjThWb3WF7C4GYK,tron,USDT,issuer_freeze,,,2026-07-27
TTDMRagghXMKoQwA8WJzbBUQJTRYBXSesj,tron,USDT,issuer_freeze,,,2026-09-02
TTDRyGSRwk2vkmsBnnLzCbR3AmrMmCWbbW,tron,USDT,issuer_freeze,,,2022-10-06
TTDSPUpcgivX7Buhitm2P3SXasspKakfkc,tron,USDT,issuer_freeze,,,2025-06-20
TTDY1ytAJ88GKiJNR1qCTGug85VqYXAjZR,tron,USDT,issuer_freeze,,,2024-07-23
TTDskJXsPXKaPN7tG9J5xozNk4YTQZhDuq,tron,USDT,issuer_freeze,,,2026-09-01
TTDwdjBM1X1rrsWKferobVtcJ8Qa6f9vck,tron,USDT,issuer_freeze,,,2026-04-03
TTECxEDfP4s5NhmprTHHrKhY7NgrzhvfXx,tron,USDT,issuer_freeze,,,2025-07-12
TTEYgneiemxhpLJRC78P39hQ16o4rQLepr,tron,USDT,issuer_freeze,,,2025-07-23
TTEsQC2n6Ljsz1QoNvEXJLKJi6afJrkVQk,tron,USDT,issuer_freeze,,,2024-12-09
TTF5Czy24QEUJYsqoU6T3FMRQjEWaAVJhH,tron,USDT,issuer_freeze,,,2024-06-18
TTFVSfyDGn9n6zWMcvD7a14CkbsU5cSMAh,tron,USDT,issuer_freeze,,,2025-10-24
TTFcDzzy5ZAitywUpgTp2KPEhNvtuWc4Lc,tron,USDT,issuer_freeze,,,2025-09-05
TTFwnMMu1wzz7Pd8Q9q5MiACEfq5328zuM,tron,USDT,issuer_freeze,,,2026-08-14
TTGL6TUc3R5jmkMja3ueWJ2k79Xy6yfRwQ,tron,USDT,issuer_freeze,,,2025-02-10
TTGUENjLbnu5obSQ8XWP8NtWEXPJ1yyGXZ,tron,USDT,issuer_freeze,,,2026-01-19
TTGaEfUZuB58PvrsYz5XW8Bmi1dJwyangc,tron,USDT,issuer_freeze,,,2025-06-20
TTGcBz3F8zBj5R4AqGNkSRQTWSaVPNRUYm,tron,USDT,issuer_freeze,,,2025-07-12
TTGnevnNkPSuptDRUD9xFEyvGojmJDvXe5,tron,USDT,issuer_freeze,,,2025-04-04
TTGsMX4fQwoVAWeq1Lb3Wgp2ju8KobJDZb,tron,USDT,issuer_freeze,,,2024-10-28
TTGz2t4mG6n6EyNzNAtu4x4QC62M2U7xh2,tron,USDT,issuer_freeze,,,2026-06-01
TTH7GXPPqUdQ1BbmrFnp39camd7oq83X9m,tron,USDT,issuer_freeze,,,2026-02-26
TTHHommFKKLkR1ar4ko5LEK9aHJyJd6VHn,tron,USDT,issuer_freeze,,,2022-07-31
TTHNW9xn3qj3dBFnMzEg57qizVggoepsq3,tron,USDT,issuer_freeze,,,2025-03-19
TTHwPaHdJagnbZVGLF1cPVugykXovps9DG,tron,USDT,issuer_freeze,,,2025-09-11
TTJ86n4733DJZUJ5DeAubvtGVjPd6L89Lt,tron,USDT,issuer_freeze,,,2026-06-01
TTJFGx7qRZZvA7YYuJMgQB9qyfdmJDXFTy,tron,USDT,issuer_freeze,,,2026-04-23
TTJjEzym8H9KrHLgAX5s7X5fpogpmtyVtb,tron,USDT,issuer_freeze,,,2026-05-01
TTJqRUwRd9jpVG9bReG3C6suP15oxWguMy,tron,USDT,issuer_freeze,,,2025-07-12
TTK1XpfYT1nWjSC6XqpRppgFkBQV2tq3C9,tron,USDT,issuer_freeze,,,2026-06-16
TTK9k3Qm3GACFSPVXQLZV8DE3BMfoyi4N5,tron,USDT,issuer_freeze,,,2023-01-20
TTKMYqgP3mNCq1R5fZZ1BA2SvYtGKbfPFW,tron,USDT,issuer_freeze,,,2026-03-03
TTKSc5HKTcsAtUrMd41ePxMkGu36y8VNP9,tron,USDT,issuer_freeze,,,2025-02-10
TTKTdiwLaXU1kW3dFgLht7gCgPcqx9Cr4o,tron,USDT,issuer_freeze,,,2024-12-05
TTL4Dc7iv27iQBDejyXtrSSQoYBf6WLWec,tron,USDT,issuer_freeze,,,2025-03-11
TTLnxaQ4W4KJacnm3vcrugo3nbJv7gXGrv,tron,USDT,issuer_freeze,,,2025-05-26
TTLxRCNTGLUKz8br2UJwmzHqREBE7DLQ8R,tron,USDT,issuer_freeze,,,2025-07-07
TTMFdmkoP8iPTCAt6qqepuVWs3M4QWhzhU,tron,USDT,issuer_freeze,,,2025-03-10
TTMKpi9qhBFx44dinZj2uAwxyxZGdCv5SE,tron,USDT,issuer_freeze,,,2025-10-28
TTMiZV62Xf5WmV3DqenvqxoQ8Xzrb4jd9K,tron,USDT,issuer_freeze,,,2022-10-06
TTNQDqZ1ArbqQmriEqBP7u8C3NKmUuxEAu,tron,USDT,issuer_freeze,,,2022-10-06
TTNkj5QJobLirxRPFE2FfrmZdZgtzvxFF9,tron,USDT,issuer_freeze,,,2026-04-23
TTNtSdfAhNmRVn1qVbejyARxz7tcKHGeiX,tron,USDT,issuer_freeze,,,2024-05-01
TTPC52HkuFipVhnv7vBTcD6NZQFjvRN2YL,tron,USDT,issuer_freeze,,,2026-02-12
TTPiZyHsLjAaLmmTHeic3kdiR4HmLQiEoW,tron,USDT,issuer_freeze,,,2026-03-25
TTPjk6tJjHPWNxLwEGE4ZW8ADqGsd95zvc,tron,USDT,issuer_freeze,,,2024-04-09
TTPoKo7C3ixrfSzZF8FvZ2kF3ZyLQFrycT,tron,USDT,issuer_freeze,,,2025-01-10
TTQLCobVfRouNP8Qz4orPhJC64mAZNd3oz,tron,USDT,issuer_freeze,,,2025-05-16
TTQNTYU9kkJR8uT2xUqaK8a8Cy6yNqZrCL,tron,USDT,issuer_freeze,,,2026-09-03
TTQU8ypgQ4RUTXfDHD7Gf5YqRRhNaFrHq2,tron,USDT,issuer_freeze,,,2026-07-22
TTQeHJEysY6fEB41x5J4UBkfoJqLY1Zuw5,tron,USDT,issuer_freeze,,,2026-07-27
TTQs9snj9CZnsRKDNTVgg3Bi9RUheWwSD1,tron,USDT,issuer_freeze,,,2025-09-04
TTRP21mmP5GFB1NksH7FTrmzKbwib7fUWX,tron,USDT,issuer_freeze,,,2026-08-07
TTRWu9RcsbMzBBEMcKKLyW9qc2hnqLyoQi,tron,USDT,issuer_freeze,,,2024-10-07
TTReR6JzDfzanfiHuUK9928WbSGogvUdsH,tron,USDT,issuer_freeze,,,2026-05-27
TTRkxAFc1T88xjaiYSfQMb4ikojpiPxgRe,tron,USDT,issuer_freeze,,,2025-08-11
TTRnDyVhV9ey9DQS6E8sCcugZLgDJnEHgE,tron,USDT,issuer_freeze,,,2024-11-13
TTRx7PkzEDyZAxYaWo9yeCCFPkCwyiffje,tron,USDT,issuer_freeze,,,2026-08-16
TTSNNZyt1bX8b5zHaV4LKVenqvUTZEhbmi,tron,USDT,issuer_freeze,,,2024-07-15
TTSP6e8G3Bu3wNB6ppRXMAwcVnmBWij5CW,tron,USDT,issuer_freeze,,,2026-07-06
TTSmP5kShSyjMLaPTCVsYoUForSWyDca1g,tron,USDT,issuer_freeze,,,2024-12-13
TTSvbMLui4oLGbgfnpRdLF4ZUFFh3VvJnX,tron,USDT,issuer_freeze,,,2024-12-05
TTTA5YPSoFZTkSzKPwzEbcDJRo2HQG9AEJ,tron,USDT,issuer_freeze,,,2024-12-07
TTTFfwXm9BPQgHGyJbpBzcvRf4mBE1N4Rf,tron,USDT,issuer_freeze,,,2026-07-02
TTU4tgtMEpWGp2i4iSiqSrShJhxEGd9ay8,tron,USDT,issuer_freeze,,,2026-08-11
TTUPPXi6EHbeSijKsEv3aqoMRGXRL1qVCz,tron,USDT,issuer_freeze,,,2022-10-06
TTUuQohS4fP3KBxn2EuUi5PiuwEXUP7Zaa,tron,USDT,issuer_freeze,,,2026-09-13
TTVVw8DvQ8HFYqqVd399AyGyDp8U36VATV,tron,USDT,issuer_freeze,,,2024-07-23
TTVZa9N6Kh82ft6BacRd6YksWc5b2xSgRc,tron,USDT,issuer_freeze,,,2025-06-10
TTVvySTmzrjcT33UPKWN63wD6sw8bpBmpY,tron,USDT,issuer_freeze,,,2025-09-11
TTVy798uu8VqK2sRQ379nX75H3MoUtwLDC,tron,USDT,issuer_freeze,,,2026-07-09
TTWDffRYjgAWeTJLsVeNLaCXjaNscVJH4n,tron,USDT,issuer_freeze,,,2025-07-12
TTWuNvfsPC96aTerHUGCtHRdmcDU9opq5i,tron,USDT,issuer_freeze,,,2025-07-12
TTX4oWgcoQ5HJjQ98k2poEgBPrMkLbJZ1c,tron,USDT,issuer_freeze,,,2026-05-16
TTX9KYL2tCcroitDtDGke7hifcx8Q7NLvR,tron,USDT,issuer_freeze,,,2025-04-17
TTXNdZQjMZUEhXwLtEJRrfJamp5RA5wSPh,tron,USDT,issuer_freeze,,,2026-05-18
TTXNrUEHJSBB6DyDotg7nUa7BkfUEUygCi,tron,USDT,issuer_freeze,,,2022-10-06
TTXV4xn1gyCNNsevxrKjzeraSn6KCiZA8p,tron,USDT,issuer_freeze,,,2025-05-26
TTXVdTN9J9SinARcpWSCrw6nNC1VBvJxCJ,tron,USDT,issuer_freeze,,,2025-07-12
TTXssrM49k7VWNgjQmJos6sGPuzJYF3Q9f,tron,USDT,issuer_freeze,,,2026-09-07
TTXt4Cy1DAHDpYGR4d4hW7BkoLNGQi28Zx,tron,USDT,issuer_freeze,,,2025-10-02
TTY2PyP39TCbrcLXspLgVPmZt55ovo7qHK,tron,USDT,issuer_freeze,,,2025-10-29
TTYKdKtYMhpvqpPWxS8KCW3yzxamj8qCpN,tron,USDT,issuer_freeze,,,2026-06-01
TTYLG4idMeBLj3MDo5vhUgfaMrHJYK2458,tron,USDT,issuer_freeze,,,2026-07-01
TTYopJjXyHLf4JZpZBMgPkPG8Lehb7KDic,tron,USDT,issuer_freeze,,,2024-09-25
TTZYkTHii7FktVtnMGb14cnAVn3BwUg2AF,tron,USDT,issuer_freeze,,,2026-03-10
TTa2BL6fRnD5h7uQdi3444CPiUF4hLZkkg,tron,USDT,issuer_freeze,,,2026-09-02
TTa5Z327SKyVhkq8CoX5sptgHbJgFeP5Bd,tron,USDT,issuer_freeze,,,2025-07-12
TTaJWRKa6eAnufQpaLxRuYpUoEPi1gGw5E,tron,USDT,issuer_freeze,,,2022-12-12
TTaPxXmttxjA8sgMCjvkoPyRfqe7kYDcQv,tron,USDT,issuer_freeze,,,2022-10-06
TTaRdFf8bA5DqQ1KovSE71csCHhsKS3cv9,tron,USDT,issuer_freeze,,,2026-03-09
TTaUi5RQYXe5C1bBR8wLF9GwVNqT8ZZXoL,tron,USDT,issuer_freeze,,,2024-08-09
TTbNz2r1c8fCmX3mEV8X8LWLr9ud6fvGNS,tron,USDT,issuer_freeze,,,2025-05-16
TTbYiAtdi8Y7AXZ2tz5Tb8zyxG9ag1KAPC,tron,USDT,issuer_freeze,,,2022-10-06
TTbgnFEFEmicu1eXN3bvuE8fKbdx3di8Yb,tron,USDT,issuer_freeze,,,2024-04-09
TTc3hEuz2n61hxHAKrxDTS41Momqcm1hrK,tron,USDT,issuer_freeze,,,2025-07-07
TTc6TVtmRUpYR9fhZeixsNkJuCMRzFqfcb,tron,USDT,issuer_freeze,,,2025-07-26
TTcBMLZNMxZPG6WJCjz6JjhBNALKWP36yD,tron,USDT,issuer_freeze,,,2025-10-24
TTcHVHR1wp8P8rqcBPLrD7riTmGtUzMR46,tron,USDT,issuer_freeze,,,2026-02-10
TTciefR4S6VJntLydBd82DBSm6GUQcfpXf,tron,USDT,issuer_freeze,,,2026-08-12
TTcpAcWJorbyb3BXFAELGoLnV5SpnNNSiK,tron,USDT,issuer_freeze,,,2025-04-28
TTdANBcphZNryhn6hYGyw7SisMEKEpG84J,tron,USDT,issuer_freeze,,,2025-05-09
TTdJx5sZizn2wt5EP246WWHGewCjY2B1AC,tron,USDT,issuer_freeze,,,2025-06-15
TTdWgCUTf4hTkNgkFwy3qNotnWdkfR7C4k,tron,USDT,issuer_freeze,,,2023-12-08
TTdXCwvVLTA2fLjuDzLWdHhvbFeMmY43ZR,tron,USDT,issuer_freeze,,,2026-09-01
TTdgLF8GwQQLVu36vRfGzXR78eZSgQNmhB,tron,USDT,issuer_freeze,,,2026-06-22
TTe1rvH8CMQDFLndQLTdJohou3amAdpQPS,tron,USDT,issuer_freeze,,,2026-03-03
TTeSVyvpkhVjZtaFWwNCNsASZtSZRL4Hes,tron,USDT,issuer_freeze,,,2023-08-17
TTevp7dDoKVFhujshzAJ5feucrUB2VTFmm,tron,USDT,issuer_freeze,,,2026-01-14
TTfFWsih51n4gDEF3uX3S4B8Zgam3qFgAR,tron,USDT,issuer_freeze,,,2026-01-19
TTfMJsMGJRvkx4BfpyfRzosGW73W5dNN6w,tron,USDT,issuer_freeze,,,2025-03-03
TTfgjWGG8sKCPescmSUEGfRbvYR8yTBZjP,tron,USDT,issuer_freeze,,,2022-10-06
TTfjg5yGqQsjrU1ZVb2vDqMEaARt5jxh8n,tron,USDT,issuer_freeze,,,2026-03-05
TTg69pBos1NubduHEpWGfCX2AazYrcvRbn,tron,USDT,issuer_freeze,,,2026-07-23
TTgXr8oC5ERMwwsacA21g3diJNn4HcE6yY,tron,USDT,issuer_freeze,,,2025-05-28
TTge7v19AEs2U5ASeK8TFVFbxHafsMfGqj,tron,USDT,issuer_freeze,,,2025-07-12
TTgk5EEXbCwU9BKwzEuBoWEY4ie6Duyj4q,tron,USDT,issuer_freeze,,,2025-07-12
TTgqADwBr8jwUE69sZDf7b7PJEHs3WvfNw,tron,USDT,issuer_freeze,,,2026-03-03
TTh4P4MVG8MzifeZce2RZAwwQHLXqVsMBp,tron,USDT,issuer_freeze,,,2026-06-01
TThEzBN6SQ8ojyhofX6wahj13QkEdGGWXB,tron,USDT,issuer_freeze,,,2026-09-08
TThMVTohVraGWinptCTcr7NyqRAKjZZyCU,tron,USDT,issuer_freeze,,,2025-06-15
TThT4DLRsexot7xC4XeBBhBmTuHmshktCG,tron,USDT,issuer_freeze,,,2024-12-04
TThdhqMH852RXZYGQe1wnXWuQzvnJ4nk5t,tron,USDT,issuer_freeze,,,2025-11-14
TThitYWW6rwtSgzWHvLWpiDW8YLeGYTJtZ,tron,USDT,issuer_freeze,,,2025-04-29
TTi46bHBvmkgc8NcHLfLB2587XF7GfZFQs,tron,USDT,issuer_freeze,,,2024-04-09
TTi5g5UEi3EWNHpmMJ4vHroPWEk4RFz2M4,tron,USDT,issuer_freeze,,,2026-06-25
TTiFzahyNWVSPwCotsYdDhJbDkCpz2ox8W,tron,USDT,issuer_freeze,,,2025-04-24
TTiLnn2vf61pdVbf2xunf14VbXXu1q3LvF,tron,USDT,issuer_freeze,,,2024-12-09
TTiR7gUxtrKoYQdbHE6KPHmUyP8coo73JE,tron,USDT,issuer_freeze,,,2026-04-01
TTiWBGQ5Y1M789aiskFhreTTQ3zfZrnQrT,tron,USDT,issuer_freeze,,,2025-03-03
TTipCuoMoUA7ieYMTKiLzSiu5fMniCaN7q,tron,USDT,issuer_freeze,,,2025-01-10
TTipXcxCLpyJszRFe25fHACeVwyqmDgCBP,tron,USDT,issuer_freeze,,,2026-06-08
TTiqD8mnR27f7djRvmnZpgjREuPBLZS5zK,tron,USDT,issuer_freeze,,,2024-06-14
TTisDFmBKhRyfc2pJAJahGA6V27kiqn5BK,tron,USDT,issuer_freeze,,,2024-06-05
TTisQyMK4pdwb8gtd8V62gLavLV7uLKGAV,tron,USDT,issuer_freeze,,,2024-11-08
TTj1HduWSusMgcArVRGcPTq1JvMpx1pPvE,tron,USDT,issuer_freeze,,,2025-11-04
TTj38TWZiuuS6M8jY82nmYxAS1Gkmb2jMA,tron,USDT,issuer_freeze,,,2024-07-23
TTj4MGQTuYQTEpiJ7BmkjNMciDTStMK69a,tron,USDT,issuer_freeze,,,2025-05-26
TTjDSWjiahZq9bAzwntJZKehzLvHRFUqi1,tron,USDT,issuer_freeze,,,2026-09-12
TTjNannGeb3LhNTeRnUHzbRxFKC2bVgg9P,tron,USDT,issuer_freeze,,,2026-06-02
TTkCwrQd9UvUbDaNoCyHzvVpH3FxQrjdpR,tron,USDT,issuer_freeze,,,2026-08-18
TTks2NWWoDki6LV8eqkEPpN7ZoLVjDiTUa,tron,USDT,issuer_freeze,,,2026-06-16
TTktupLu58wvfhpcvYtG4ptmiXwgfBYc6m,tron,USDT,issuer_freeze,,,2025-08-14
TTmUj9LbGsbVa5rZEc3VkgdXPvoxVHYAKZ,tron,USDT,issuer_freeze,,,2026-06-11
TTmeEVPb1r9YspQ8cNKpyF6huoHN8nGcw3,tron,USDT,issuer_freeze,,,2025-07-12
TTmnEn8CEjQnJpHwEvkRxBK25EJfKyPLE8,tron,USDT,issuer_freeze,,,2026-02-26
TTmofLnaZPpiJzFHmQxjLzGfiFv3eZNWNU,tron,USDT,issuer_freeze,,,2026-03-25
TTmsFaDrofz7gHgEQAUqvLnT9atTW9bHGG,tron,USDT,issuer_freeze,,,2025-06-25
TTnALeqic2GFqfsyt9qEm31gJSUPT9zte2,tron,USDT,issuer_freeze,,,2025-04-13
TTnWZUcNTginvztFp66Ts6Kp5aqevNG6Zx,tron,USDT,issuer_freeze,,,2026-04-05
TTnwENBvwHbEjrGSP3wtCM914E28p1ouz9,tron,USDT,issuer_freeze,,,2026-07-14
TTnwULUkNcEC33WyaAoBNepmJh4osmwDNu,tron,USDT,issuer_freeze,,,2026-08-27
TTo5tTWQqc5wHaoFwdL4vVs7YBDa75GPcx,tron,USDT,issuer_freeze,,,2026-08-21
TToC6mRn8PFexcuPYjcCqACKVtQqG87HZa,tron,USDT,issuer_freeze,,,2026-05-14
TToFeVyBDPx7AFNNbnvRv6UBaMTQVVVwTp,tron,USDT,issuer_freeze,,,2025-11-05
TToRoEbNtzih4rREXRRr9ixAVZUMCU8ZaS,tron,USDT,issuer_freeze,,,2024-11-04
TTozbiknXuBHri6cBLgtwPQXvAXK9wUS1y,tron,USDT,issuer_freeze,,,2025-09-24
TTp7iWT67qY8h6BcM62PkYNjeefSkcXN9n,tron,USDT,issuer_freeze,,,2025-01-22
TTpEzt6Hf8oNtKnQAdVk3k6B7q6t3bw2da,tron,USDT,issuer_freeze,,,2025-10-22
TTpUNupnCPTKDWqcKRA79jSR8iSJ2H8CrE,tron,USDT,issuer_freeze,,,2026-04-19
TTpVSed8cKVxURgABXciTzkg4xeC99M1t4,tron,USDT,issuer_freeze,,,2026-03-14
TTpyum3WRQox8CUNa7cJLfydWWP73RNpfX,tron,USDT,issuer_freeze,,,2025-11-25
TTqFbxHDX5MuLvjH4oU72dArvWAsnqcWot,tron,USDT,issuer_freeze,,,2026-03-02
TTqrcQdAt4zreLZ3fNLryFBv443Yd9cKSj,tron,USDT,issuer_freeze,,,2025-02-10
TTqszC9yQCJ1KFwXkJYMh6cKQeYwfCeQiq,tron,USDT,issuer_freeze,,,2026-08-13
TTr4STG8SMVrPafYZEvFjZoerPGFTD8vUR,tron,USDT,issuer_freeze,,,2024-07-15
TTr9qjKYCsAUpi11uYXAMNNVZRTcN16G3n,tron,USDT,issuer_freeze,,,2024-04-29
TTrBt4xGmTp2ZeUK3HFJ6iiJPQdcARZLR7,tron,USDT,issuer_freeze,,,2025-08-08
TTrR4XkHAWxdctNcvPvRH4B7PYviZz5YBv,tron,USDT,issuer_freeze,,,2026-04-05
TTrbwdeDRT388vQQ64P4n2gC3Czp3fXKxv,tron,USDT,issuer_freeze,,,2026-02-12
TTrpQxmZzo6CiynXnnrQRpMWDVaZZRDrwW,tron,USDT,issuer_freeze,,,2026-01-19
TTrq4BEVoF3uWVB5hUnakEm3xTjmR2PmK7,tron,USDT,issuer_freeze,,,2025-04-18
TTrqPdwkjMaCHZBK4yvfD9Bxn2nHxhcb1P,tron,USDT,issuer_freeze,,,2023-12-08
TTrsrNgKXuHZJfjzoD3wQ6DuXwRXzuxFTN,tron,USDT,issuer_freeze,,,2026-03-03
TTrzJfZGpbCZVkHRnbaKLrS6QWoYj52TpW,tron,USDT,issuer_freeze,,,2026-03-25
TTs3MWpr9zPziMMyWYJDaeM33u4mBsf5T3,tron,USDT,issuer_freeze,,,2026-05-01
TTsG9LT5vym6uJo4MkM5YxGpjUp5vmsNfW,tron,USDT,issuer_freeze,,,2026-02-08
TTsNMfkLJCL2xpSWZSst1CtnwK6rkdN1eq,tron,USDT,issuer_freeze,,,2026-03-06
TTsWdeHkbQKxMevToyaEXtXfJQPJUu1Xiv,tron,USDT,issuer_freeze,,,2025-07-12
TTsZLLTgJJpxM5bvxrid71yiXuGrMYqf99,tron,USDT,issuer_freeze,,,2026-09-02
TTsazXz6yCxbkbs5brTGHf5KoNj42P1GYh,tron,USDT,issuer_freeze,,,2026-05-01
TTscFqjCSFTpKufe8jjH653JmgYCHvQjdF,tron,USDT,issuer_freeze,,,2024-09-05
TTspeYXCneSUVBRxW4k6mY7BchxVTSj7y4,tron,USDT,issuer_freeze,,,2025-05-08
TTssEDVcnGF9reDWXkJRiy41DdjX9waiUK,tron,USDT,issuer_freeze,,,2026-06-01
TTsxWKsEMdAxKSPz3QAqhV6heivGV7Nh3X,tron,USDT,issuer_freeze,,,2026-05-09
TTtxEot5xxJzr9nYrYsdrnJXjFgUyr1m9C,tron,USDT,issuer_freeze,,,2025-04-02
TTu9jfJAZ33wbeG9aVZaPHMuECqAYuZ9d1,tron,USDT,issuer_freeze,,,2024-12-05
TTuJUQ5s3u32jcMZHXdWPRFM2hvcp8ePCz,tron,USDT,issuer_freeze,,,2026-05-21
TTuLLusa8RvqU2VvV2Q1Sqhjfqbey5y7mg,tron,USDT,issuer_freeze,,,2026-05-23
TTuWXp4SwAgkwCNux2rNS4C29gTQBbx3ie,tron,USDT,issuer_freeze,,,2025-03-26
TTuZ6Yena4JD1ubkHUn4UnNXrFGGqbzyZa,tron,USDT,issuer_freeze,,,2025-07-12
TTuZhHFaenFMCGjbaDxySAJipg8GafEnUz,tron,USDT,issuer_freeze,,,2026-05-19
TTuu6Mfz1UhqGraP5J4ezqWkJoP8mEucbh,tron,USDT,issuer_freeze,,,2026-04-03
TTv6nZ35am1b45fZ2QdFZwALhV4aRubqh5,tron,USDT,issuer_freeze,,,2025-05-02
TTvLXSsSpRFnsvTUsNjwqaBRi641xDZsk5,tron,USDT,issuer_freeze,,,2026-03-03
TTwBBzpXF3Ump7KohbpXV4P79o3pKsBunK,tron,USDT,issuer_freeze,,,2022-10-06
TTwtVyd88NtgQaE4BeQT11vxSEQGf2Dgr4,tron,USDT,issuer_freeze,,,2025-12-22
TTwz3bak6qGTV6R8i2Vby5SiYkCAWtnS5y,tron,USDT,issuer_freeze,,,2025-03-26
TTwz7M1twJp2NyqCmJkAZFRUW2Rk8ao3NG,tron,USDT,issuer_freeze,,,2025-08-08
TTxELSY2kHc9EGP2o4RnMxgLN8FEMWNyq6,tron,USDT,issuer_freeze,,,2025-05-26
TTxG1K83vkWz9XFLZJSberhvrZghHVDW5B,tron,USDT,issuer_freeze,,,2024-01-01
TTxV78is2RWyjJV77UwQDWqgKPSxTjNwJx,tron,USDT,issuer_freeze,,,2025-05-21
TTxX6DNihJZsPQYQe8dihSqEyaJ2mDoDWx,tron,USDT,issuer_freeze,,,2025-04-04
TTxaakee5ZMsWrCsSp36UJtt1pfFbAo7WE,tron,USDT,issuer_freeze,,,2026-03-03
TTxhRTrPB3fB5yKWpCF7K37ZCxYhBA1xHs,tron,USDT,issuer_freeze,,,2024-09-04
TTxpNHzy4rE2uJKKhPuenVzuPS2tYRkrLZ,tron,USDT,issuer_freeze,,,2026-03-31
TTxtReq8YriT23CohVqxUrye5ENoxwhAsV,tron,USDT,issuer_freeze,,,2025-12-05
TTyRNHFmkUJRNrX98zSkDCisLHE3bt6q6m,tron,USDT,issuer_freeze,,,2026-04-22
TTyRaPB6TQT9MEpwwRux4naX31Rov8e648,tron,USDT,issuer_freeze,,,2024-12-17
TTz8Vd88uD4bJgiYSPsr3GzqgAYrVojtC7,tron,USDT,issuer_freeze,,,2025-07-12
TTzHmZwqHvdGD4XFJcoUEQFCpP57rjuzk1,tron,USDT,issuer_freeze,,,2025-06-27
TTzLUscEiBHpi9ivNiU8PvzBfT154cKobi,tron,USDT,issuer_freeze,,,2025-10-01
TTzRqud2nVZJUSahxspmqjTHZKmfj3d9Uc,tron,USDT,issuer_freeze,,,2025-03-28
TTzaHCyJzvBCTrgUm6LYzVcsbfhDFdGxEy,tron,USDT,issuer_freeze,,,2025-07-12
TTzbVV4xUJx5yvrd5f9tQA1XttjpnheZoa,tron,USDT,issuer_freeze,,,2025-08-08
TTzmpuA4mg7VWz8tYMavZB56hnMcZD98xd,tron,USDT,issuer_freeze,,,2025-07-12
TU1AcYHw7odoGkEuKVZrej8XDToKMhtnah,tron,USDT,issuer_freeze,,,2025-10-30
TU1PenzBSVpahEWfYVnd6GLbVAVJrBvvVL,tron,USDT,issuer_freeze,,,2022-10-06
TU1T4RYXCKee9YSAN6jQaMYf27uR5Y56E1,tron,USDT,issuer_freeze,,,2025-02-07
TU1VZFVqUhn3uCN3AoJvxXxyzxEQ7ytUg4,tron,USDT,issuer_freeze,,,2024-12-17
TU1jyy2TZ67dh4N1XRhfdf2meQsDreCUiu,tron,USDT,issuer_freeze,,,2025-05-26
TU1n4w83bs8MoJNhH8NCXFCQPh25PV9L1U,tron,USDT,issuer_freeze,,,2025-05-21
TU2drH4kmxg18NzjR7N5u3HHqMoomnUg9x,tron,USDT,issuer_freeze,,,2025-01-14
TU2uVfwpwkkWi4QnUyxF6kTtbFWMUM2ZgQ,tron,USDT,issuer_freeze,,,2026-02-10
TU32ZAuVUMek4t3q6No52D56bzG1QsbBVa,tron,USDT,issuer_freeze,,,2025-12-17
TU3RqrLS2XttXfKfEiSTqvX7nkYgzo1bic,tron,USDT,issuer_freeze,,,2022-05-31
TU4BzApgcoVfysiXTveQYoBHYcraWiQ5sb,tron,USDT,issuer_freeze,,,2026-05-22
TU4JZG9FqPJdFWLM2MUwE2YE6frhse7yyY,tron,USDT,issuer_freeze,,,2024-10-17
TU4oX4BcjgfjQUFuKAC27rKzYvqS5hNyKH,tron,USDT,issuer_freeze,,,2024-04-09
TU4x4VJ7Tz4YZdE3a56p83yhAJPUzbu39s,tron,USDT,issuer_freeze,,,2025-07-12
TU5DPaS6tfCEzmbo4o18LZynwNooJu1kUq,tron,USDT,issuer_freeze,,,2026-03-02
TU5FGqEfBjvSNz2mWxNE1ARwnwrjCS5xG8,tron,USDT,issuer_freeze,,,2025-09-30
TU5JhTGYdY8sogxmT4veLcjGarNHYw9Zpa,tron,USDT,issuer_freeze,,,2024-11-12
TU5USEvaP1R2u5x4xxgG6fuAShUbTuzXMD,tron,USDT,issuer_freeze,,,2025-02-11
TU5X69nrjorRR5Qow9X1oCTDH92VNmVkex,tron,USDT,issuer_freeze,,,2025-11-03
TU6GkrpAgv8SPXY5sbZc8PePK3zhw1WDNk,tron,USDT,issuer_freeze,,,2026-07-01
TU75zcPEigDnjZ1PMstuNdWVJVYYEwmU8Z,tron,USDT,issuer_freeze,,,2025-07-12
TU76YYWCUyXHPLL9PKgQNKVu3yweLVHSmg,tron,USDT,issuer_freeze,,,2025-07-12
TU7FgTMP2kYAqavjFkyGKyYWwtvx2xaf9v,tron,USDT,issuer_freeze,,,2025-07-12
TU7HLF5CxPvG6Qe37zS15T7ywzFXDUcDYu,tron,USDT,issuer_freeze,,,2024-08-28
TU7NLrBfY9T8RW37ncoo1UTjoK56ZJmzke,tron,USDT,issuer_freeze,,,2025-03-04
TU7PfAcbn7YfW8ruFJjRAP1AQj5MLf4AjS,tron,USDT,issuer_freeze,,,2025-04-04
TU7SBXcQReJvqXH4rxvdAFLBEPfaj2zzH3,tron,USDT,issuer_freeze,,,2025-07-12
TU7Zz1FWid6C2qyKExXn2kGMSFVRdKv5jx,tron,USDT,issuer_freeze,,,2026-03-14
TU8JS7nMLX6aEgNeTM8px3Szq6tUx8Z8Vu,tron,USDT,issuer_freeze,,,2025-03-11
TU8preUjArgL7EajcDCTQzvVkXQ6DDjJiP,tron,USDT,issuer_freeze,,,2025-05-26
TU8zvcFBWw1kp44tsMTPkDurhHRVjxw9F9,tron,USDT,issuer_freeze,,,2026-08-25
TU91xsATdJ8ehMPKZXQn1kLYe1fWiNeCkq,tron,USDT,issuer_freeze,,,2026-08-21
TU9n5EDzXzu89HXLJPC7eDhGDTV6nzpLeN,tron,USDT,issuer_freeze,,,2025-07-12
TUA9PRtsj7issq6qUjEdCSThkMewKzXx4y,tron,USDT,issuer_freeze,,,2026-01-06
TUADWHzJ2HeHicED1kW26XJidP5hqJmYXS,tron,USDT,issuer_freeze,,,2025-09-09
TUAkYxD1DAt79YLTiUQkAWe324BpNwYxqt,tron,USDT,issuer_freeze,,,2025-08-08
TUBKkcTpbTyaJUCWATNhu9c5KiZkih4Nmq,tron,USDT,issuer_freeze,,,2025-09-05
TUBLA9sYSEbfMnnJvDcDAXdt7aVE9wF64s,tron,USDT,issuer_freeze,,,2025-08-07
TUBUuQmaCPifDwCGDfvnCYf74da1KJ7mSc,tron,USDT,issuer_freeze,,,2025-01-30
TUBbRyWMx93KAASDsidWAPX6tmeXo7Xgsh,tron,USDT,issuer_freeze,,,2023-12-02
TUBj1UTUEa6JXKaS2EcDwxhiAVmLoQd7cL,tron,USDT,issuer_freeze,,,2026-03-11
TUBqWp26UmeZr19snZ3XTDvPyDhyd73mxw,tron,USDT,issuer_freeze,,,2025-07-12
TUC2xGdP2inAZf3jvW8AgHJvWkhZBonJ8G,tron,USDT,issuer_freeze,,,2025-11-05
TUC6RRoi3Chfh8e1Zo7q4K89JmgxhxyziR,tron,USDT,issuer_freeze,,,2024-12-16
TUC8BuT3o7zqeSJoiHbCScC9ez83z9DjJf,tron,USDT,issuer_freeze,,,2024-11-22
TUCGn1z4vPk2ZQKW5PoysATBiVAxSY9FpG,tron,USDT,issuer_freeze,,,2026-06-10
TUCUYfWvGDxxNPv2YFpLzDAKEGfiURU1h9,tron,USDT,issuer_freeze,,,2025-03-04
TUCrZLoyr7twHNuTxFYkKCnbVUUxZrH7oh,tron,USDT,issuer_freeze,,,2024-10-17
TUCzg5NLUpruqdsehkemKsiJpNHdc6oNSA,tron,USDT,issuer_freeze,,,2025-07-12
TUDCXUBwn2eT1hxLw6gKDNGs9HFu6TZZEk,tron,USDT,issuer_freeze,,,2025-07-12
TUDobx2zdTEq8Ar374jXThf54PgqrXST7Z,tron,USDT,issuer_freeze,,,2025-04-02
TUE1w6rqmfwu4HiBvrHDPx73nkT6WB8123,tron,USDT,issuer_freeze,,,2026-07-16
TUE8FVnd2WuDRzanWjBCTop3rzYRKEJnsy,tron,USDT,issuer_freeze,,,2026-02-05
TUEVJPCtzbXYSnFtCenVuTodHBeHuHHVvy,tron,USDT,issuer_freeze,,,2024-12-03
TUEeZmnNdjuVtVSE7i49GGdFeHBvyQkSCS,tron,USDT,issuer_freeze,,,2024-12-05
TUEzgbohUxiXkWxFVDCbAKD1o9rCEpFZHL,tron,USDT,issuer_freeze,,,2025-04-22
TUF564u2LgqZ9oikLRhnLYuHJZhmmBF7YN,tron,USDT,issuer_freeze,,,2025-07-12
TUFKAiLs9s2eNXNUzRGQPWkTJFV4ucuEi1,tron,USDT,issuer_freeze,,,2025-07-20
TUFYLTNhGCLUduPAfGUegLAxc32DRpLj8r,tron,USDT,issuer_freeze,,,2025-10-09
TUFb4fDvGNerNvgiETYLBGnL7FJRH8MdHw,tron,USDT,issuer_freeze,,,2026-02-15
TUFdQmfpeWdsapdUGctRaLudKQ4Ky1Fmrw,tron,USDT,issuer_freeze,,,2025-07-12
TUGETjtE1Y24MQ7p8nteiCmzgKSKeUseAY,tron,USDT,issuer_freeze,,,2024-10-11
TUGFg594mmCp2xiVDs4isqwHMup1uNxpMn,tron,USDT,issuer_freeze,,,2023-01-20
TUGG2mTNU7aPuvD53uo5SRqq4YCMiRka3p,tron,USDT,issuer_freeze,,,2024-10-24
TUGJmHNFn4VN6XBrtceLZ4XfhEGvy5hinQ,tron,USDT,issuer_freeze,,,2025-07-12
TUGTrk2viZv3UqZ4BhLr4Jr1prY8MHbmc4,tron,USDT,issuer_freeze,,,2026-03-11
TUGruNYbcwQrQUVLhvsyK1wRBRC4fTVCBZ,tron,USDT,issuer_freeze,,,2025-07-15
TUH8L4vToMshRsanSDoNyT7YQ8dQASZGeK,tron,USDT,issuer_freeze,,,2024-10-11
TUHHSNgusmFhYNXfp4SpPW17LJo8GJ5mFM,tron,USDT,issuer_freeze,,,2025-07-12
TUHKMx1n3AaN63avC1xy8zvPbxAMketZsz,tron,USDT,issuer_freeze,,,2026-03-10
TUHwTn3JhQqdys4ckqQ86EsWk3KC2p2tZc,tron,USDT,issuer_freeze,,,2025-07-23
TUHzaPcUP83C3ctWWbcQnhuoNdRefWWKw5,tron,USDT,issuer_freeze,,,2024-09-30
TUJVwbw5Z7btGu7wsJWHaKJzJfn5wRahpR,tron,USDT,issuer_freeze,,,2025-03-04
TUJcxqiqsx5pP2a5xDJC8UJBbL8JNm9Ato,tron,USDT,issuer_freeze,,,2024-10-29
TUJnMHzojuZnNRPuquCYRVLxQEwq4HJyGb,tron,USDT,issuer_freeze,,,2022-10-06
TUJtqiHGWhGznLEKV8SZv9CAgzJRkL1dB6,tron,USDT,issuer_freeze,,,2024-12-04
TUK4AR8HDAiH2jzbQRPVGS9yDMz2yVJVct,tron,USDT,issuer_freeze,,,2026-03-11
TUKJQJMprNtf5meBTDZwjWFcdNs9TK2oqC,tron,USDT,issuer_freeze,,,2024-12-04
TUKSdmmW7b2Ctp49ToRqjKCiAzNvrf2bgB,tron,USDT,issuer_freeze,,,2025-02-25
TUKefxdv1ZFXebCEWRZHfynuCmNKDh8iem,tron,USDT,issuer_freeze,,,2024-12-13
TUKkj3LbGxdF77jaJRwwv4GxdvAmeeSwpY,tron,USDT,issuer_freeze,,,2025-12-16
TUKuy87jyZFbc7TLxeDDAvzdRFF3Etq74c,tron,USDT,issuer_freeze,,,2026-02-03
TUL5LCRzBgMLdsTjczHyFRW1i3CELhqFmY,tron,USDT,issuer_freeze,,,2026-08-21
TUL8As2dnrCfCHwH34YxVLUZ9AkG8TSzDp,tron,USDT,issuer_freeze,,,2026-08-11
TUL9BeB6izAh7S8HuH5ocgoZ9QbgenD6ZZ,tron,USDT,issuer_freeze,,,2025-07-15
TULpmhRVU8xoigVM9aJpgRQ4KE1BSS8Cvf,tron,USDT,issuer_freeze,,,2025-07-29
TULsjT4sfLmmVahhtAdwmziVHxaj9A73kU,tron,USDT,issuer_freeze,,,2025-07-12
TUM8RDRqwmt7bYLqyncPr8epjDeGvP5wp9,tron,USDT,issuer_freeze,,,2026-04-21
TUMX3C5JF1z2zbwkfvV4YDZLuq7VHkuMQu,tron,USDT,issuer_freeze,,,2026-04-10
TUMYJzs4A9vyd2SuGjtUPdRiJc3nnZpqvQ,tron,USDT,issuer_freeze,,,2025-03-01
TUMjAwhidpxHWw3DUJV5NwSMuDicJYpak1,tron,USDT,issuer_freeze,,,2025-02-19
TUN5wSuRFqE1v3JeD7pvgGiJqTT4Fb86iT,tron,USDT,issuer_freeze,,,2026-05-14
TUNKp7upGiHt9tamt37VfjHRPUUbZ1yNKS,tron,USDT,issuer_freeze,,,2024-04-23
TUNPgaXZz85Y8xH69ejGH3U6Z4GwUYUvLw,tron,USDT,issuer_freeze,,,2025-07-12
TUNUGhfCromPt88MdjNuL8JGD51BtTCfFP,tron,USDT,issuer_freeze,,,2022-10-06
TUNZfgrkygJvYEEcP9Rv6P2MpEC5jVJPFf,tron,USDT,issuer_freeze,,,2025-09-24
TUNtScY4NJDdBdVwB9iNXGjcmLJrKAupse,tron,USDT,issuer_freeze,,,2024-06-06
TUPmdzGJ4NQZ1qA4SrGRXurjKGFvNg9gWq,tron,USDT,issuer_freeze,,,2026-06-27
TUPyHqY2jbcF5Q2rCmTQWBtVo84oMpLm2f,tron,USDT,issuer_freeze,,,2025-04-24
TUQ1eKGHYGiirjExn9p2tGNqDX5Myg9F2h,tron,USDT,issuer_freeze,,,2023-09-18
TUQ6qC4XhcHZiNo1aaenGsX6kwSQmRCzko,tron,USDT,issuer_freeze,,,2026-05-29
TUQEbCKJgksHEf2ezWvxvVizZfkgScFXJX,tron,USDT,issuer_freeze,,,2025-07-12
TUQPFpwhupvQgnFwqJcf9aQuvznEheSCih,tron,USDT,issuer_freeze,,,2025-11-05
TUQSySqwm6VEiHZbct6ifunzwaqCGA73Sv,tron,USDT,issuer_freeze,,,2026-01-31
TUQVYhV7ADpzUC5jbYmdiVofdRsvkMCNp2,tron,USDT,issuer_freeze,,,2026-06-10
TUQqLF4FKCgh5xY2CMnee2Y5tSoHk7sD44,tron,USDT,issuer_freeze,,,2025-03-19
TUR78T1DXRb4dt7igQ9PYaE1tLH2pmDWaV,tron,USDT,issuer_freeze,,,2025-03-20
TURP5MGWvbhYT72u5mdwGZZ4duwp3NMs5h,tron,USDT,issuer_freeze,,,2026-03-29
TURQqzjF7qbBmN4Leb8Mdd6t8Uin4xZf8E,tron,USDT,issuer_freeze,,,2026-02-02
TURREni4Za8ErmpqsiFHspQwXz6hFNwP3P,tron,USDT,issuer_freeze,,,2024-04-23
TURdyyAQTNxkcGszHnVmFgfoHPABeEdLkr,tron,USDT,issuer_freeze,,,2026-07-31
TURe6dtzSKMctcCUHjkggkPUFjXXgaCf66,tron,USDT,issuer_freeze,,,2025-04-10
TURnMkqvPk8TDdUjNewY1YPZYudFNsWjT7,tron,USDT,issuer_freeze,,,2026-09-08
TURnqeYwbDcHrF3Te8UpTuS3LtqVCW3c1M,tron,USDT,issuer_freeze,,,2024-11-12
TUS2sLcHEAZwvNeFxJaV4LjYjVJyXgpboW,tron,USDT,issuer_freeze,,,2024-02-06
TUSAFvSVbKufuguRJfTRH86E8Ga6iPt8dL,tron,USDT,issuer_freeze,,,2025-05-15
TUSBcGHEweS9xgi3Zhgae3ADRHbcHevjgs,tron,USDT,issuer_freeze,,,2024-10-09
TUSZQccstS3bNKh1FHXXTVgUK1kyzpVWen,tron,USDT,issuer_freeze,,,2024-12-04
TUSoBMmWmUeCpd1pzYBJE2kspKjCcjxXVZ,tron,USDT,issuer_freeze,,,2025-07-12
TUT2mi11zNewe4VUDNDwyWmcj7CtYHcySx,tron,USDT,issuer_freeze,,,2024-07-23
TUT4U9aTxsMdAiiLNWHXMPHFmpD559nA9i,tron,USDT,issuer_freeze,,,2025-07-07
TUTEvgbS6YzouHnDcheehyvizasG7UqBCC,tron,USDT,issuer_freeze,,,2026-07-29
TUTGWBDwpEPjzu1sMbTTJsmzjjcED7jjnW,tron,USDT,issuer_freeze,,,2025-07-12
TUTMYMdnVD7h7XVksfB6jkgEejiHPZzuK4,tron,USDT,issuer_freeze,,,2025-03-26
TUTWa2xPkYnX99obLsCEsRRJQSHNVWT9v5,tron,USDT,issuer_freeze,,,2025-07-07
TUU3dPFxogXP7FaAXevbmfVPeW3XCnAkAN,tron,USDT,issuer_freeze,,,2025-04-25
TUU4SZDbJWZrQxHYSyfpY8xhGdCXgyCAoQ,tron,USDT,issuer_freeze,,,2024-07-30
TUUQNenwXB8GWeJWBciDM7uCN4G4SHyXpE,tron,USDT,issuer_freeze,,,2026-03-22
TUUdS6iBPrY1K3TzRu4jy6RNHzrQoYP1df,tron,USDT,issuer_freeze,,,2025-01-01
TUUrDujgzpg32ax6wQTwA7Camn3WqscBxx,tron,USDT,issuer_freeze,,,2025-05-09
TUUyGaMxMs6Upwt7M3FCzZxur5UvQwocw5,tron,USDT,issuer_freeze,,,2025-10-09
TUUytty3mzyX166A38CGpmYhyjkHJeG2gH,tron,USDT,issuer_freeze,,,2024-03-19
TUVNGw2z3Gt8SDNukoj8GqSStKrve5i3ts,tron,USDT,issuer_freeze,,,2026-09-11
TUVQRVbznjUoYGTjSmFH8ADmjqf7EvFPnb,tron,USDT,issuer_freeze,,,2026-03-19
TUVZ7ZUPxxSnMM1xM8CNbMKG3twEmRNxQm,tron,USDT,issuer_freeze,,,2026-09-13
TUVkHAveYyqwQsx8DF2VoNv96eemprQ2Fp,tron,USDT,issuer_freeze,,,2025-10-28
TUWJqNHmcg5LWvUhMU1ngQkJFzxHMn5vbX,tron,USDT,issuer_freeze,,,2025-02-22
TUWZNSYu4LU9yqY4oUUyNNGQum5BQtmiG5,tron,USDT,issuer_freeze,,,2024-08-04
TUWsTcENg7L8MjpDNYGHSUQDxmnSan1Q9y,tron,USDT,issuer_freeze,,,2022-10-06
TUX7uUFt4GmxJLqyfYgJftZELqGKb6yBHm,tron,USDT,issuer_freeze,,,2026-03-05
TUXM8TZFzmvSCSBK6uNwNAAsG7QdCMGKGW,tron,USDT,issuer_freeze,,,2024-05-01
TUXSrFVZxZ3wErUtPejHfHiD4zkzAJDGpg,tron,USDT,issuer_freeze,,,2026-03-03
TUXTafr9aYsp1Zy5HcEPcnLnehCxPdFJcK,tron,USDT,issuer_freeze,,,2025-09-05
TUXY1scZDeR18yRcY43ns1VNBpbakmxE1f,tron,USDT,issuer_freeze,,,2025-02-10
TUXoN3DRpZaowAQ19zCatNQ4ZAd5yCMDWG,tron,USDT,issuer_freeze,,,2024-07-17
TUXqqKakHsLaQtpEcTV5iaAK6sxxtsySSA,tron,USDT,issuer_freeze,,,2024-06-17
TUYKXDai9hduA2cpW8Qyr49apUNHFLmZfx,tron,USDT,issuer_freeze,,,2026-08-31
TUYn2vth9wuEN2mFrRs111J95dhXcoWTqC,tron,USDT,issuer_freeze,,,2025-07-12
TUYrEaqgsauYWTFEXvmjA9a2nUYF5jGemD,tron,USDT,issuer_freeze,,,2026-07-01
TUZAwsurwD48xnRrEWbWfiusVgoQRu3rRs,tron,USDT,issuer_freeze,,,2025-03-10
TUZU2mHKXHjLvevu5ye88YK64CZfZEsJA1,tron,USDT,issuer_freeze,,,2022-03-10
TUZiVwfj6XN3vbqsqahREdh1QV3A57hCCG,tron,USDT,issuer_freeze,,,2026-06-19
TUZu9BBf31zcRjJZvR1k1EsW7fomUjVZrB,tron,USDT,issuer_freeze,,,2025-05-26
TUa42ddw8nfHvfKUBbbvn7KQVXVZurp3pU,tron,USDT,issuer_freeze,,,2026-01-14
TUaM8i8wE426rJiPHgqmRmkRBDuTMQG1X6,tron,USDT,issuer_freeze,,,2025-07-12
TUaTRZYcvRnst46ufVr1TWGWg7mRR1hWQg,tron,USDT,issuer_freeze,,,2024-06-06
TUacM43Z8mqZAPczvEXvz7szTPYUa3piou,tron,USDT,issuer_freeze,,,2024-10-11
TUawPdDhN1GVK8okKamom7GXXmd5fo65W5,tron,USDT,issuer_freeze,,,2026-07-30
TUb6ffprTDkeEtxV5uACUcMHUtVUQ1uXLG,tron,USDT,issuer_freeze,,,2025-04-18
TUbePtxxgBfWMDn69Pg4LtjKzHi4ftSBJ1,tron,USDT,issuer_freeze,,,2025-01-10
TUbzmwUTBbVtJAjKfQnLxV97KyU6KqJhaK,tron,USDT,issuer_freeze,,,2025-03-25
TUc8xE7yndCPkWf6WeaHB141k29KmtvhtR,tron,USDT,issuer_freeze,,,2025-06-25
TUcUadrLf22ubb3kqb9XS4wTedjvHP44oT,tron,USDT,issuer_freeze,,,2025-07-12
TUcWfpjnAM75UtruBG19JPcjxf31NFy7FX,tron,USDT,issuer_freeze,,,2024-09-25
TUccqD4v5HtqzWdJDeLYumdAn9t3DNnThF,tron,USDT,issuer_freeze,,,2025-07-12
TUd21QnQ4W5NeBG8hsmJMs2soUD6GM6gqs,tron,USDT,issuer_freeze,,,2022-10-06
TUdgBiBihCbjVrUFP84hevnpy9vVs1i9t7,tron,USDT,issuer_freeze,,,2024-12-09
TUeFQ6k7kJm2Ufey7UR8jhvwVVaruV4AP3,tron,USDT,issuer_freeze,,,2026-08-25
TUeFRKHn9bW4YiFxd5JS85WD69pCgPxUBp,tron,USDT,issuer_freeze,,,2026-03-29
TUeM9QkHKTeTYZF4M8j6JsjV9HzrjWzqMC,tron,USDT,issuer_freeze,,,2025-12-04
TUeYBAJAruW2fnExkVazq1wfw2vkbfKZq4,tron,USDT,issuer_freeze,,,2025-07-12
TUeZcAbo6Z7r6FygFDosey2EyvsgrU7i2P,tron,USDT,issuer_freeze,,,2026-08-13
TUecd3RLbTQeBQS2KpNy11Mo6j5mrteMAo,tron,USDT,issuer_freeze,,,2025-08-08
TUehDnBTFXKYCAjHNBi9nVwU4K46dLoAUB,tron,USDT,issuer_freeze,,,2025-10-29
TUerT13LhGQdYT8588CWsoRXVZXaLppsbM,tron,USDT,issuer_freeze,,,2024-05-29
TUf5C3Nu7gdRRoEArG1DH1aPGdbP1VyWjR,tron,USDT,issuer_freeze,,,2024-07-23
TUfCTDzuhpmsP99enEG7Lfn3XzBv4BoZc1,tron,USDT,issuer_freeze,,,2024-12-02
TUfLQB2k5C9VngbdxbH9QAFNUQKXybYnTJ,tron,USDT,issuer_freeze,,,2026-05-14
TUfMPwc8F1yqMNsadyR2E9hXaStpd17BNy,tron,USDT,issuer_freeze,,,2026-03-11
TUfUCXJF8ZSqQzs7uBAg1UZCs2iYH93b3v,tron,USDT,issuer_freeze,,,2026-07-22
TUfZBJ8kEWcVUBqXHxiodj4MbEwhnCbUGH,tron,USDT,issuer_freeze,,,2025-07-12
TUfdD3fcW61LYbx4hAARstpUuxxtD8krVq,tron,USDT,issuer_freeze,,,2026-02-19
TUfdWB7sKgWBmtyJFErTXVd6GtofFXinYH,tron,USDT,issuer_freeze,,,2025-07-07
TUfhTscdgBk7JrQ1kfhJbFTribYpEuALvn,tron,USDT,issuer_freeze,,,2026-08-21
TUfiAdUqgr8tidATF3SKpMHhborh8kma3M,tron,USDT,issuer_freeze,,,2025-12-11
TUfnLtNy9BGKJJNqPufnjseHGYnEGbiT94,tron,USDT,issuer_freeze,,,2026-07-06
TUfpdmJbUfVbpAqvz8ARGBMHZDxh6k9sLG,tron,USDT,issuer_freeze,,,2026-03-16
TUg1Htws63dacAB7Gd7ivrLDGDuB7YHdYJ,tron,USDT,issuer_freeze,,,2025-07-07
TUg1Sramp3PJtHWbCZoUq5F7bZWjkhew9X,tron,USDT,issuer_freeze,,,2025-10-07
TUgCctcHW8zBFL89rHRzTEwMiprVxDBsLe,tron,USDT,issuer_freeze,,,2026-03-13
TUgDo7nGwMmHa2NLT3e6xoGbS7ZGqLZ53s,tron,USDT,issuer_freeze,,,2025-06-20
TUgSsAB3pDjofFgEQnthJnfao1KvZQUSq5,tron,USDT,issuer_freeze,,,2025-06-25
TUghLrUz9f4gb5tcqMUpipjf24dQDSE7aa,tron,USDT,issuer_freeze,,,2026-04-28
TUgnokA663MnD5XU7GKmLCCG4voLYU1TLQ,tron,USDT,issuer_freeze,,,2025-07-12
TUgqVr6nUoB7HaEd2BMbQFx8gkAbCFRXbF,tron,USDT,issuer_freeze,,,2024-04-22
TUgtryg9oWibuN4t6oHi5RQbyefHZErgdd,tron,USDT,issuer_freeze,,,2025-07-12
TUhFv4jAzvAzk1HCgD89yKtx2ZEDWDKPyu,tron,USDT,issuer_freeze,,,2025-02-11
TUhGY17Y7nTHfVWLxnyS7TUAu8CvbqMMD1,tron,USDT,issuer_freeze,,,2025-07-12
TUhfEWXtdHfLAsorbQ1eukdnYso54fEhg2,tron,USDT,issuer_freeze,,,2026-07-20
TUhfH6tACTwoeKEaUtg999DGpWiFPeAm98,tron,USDT,issuer_freeze,,,2025-11-14
TUhxNPqQiEhgarrZNmHGZndUXT7qitgUqJ,tron,USDT,issuer_freeze,,,2025-04-02
TUiAsakSm98PRqmknTUQzQ5bovUrYMdGJq,tron,USDT,issuer_freeze,,,2024-05-17
TUiBYrhwveXPJ8Lha8SHKBRniwK3j4p5fY,tron,USDT,issuer_freeze,,,2026-01-19
TUiQXb8ZM9w1BvL4efzpG2hf4jRehbcQa8,tron,USDT,issuer_freeze,,,2025-08-08
TUiV2AMjsLF4ffJ1dFs4xmi4qab7oxnrRd,tron,USDT,issuer_freeze,,,2024-06-07
TUikPkkvxXDQhUTB8U7ckGcmSZMjitWfZp,tron,USDT,issuer_freeze,,,2025-06-30
TUim42SZxKuVz8RATjtBU3NNaQ3TXFj1rR,tron,USDT,issuer_freeze,,,2024-10-07
TUjEwCoe9mFf2gqWwZmth9mXY4X2frT3fS,tron,USDT,issuer_freeze,,,2022-10-06
TUjemVPx16Ty6kUYMzKTBQo4zis7oYBcin,tron,USDT,issuer_freeze,,,2026-03-14
TUjjRF1fkPcdqWvFa8LTsZ5ALyjf1r6X2D,tron,USDT,issuer_freeze,,,2026-06-04
TUjmyUkkT8DRRkJhrqFjYnEeJip9u7WiNH,tron,USDT,issuer_freeze,,,2025-01-16
TUjsQip8dMEfBVBV2DNsBDxw4SuZGb1Rfg,tron,USDT,issuer_freeze,,,2025-11-14
TUkSySMJ5rhzTSSC5NKmAgSFWg48JDoi2M,tron,USDT,issuer_freeze,,,2025-05-16
TUm7J5E39E7wG8c8mRG33RTKdh2FcRAjn9,tron,USDT,issuer_freeze,,,2025-08-08
TUmAH9doPXPvTjoxys8nEMCYnCJuMcg8rf,tron,USDT,issuer_freeze,,,2025-02-19
TUmQBgZvBuqGGyRi5Cjqh8aMj1Xt8jrz9v,tron,USDT,issuer_freeze,,,2026-04-28
TUn49zNL8vZx6TXZQxawrrC4tL9ZhwrVXr,tron,USDT,issuer_freeze,,,2023-01-04
TUn8mBLDyzpLF5XLJcCAgJT2SWENQPZCcb,tron,USDT,issuer_freeze,,,2025-09-05
TUnBfYfZRyPqt5ZJQMpo9zUw5Ft1fiVF29,tron,USDT,issuer_freeze,,,2026-03-27
TUnKy5TDpVAoozSXQdPyVT4sWbXDM1o4DN,tron,USDT,issuer_freeze,,,2025-03-04
TUnSXPyFL7y74vLw2yJg6cfDwArp6qimBm,tron,USDT,issuer_freeze,,,2025-04-10
TUoLjKZi9zPP9qhWm3copiQ5JXMbqWcYvW,tron,USDT,issuer_freeze,,,2024-06-11
TUoZVJ2GnaUAdxrq9uXww2h2pb4eVAyWEF,tron,USDT,issuer_freeze,,,2026-06-09
TUoiSrZdTsDKmgU456UPsWrcPkJ5wRk5iG,tron,USDT,issuer_freeze,,,2025-06-25
TUov4MD3ioudrhTLUfaMzbpSa2UyBaWUmV,tron,USDT,issuer_freeze,,,2026-03-02
TUp8sXvTskUv3v8LkPvHjPzzExstSAeyKJ,tron,USDT,issuer_freeze,,,2024-12-05
TUpAbkfrzJuQ7MdfnT3ZsNHz4TCHrQKJGL,tron,USDT,issuer_freeze,,,2026-03-14
TUpNLtHxzMB1ufRVvLg92njmynvTHUUQv3,tron,USDT,issuer_freeze,,,2026-07-03
TUpSZN8vsFE9VPptjD2nfU6qZJiwUYpQGx,tron,USDT,issuer_freeze,,,2026-08-11
TUpYaDubGgDoY1n9oWc2dKpi8Q6b1os39u,tron,USDT,issuer_freeze,,,2026-05-06
TUpj2CQm4DJJmg4i3YbXkhkxiNjLaDkkMB,tron,USDT,issuer_freeze,,,2025-01-01
TUpko3nTpwDc7cWq6a5kqvuDQYS8sjHdD8,tron,USDT,issuer_freeze,,,2025-07-12
TUps1SnuWpWrybHqVvTSBG1cWiKVo97CnW,tron,USDT,issuer_freeze,,,2025-07-12
TUq2jE4wpHpP5iCkX2RoHFcsZA8ih9qcsG,tron,USDT,issuer_freeze,,,2026-05-23
TUq8LW5cqRxKfpn5H21hjPS3n2ZJTE1knA,tron,USDT,issuer_freeze,,,2025-12-17
TUqC5zXCisWsmQXryanKDk91wNTYPAFEdw,tron,USDT,issuer_freeze,,,2026-01-17
TUqLexENCKgrbScAAj4yrzPQhF1sb5Yt4g,tron,USDT,issuer_freeze,,,2023-03-16
TUqLjko8L29NiaZSdw1At1GhYrh715wJHt,tron,USDT,issuer_freeze,,,2026-04-07
TUqXd7TF9SSh1EmTFgqjCzGYre3GTAwCKi,tron,USDT,issuer_freeze,,,2022-10-06
TUqbJBjBiRxjR88NWB86Gbnqrk2UJXRGMB,tron,USDT,issuer_freeze,,,2025-07-12
TUqgkMsMZL2AbVA8NoNV7egj8QC7NRoM1y,tron,USDT,issuer_freeze,,,2026-05-05
TUqkGThU1wkNKPpCWtrYP6UV7KgDwjAQQz,tron,USDT,issuer_freeze,,,2025-03-21
TUqvARtDbc6bV9rZAkc9ryxgZcZKT4q3Wf,tron,USDT,issuer_freeze,,,2026-05-01
TUr5sCys8Q6FcHisKWzNdxurBXL69aJyUB,tron,USDT,issuer_freeze,,,2025-03-10
TUrnYdmKLS8hZna5EjskLRdirLo4HG1jAx,tron,USDT,issuer_freeze,,,2026-08-10
TUrpg6ejbik8z52kprK3sR3FbtJiFfedp6,tron,USDT,issuer_freeze,,,2025-11-14
TUrrWotgLSKfjskqyBqiVhjzwT4rGBsBGp,tron,USDT,issuer_freeze,,,2026-07-23
TUrxvdhKsmfLr8zTVo3unoKn96kPtsTXjL,tron,USDT,issuer_freeze,,,2025-09-16
TUrz7APrrUskyc512pmQ9PkVnkNdy1PWTM,tron,USDT,issuer_freeze,,,2025-05-23
TUs1KK8appZg1bEvouwXH2vHCaN5G3WiRf,tron,USDT,issuer_freeze,,,2025-01-08
TUs2ZFUXBriYScxwccNgUbnycuGSRYJW6N,tron,USDT,issuer_freeze,,,2026-07-01
TUsAfzhczteXKahbYAy3tEzCZpMdbPePwv,tron,USDT,issuer_freeze,,,2024-12-05
TUsG5mwEAJqS1ncYiAS1SUtXA8HwXfUxFs,tron,USDT,issuer_freeze,,,2025-07-12
TUsRqyT35rAPyQm3CdFNMqfextm3jiKQeV,tron,USDT,issuer_freeze,,,2025-12-24
TUsXPpG2QoyrpkQzMkbMEbcfttEga88juH,tron,USDT,issuer_freeze,,,2026-03-16
TUsYFADSbkJH8VqG4bcVNtat1w9Dr3UNwa,tron,USDT,issuer_freeze,,,2026-06-25
TUsZ5eetpokDW1GHWwE9ykNFR1tpXXENG8,tron,USDT,issuer_freeze,,,2022-12-17
TUsprGCoAUECkSVBm2kH3mfqvmVy2pvxUc,tron,USDT,issuer_freeze,,,2025-07-12
TUsqN5RCbEVpVX1mQ7ZjX6KmZmeorCk2HV,tron,USDT,issuer_freeze,,,2025-07-23
TUsu11dgqcHnmyCZvogy1z6SF8USJcNXef,tron,USDT,issuer_freeze,,,2026-03-22
TUtqL4d9Emhg7zMse5mKCMhZ2SKsJbKJaG,tron,USDT,issuer_freeze,,,2025-07-12
TUtuTW2a11KDnf1UZsJP5uaoT7FCm8bsDb,tron,USDT,issuer_freeze,,,2026-08-11
TUtynHJvCjzjSsnt7GptknWE73sAV3Aae7,tron,USDT,issuer_freeze,,,2025-09-09
TUtzh5ANNNaVbPwPvHFrpE9RVZVs7by2cS,tron,USDT,issuer_freeze,,,2024-10-01
TUuDhig9BNeji5XRCL8wpaqgvsESMmYHUb,tron,USDT,issuer_freeze,,,2025-07-12
TUuK7dzK5xzxMH8CtbpUxGtZ5YAc85uJ3Z,tron,USDT,issuer_freeze,,,2025-07-07
TUuPtPHeVr5eS8SqoPCKwmQoqjMBFPaPsr,tron,USDT,issuer_freeze,,,2026-01-31
TUuXEwME8dkWpH6qCAV8N4a1YU1s1CLDk2,tron,USDT,issuer_freeze,,,2024-08-05
TUud54RxViWi4LUf5pGKP3RVbXdmdGp2cC,tron,USDT,issuer_freeze,,,2024-11-08
TUuzALeArAkJPyLfZYD26v7mV3HS9hyWKh,tron,USDT,issuer_freeze,,,2024-11-06
TUv2hCmaERAe2xoMouLg2zNcNmEB762FqQ,tron,USDT,issuer_freeze,,,2022-07-31
TUvBPRWytwvUShKFodMAKpZzKdbxYMnHWG,tron,USDT,issuer_freeze,,,2026-06-12
TUvCdgnXdUmou7mCxsmZVWd3DYeGCG4cSg,tron,USDT,issuer_freeze,,,2026-08-14
TUvRgYTczesQQho4cL8myZm5qJ3PxwZwm2,tron,USDT,issuer_freeze,,,2023-11-18
TUvT4UKJ2Yv3yN361rucSExUNwC1Mx2JuH,tron,USDT,issuer_freeze,,,2025-07-12
TUvaiSXeLGSYgL8C23mNMBo2KeJy6wwb3x,tron,USDT,issuer_freeze,,,2026-03-06
TUvkMoQFJqAPPuKHmC1d4QFFU3gZoDkqJ8,tron,USDT,issuer_freeze,,,2025-07-08
TUvkMtvjYSxtvQ9Cf5zH6oKBg6XX5FBcog,tron,USDT,issuer_freeze,,,2025-07-12
TUvuJHaRPKzzf16uYXZUwE3uFwD8pEMnYF,tron,USDT,issuer_freeze,,,2025-04-28
TUw8Ym1HguUpzsY4fTfxANNR6x575TM86D,tron,USDT,issuer_freeze,,,2025-07-12
TUwHYGCNEpkt6Ne86xhhr1NaSqPdE1eWoc,tron,USDT,issuer_freeze,,,2025-08-08
TUwQeHgDNjMBDvTdwp5tNqPHrKe8S77tHE,tron,USDT,issuer_freeze,,,2026-07-30
TUwZmTxD5H3SK3yz6y2TCCnyHQnYZhS3gG,tron,USDT,issuer_freeze,,,2025-04-04
TUwte8DcT6ftTk5sLPL3dQBtYaUWi2EPtb,tron,USDT,issuer_freeze,,,2025-02-10
TUxA5qogA7GpWguab86w7XsAfugi4xVDCF,tron,USDT,issuer_freeze,,,2026-04-05
TUxTZVUtecXdJqDC697pkNubj2oPtsagNe,tron,USDT,issuer_freeze,,,2024-07-24
TUy4VvfewQkwfWdS6LgkivuvhfaqtrL524,tron,USDT,issuer_freeze,,,2022-10-06
TUyJbPfv8qMKnHzFvU6jn3P9LyjAK5QGZ5,tron,USDT,issuer_freeze,,,2026-07-01
TUymv8n7mLCpEPZg8DZS9J4jdHY1LsZgi5,tron,USDT,issuer_freeze,,,2024-08-05
TUyoGKeb2kGyGa9gD3LihJyjo6k72XjhF4,tron,USDT,issuer_freeze,,,2022-08-12
TUyurSPpNnD439ZgayDM4rM2pBPkKYA3Py,tron,USDT,issuer_freeze,,,2025-12-31
TUz9tKpUXT8oHm5qgbEZkho7GkaKSapH4G,tron,USDT,issuer_freeze,,,2024-12-05
TUzFEy4GgtZY4HzPiW71MFyneQRczAifND,tron,USDT,issuer_freeze,,,2024-12-04
TUzGvGVLA6XUsqvAw4EVxrQa9BQDKdLJe3,tron,USDT,issuer_freeze,,,2023-07-07
TUzKgY2t2XKXZRvm3FUg22Z85wnS6c7TJB,tron,USDT,issuer_freeze,,,2024-08-28
TUzQLMmGtKch83p4N42ioEMWSKdiXL1MvK,tron,USDT,issuer_freeze,,,2025-08-28
TUzbTRx4mw58BS6jwm9HoNjeQSBEDgUdRF,tron,USDT,issuer_freeze,,,2024-11-06
TV18r1YE9SMhk4Yj7rnkWHctPf6e9xGWVu,tron,USDT,issuer_freeze,,,2025-12-24
TV1CjEs6qkJfic4TVYMiigKarCNcWJCYdM,tron,USDT,issuer_freeze,,,2026-01-05
TV1ErMvnSFdGdhH6GNYZMj5trV5Z6QHBMJ,tron,USDT,issuer_freeze,,,2026-08-27
TV1G6ccvxDR9DMw3EjhahxHKmBi7pmykT1,tron,USDT,issuer_freeze,,,2025-02-10
TV1i88FZYfCK3q8mVQoYeNogYS3JCmWdQo,tron,USDT,issuer_freeze,,,2026-06-02
TV1mjGTNhtMtEzP1S2gsWN2QxP7apoSeQo,tron,USDT,issuer_freeze,,,2025-07-12
TV2Q4WmLkRrCtavHbrcBGiYSGpjs32B9i4,tron,USDT,issuer_freeze,,,2025-09-09
TV2kzqveo3BAPWiGCH7cmN23CYmzyuFWwE,tron,USDT,issuer_freeze,,,2025-07-12
TV34ZM3Qihgyf9isUnCm2ExiZ2GNekQu3A,tron,USDT,issuer_freeze,,,2025-03-10
TV3SHxadJBvxwj1GLzqnbmtiq2xXnfdWQ2,tron,USDT,issuer_freeze,,,2025-11-14
TV3rEyFbDb7PUKGSFAjJ1km4zV4Un9WaXs,tron,USDT,issuer_freeze,,,2026-03-29
TV4522meaQDMmkiVJ2v1gBzcoBMqM9UxdV,tron,USDT,issuer_freeze,,,2024-07-23
TV4gUmxsAc2xiaxx3Va3HMZvh73un13RFj,tron,USDT,issuer_freeze,,,2026-07-22
TV4rNUniR9xaaQKMsf4R8QvN2BrV2jBFv4,tron,USDT,issuer_freeze,,,2023-12-12
TV4u7AUdXAaEens8TkdRxCycGvsah74k6w,tron,USDT,issuer_freeze,,,2026-04-13
TV4wLiGiwndptRtmPtj3ChTmSiPUGYhrx5,tron,USDT,issuer_freeze,,,2025-07-15
TV561UAMNhSbVw13ftaEd5LBrvY3DznGhR,tron,USDT,issuer_freeze,,,2025-07-12
TV57VYq1GFXUkXeucvrQPravoTQGRHpfqm,tron,USDT,issuer_freeze,,,2025-07-12
TV5Btg8AUfyW1Wna5VtrE3cwxVsw7pKE16,tron,USDT,issuer_freeze,,,2024-03-01
TV5Njq3ZjThp94JbaRP5u2mjTiZvFuWzF6,tron,USDT,issuer_freeze,,,2026-04-20
TV5XCKZUU8aq6SDeKAgZB9EYPXDd5iCEPD,tron,USDT,issuer_freeze,,,2026-07-04
TV5ijddsv484WjirMFeKtD42MpZobSU5Em,tron,USDT,issuer_freeze,,,2026-07-08
TV5qpb9SqtEfLdGdPDLUETP6XJoACuCjYU,tron,USDT,issuer_freeze,,,2026-05-16
TV5wHPiGZyAkfwMzLvPoJgMpf9crxvCoLP,tron,USDT,issuer_freeze,,,2025-03-05
TV6BtCkH8szFVuBPSGyfVYWaBUp4w9F1AM,tron,USDT,issuer_freeze,,,2025-02-10
TV6J2yPXqA9oGHnnjkgZyUrX661gfmM8a9,tron,USDT,issuer_freeze,,,2026-09-13
TV6SjmmoGqTTTz95dtj7Jdys8f9xGFc9z7,tron,USDT,issuer_freeze,,,2025-09-11
TV6eAvpgz3WJSUU2FvvMs26fQ6QXVdEuvA,tron,USDT,issuer_freeze,,,2025-05-15
TV6nfu3sygdALHiTPBQnXFhmw6HZtAheEJ,tron,USDT,issuer_freeze,,,2025-11-05
TV6qVURJ4vTA6oiUNK3x6NHJs2V4xb9pC4,tron,USDT,issuer_freeze,,,2025-07-12
TV6qw7rXXBfosXXfsvKWHfpsT5sVgXuaGu,tron,USDT,issuer_freeze,,,2026-06-16
TV6yRHFYffm7VSySqhywWoqtDoJAt1txRL,tron,USDT,issuer_freeze,,,2026-09-11
TV7dwgsS8wenr98F2GPrP46WFkoMxTMvqi,tron,USDT,issuer_freeze,,,2025-07-12
TV7iJN7BVtzrPEK368hwuxD43aTWhHVtPy,tron,USDT,issuer_freeze,,,2025-11-14
TV7vGQij6P9SNUf4CxdPpo4ao5eke8UeLW,tron,USDT,issuer_freeze,,,2023-12-08
TV8FYoKXjMjygTaUdBMniLJj92afDMahkm,tron,USDT,issuer_freeze,,,2026-08-21
TV8WSVTseCTa6W5ewzvfxCZktjKsMSJEMS,tron,USDT,issuer_freeze,,,2026-04-25
TV8ZFwQJTEkFs8AxxLkkKUhEdoRaEw1qy2,tron,USDT,issuer_freeze,,,2024-12-05
TV8p1vAK56UvQENmDPdn1bjXJZNvVm8SRM,tron,USDT,issuer_freeze,,,2026-01-30
TV8w2Gg1cyMEyfz9gCbL7QANB35HXuaRf6,tron,USDT,issuer_freeze,,,2025-07-15
TV8yAcuVxBWMKVGTaL77CYcHXei4NJoPcF,tron,USDT,issuer_freeze,,,2025-03-27
TV97rwmQA9X2gMaho3VLKBboVtECagWwVy,tron,USDT,issuer_freeze,,,2026-03-14
TV9VvDJtqKYK9strwr8L2hf9xTzvssNLBA,tron,USDT,issuer_freeze,,,2024-03-20
TV9WQAuFndKuuhxubeaYWWzxQVygjgUR64,tron,USDT,issuer_freeze,,,2026-03-25
TV9afSqpGKLFvALt9id39UcwoLQskfhazR,tron,USDT,issuer_freeze,,,2026-05-14
TV9kaon1Sx9DKAQYTzqNZmRQKwiigUhaKo,tron,USDT,issuer_freeze,,,2026-05-14
TV9nXFdV2AGPg2FfqaHGEQiTBHXjCphzZw,tron,USDT,issuer_freeze,,,2025-03-06
TVAfvgRPh8FLVf321FLN56LifHNuiaGM7r,tron,USDT,issuer_freeze,,,2026-08-14
TVAgsikvxnwnGrC6j66sa6PcxPnHkUtX9A,tron,USDT,issuer_freeze,,,2026-03-09
TVAqhnLAnNmSpVNppF4y8HwMpWUhyZPBpc,tron,USDT,issuer_freeze,,,2025-07-12
TVBGc7kn1HV1MBARRjKgTjDP5trSXTXvaL,tron,USDT,issuer_freeze,,,2024-06-11
TVBKabpyPr2kDN3pDbnMXXeaszX9jiALbe,tron,USDT,issuer_freeze,,,2025-06-21
TVBQTKpp7RHwes3tofa2Qi8BFzXwk5TatJ,tron,USDT,issuer_freeze,,,2024-12-13
TVBThaLVh8ai8g4Vxd9SHGDJhwXPimJ186,tron,USDT,issuer_freeze,,,2026-08-21
TVBf9EG6zPnUar4ArkfvYi3oLiCGtztCBf,tron,USDT,issuer_freeze,,,2025-10-08
TVC6aKE4GP86dXzU7n6L7GuJ2HyVBXCiJN,tron,USDT,issuer_freeze,,,2026-03-10
TVCED72CttPfdqmbHRZXvZp1gqTqoHHZgR,tron,USDT,issuer_freeze,,,2026-07-22
TVCJWDoProZkP4qHRWezdzB82dRKphQqgg,tron,USDT,issuer_freeze,,,2025-07-07
TVCLRQzocZpANkoGPDUUvaGUzmo8uoFhSa,tron,USDT,issuer_freeze,,,2022-10-20
TVCVNxFchrEUPm5dPFt6ApRCHTMJBPWZpc,tron,USDT,issuer_freeze,,,2025-03-04
TVCeXa88QFDd5NBjfmtYmX6F6uLeESoi37,tron,USDT,issuer_freeze,,,2026-01-17
TVChyy9juDBuTvJQT4AyS2vfq5HrKBW789,tron,USDT,issuer_freeze,,,2026-04-20
TVCjgKMEtui6qGVsZNR96UQJ61J2WVPqm1,tron,USDT,issuer_freeze,,,2026-08-11
TVDmPv3cuMxrTZTAz8wDMxpGGNagHBPkFf,tron,USDT,issuer_freeze,,,2022-07-31
TVDwJiVNKGounA8RHjgeVJ7kPS6enBoaVn,tron,USDT,issuer_freeze,,,2025-05-26
TVDzpd2iLS4M3BuhSwxGpEgcVeFxgnMz9o,tron,USDT,issuer_freeze,,,2026-07-01
TVE2XCeDRqbLQQQhbcp6g6vit52zLgYzzT,tron,USDT,issuer_freeze,,,2020-06-26
TVE5nQvrk8xXJZmyULtA6r8LS62mPNnrmP,tron,USDT,issuer_freeze,,,2025-07-12
TVEDkbhuQgjNtiybHd139QEp4aitPGWpoh,tron,USDT,issuer_freeze,,,2025-04-01
TVEJg2g52NQRqjvX5o8wRCR6YjTS2BhXGx,tron,USDT,issuer_freeze,,,2025-06-20
TVENQQdYsNXS2rZZSo2J7mcepncr9cRTWz,tron,USDT,issuer_freeze,,,2026-01-31
TVEgCSh2MU3FtebDHdJrA5AmYjm15sxxXx,tron,USDT,issuer_freeze,,,2026-06-28
TVEpf4mDSYF9E2YoKj4QZCfkBLmq3x9cWA,tron,USDT,issuer_freeze,,,2025-07-12
TVEwzpTHN36X9JXajtvhaCdQDqy7P8EmFR,tron,USDT,issuer_freeze,,,2025-12-11
TVFJzT6vxNeBanw7hgqBB22XvrV4Y3KwJR,tron,USDT,issuer_freeze,,,2026-02-10
TVFNMGLdsCCiQiSyb4Sxj1MYbn5adndRGo,tron,USDT,issuer_freeze,,,2026-07-31
TVFhKSygmJA1Qu7hrC4eavg8Esp9AoH2pu,tron,USDT,issuer_freeze,,,2024-04-09
TVFyqFYwm9rprLadkLTpukeKimLx2Mnj9d,tron,USDT,issuer_freeze,,,2026-02-23
TVGAj8xEZsAmKtRcaEyVWzrNkGPXySN7bj,tron,USDT,issuer_freeze,,,2025-09-08
TVGHGQ1aHXwScd9GG2yAZeWT6yRhZKA9e5,tron,USDT,issuer_freeze,,,2025-07-07
TVGQveUc5DATErxBcqinFEjhUXwm9NPQyP,tron,USDT,issuer_freeze,,,2026-02-12
TVGTkW3NPvr62NizeY6bh2jnM5RCQWSqyD,tron,USDT,issuer_freeze,,,2025-10-02
TVGgdGSWmNUxCaf8eWydbbt3rZZHvUTmfn,tron,USDT,issuer_freeze,,,2026-09-11
TVGwiYpyybLk8jMiANCq77Z3WTtwkKYr4D,tron,USDT,issuer_freeze,,,2025-04-04
TVHBRTVau7HPcApkDWKQawi418cg5xDjEE,tron,USDT,issuer_freeze,,,2025-02-10
TVHTsW6ggmczGmLF5GaC9zzS4pWEsYLcDQ,tron,USDT,issuer_freeze,,,2026-03-05
TVHwgcMRDiuz8Z3pCopsdxG7HYFLivWefv,tron,USDT,issuer_freeze,,,2026-04-01
TVJ7aQKb7uuZ9JVqmmhoypX8aR6QA68YvA,tron,USDT,issuer_freeze,,,2026-03-26
TVJVCEn67YNUvrrwfNPJK93fFgmPavYsCt,tron,USDT,issuer_freeze,,,2025-01-23
TVJmSuobTr1mWUfvyhC4ZWJbyeN3P1T7vy,tron,USDT,issuer_freeze,,,2025-07-07
TVK7ExASLdong6ryuUgYuJ1w2ws6UnvXdn,tron,USDT,issuer_freeze,,,2022-10-06
TVKJkPCyZrA4gT3zSJNsMzXEvr82CKQzdN,tron,USDT,issuer_freeze,,,2025-01-23
TVKc9JKuX64qB3JYBeNJZ9tgPVkdchcctW,tron,USDT,issuer_freeze,,,2025-03-04
TVKt441m9eRPfBJbUqwcWQdMgXLN4EJ5zi,tron,USDT,issuer_freeze,,,2026-03-14
TVLTrVTsm7SQ5jCzi4vXxAq7WDfqRGEirN,tron,USDT,issuer_freeze,,,2025-05-02
TVLdAgSgzqVdpNgC6nCXCcPL4mNRb7DWub,tron,USDT,issuer_freeze,,,2022-10-06
TVLhbxjbh97NN8JQWeVUfA3Sm3LKLTMHty,tron,USDT,issuer_freeze,,,2025-01-10
TVLhdYzv4CWUWTe66wRNSVUxQGEZ1dGo1C,tron,USDT,issuer_freeze,,,2024-11-11
TVLmup4KzavA95Loywn5eh7pGLFuatqi3b,tron,USDT,issuer_freeze,,,2025-07-12
TVLnWSsRW8v3LyYTfmDgFwdmQW6Qar1PTb,tron,USDT,issuer_freeze,,,2025-07-12
TVLogyayEQ6xdQUmPTjq6itEPmUWKQZkbG,tron,USDT,issuer_freeze,,,2025-07-12
TVMFKzJeuHHSs4GZP8raC1ztDa49Gxnddk,tron,USDT,issuer_freeze,,,2024-03-19
TVMHUTtJ8ArQB6uZwAYnqdeJrfFDzNyU8j,tron,USDT,issuer_freeze,,,2025-08-08
TVMWH9m9AYRyZsZ8H7MWRHJJvxrwLRQc38,tron,USDT,issuer_freeze,,,2025-07-12
TVMaJYXjRNwNZoNeBEGkomtA8qmZyfL1fq,tron,USDT,issuer_freeze,,,2026-06-17
TVMuDvPtM5tLfiyXmAEHwMMXBDnLWbRLRb,tron,USDT,issuer_freeze,,,2025-07-12
TVMuoo8quQ7LDBzWJM4MCP6FrCyco5v1HH,tron,USDT,issuer_freeze,,,2026-03-03
TVNA6qgM7kWS68sEKrtUaRb2LDoykCV74T,tron,USDT,issuer_freeze,,,2025-07-12
TVNB1ZnWJQd7XP6L1VXGURUiXfyc6Bd8xk,tron,USDT,issuer_freeze,,,2025-07-07
TVNW7stNLWzkErYZ1RRgQoMSBw5LWV6ops,tron,USDT,issuer_freeze,,,2026-03-06
TVNreaC2JxXV3x2wM8ovYxbQYuMtVXzwrP,tron,USDT,issuer_freeze,,,2026-08-21
TVNtWkXyCcXoBTdjFDwSLxjtFwwjRVQ7wn,tron,USDT,issuer_freeze,,,2026-08-07
TVP2aQmTdEC3p5pKssVHhjkx66DUGPUuDG,tron,USDT,issuer_freeze,,,2024-04-12
TVP8p1EgXoJSBsjghGzG7axQAbkgATs9Ej,tron,USDT,issuer_freeze,,,2026-05-07
TVPBJRoP5hfLiNm9JWMqfsrU8obd17QGJ6,tron,USDT,issuer_freeze,,,2024-10-01
TVPKnuLLo2C9ay1MewQ5Kps5NeJ5ytT8MW,tron,USDT,issuer_freeze,,,2024-12-19
TVPPcD8P8QWK5eix6B6r5nVNaUFUHfUohe,tron,USDT,issuer_freeze,,,2024-04-23
TVPeBUN5NxvonP2kEfsnL5rP7BEArJxYXn,tron,USDT,issuer_freeze,,,2025-07-11
TVPgPXoHJ76weKu4tzP4Fvpb14QJSxhqoi,tron,USDT,issuer_freeze,,,2026-03-19
TVPnwjRpChRSwGw4uAGegv7Zio4VUityMy,tron,USDT,issuer_freeze,,,2026-07-23
TVQ2nkws72cViR9ajXnX2wjzwW2vHSEKAK,tron,USDT,issuer_freeze,,,2025-12-10
TVQ35KfftfrzoiVyo8BSkyv8MhVxEUgxHk,tron,USDT,issuer_freeze,,,2025-07-07
TVQ7fcGnFcpqMkiAK9we51NfEUjqeYFWcA,tron,USDT,issuer_freeze,,,2025-08-25
TVQ7qzD8xEnCTrKUGFCw72dBbtiGm6ULp2,tron,USDT,issuer_freeze,,,2026-03-06
TVQAvLzQWc41DR25rGtbdw8mdnbYSBEtFm,tron,USDT,issuer_freeze,,,2026-05-22
TVQNzvWDiJbbt2nknvQe9baLV2xuZ7vwga,tron,USDT,issuer_freeze,,,2025-07-12
TVQhRCUaeVHmNrkSi9D16ic1M9MrHTF3XA,tron,USDT,issuer_freeze,,,2022-10-06
TVQvE9eGgetr5wxz8Ur5L4pikmLgBRKsU4,tron,USDT,issuer_freeze,,,2024-12-05
TVR28b62BK656d7xzsHYAKDbfZtDGTvVPW,tron,USDT,issuer_freeze,,,2025-06-26
TVR986ssHQUeU4Dv5YDhJoNMFPDYHGbjNT,tron,USDT,issuer_freeze,,,2025-10-09
TVRJHNQBr4jnYxfzL61VoneDDWm3rYffQJ,tron,USDT,issuer_freeze,,,2025-07-12
TVRfxYVNz2xacXp7gfi4QuTYexYSCbZTHG,tron,USDT,issuer_freeze,,,2024-08-07
TVRhk9KucAAR7xFVjggHHkAV3bV8deJZM7,tron,USDT,issuer_freeze,,,2026-07-08
TVRqSnfUWNyPgp8SajNqzXxruZA8xQepAS,tron,USDT,issuer_freeze,,,2023-03-16
TVSKojMp5sqWgUGcYsgQVWhaGxZszqfeK4,tron,USDT,issuer_freeze,,,2025-07-12
TVSeztQABmeSHU5CgPD5Am83cX7qAbjTe1,tron,USDT,issuer_freeze,,,2026-06-16
TVSiEQHdwj1gDLCGmfRFqwv2KmpMAsaswG,tron,USDT,issuer_freeze,,,2025-07-12
TVTj3NgqV485FaMp69PjsBwTSk3iwFRzeH,tron,USDT,issuer_freeze,,,2025-05-26
TVU4JyweSvsS428UpVrKjdXuxxVxkCYc22,tron,USDT,issuer_freeze,,,2026-04-23
TVUGsZkexauaj7NU8uUhZEVoJyMfuNWHbg,tron,USDT,issuer_freeze,,,2024-10-18
TVUPXGjpa2mPC5VMHK6asPyfEL6s49fM3s,tron,USDT,issuer_freeze,,,2025-07-12
TVURv7qCFiF9YhS72x8kwcxtU5yeqESHqU,tron,USDT,issuer_freeze,,,2025-07-12
TVUTFuUGEDp8mFaZeYFmgaGY5oUhTxpCpJ,tron,USDT,issuer_freeze,,,2025-04-15
TVUWRJmoFk37BCyWKHGwoFqBLmm6NnViCz,tron,USDT,issuer_freeze,,,2026-09-01
TVUWqJ3by3EigB1W86m7eh2tVvwkcBKXNA,tron,USDT,issuer_freeze,,,2025-05-26
TVUyBHv4SS4fZUDvQy89rLjM55iRALrYuU,tron,USDT,issuer_freeze,,,2025-04-17
TVVD92LWaRdEVQM4dBVDbkDMZNpeyByXjN,tron,USDT,issuer_freeze,,,2025-07-07
TVVJZLR4RAY6Rv2cdacSnD2UVxnR8QnnQW,tron,USDT,issuer_freeze,,,2025-06-15
TVVLMYEopjW3UcYou5gvXVpbAvhA1Udp64,tron,USDT,issuer_freeze,,,2022-10-06
TVW15nNgZqd25WLDG4Sh3MYjp3E3cr6QER,tron,USDT,issuer_freeze,,,2024-10-07
TVW5mgYAAQy7NQucRjhH2WET2JQcLqSZEL,tron,USDT,issuer_freeze,,,2024-02-15
TVWDrBKJ2eJPjYgS6Wvj72r3aoF4NrUygY,tron,USDT,issuer_freeze,,,2026-02-10
TVWHdLRLTMrMEvbXFk9E3JGHY4HSThYiDY,tron,USDT,issuer_freeze,,,2026-05-04
TVWRL9AY81gDdChuYiCfiNm5U39DNTyQwG,tron,USDT,issuer_freeze,,,2025-03-22
TVWbvfv2BxhLz2dbMZ397SVMaic4TWme7d,tron,USDT,issuer_freeze,,,2025-07-12
TVWfSrV6BcWs7d4ETeSHSuaqMwM56sN4NX,tron,USDT,issuer_freeze,,,2024-12-24
TVWiHEBhunFr8LGD8hGkfoSFGMXVFS7JcW,tron,USDT,issuer_freeze,,,2026-03-26
TVWkyc3RhHq9fW44eBKBdUgtR8NaXGXaGn,tron,USDT,issuer_freeze,,,2025-06-20
TVWrBrmfHyMPGbCMHHyGx1m4R6eQ2iyeRU,tron,USDT,issuer_freeze,,,2026-02-23
TVX3xkvyQ2Hnz4PpNeLqpntmHCjBjXLy7A,tron,USDT,issuer_freeze,,,2025-09-10
TVX4kFdMotmxbdLvHwC7qtDRzpXJEdT6cu,tron,USDT,issuer_freeze,,,2026-08-11
TVX8i8LsCkM1VpiEnt2FqN3LuQ2ssjwoHJ,tron,USDT,issuer_freeze,,,2024-10-07
TVXUN9E7rwFrqk18UiymeeMPizTemKd9eb,tron,USDT,issuer_freeze,,,2026-05-29
TVXXfH6VnXLwxiv2ccgZH5Cb3nsorQLaox,tron,USDT,issuer_freeze,,,2025-02-21
TVXs4N7ngVx9868mhgiki6j2FREGKCWgbU,tron,USDT,issuer_freeze,,,2026-08-27
TVYBNpMohCpcLyLzJRZCQCSGG8URrfSafd,tron,USDT,issuer_freeze,,,2025-07-12
TVYeyabaTw15kj4iNhqcAwAZN6qCrn6SUh,tron,USDT,issuer_freeze,,,2026-02-10
TVYvJJ4MwSPfWBRjVcz8nkUzDMyiZpxYZE,tron,USDT,issuer_freeze,,,2024-06-18
TVZ9JmPYwg9DVHCy7GhLAxRsU15Z65vuwx,tron,USDT,issuer_freeze,,,2025-01-29
TVZEz2fMKEsE2GxcLCj8fL3RUxYCHvuA18,tron,USDT,issuer_freeze,,,2025-07-12
TVZRw2WWQfnhr3VzUVXtH9obhyYqRc3rcq,tron,USDT,issuer_freeze,,,2025-10-28
TVZcF1NriUFuosdcqC9cenbho23971e6qy,tron,USDT,issuer_freeze,,,2026-04-22
TVZfcEamk121h8BjKAMAke41LYzfYuGtxK,tron,USDT,issuer_freeze,,,2026-04-21
TVZoMBbWeMhvLXECwkX6Xa5PXcyrRjjTvy,tron,USDT,issuer_freeze,,,2024-09-07
TVa1p4aTVoHuF4EDGthn57FbKNbu4DRJkQ,tron,USDT,issuer_freeze,,,2026-06-08
TVaHjN7mNE9C4f1rsZk65gTABeMBLCAX81,tron,USDT,issuer_freeze,,,2025-09-24
TVaLe59MsHMW1co7KBswRQYrdZCXEL53Zk,tron,USDT,issuer_freeze,,,2026-04-29
TVai2aQdyJPaarQTMU9F9Zq4Eth2Un5ziL,tron,USDT,issuer_freeze,,,2025-03-10
TVak8YhqCcur9w3bJgyW6Suohqp6b4aawx,tron,USDT,issuer_freeze,,,2024-02-14
TVauoN4mDufoydpGR2S93MY5sHcZxyHpCe,tron,USDT,issuer_freeze,,,2026-04-14
TVb58inroehH6xnnd7ByryxejR67uh9xWw,tron,USDT,issuer_freeze,,,2025-09-09
TVb72ux5YzEqzDADSBVf6277HofxgHFwVr,tron,USDT,issuer_freeze,,,2025-05-28
TVb78qM8xTVpmxei3shZ8unRd3Q63wMJxP,tron,USDT,issuer_freeze,,,2026-08-04
TVbiH1HRBXPTvo2nbt3YLnN6rxUXybUif1,tron,USDT,issuer_freeze,,,2025-07-12
TVbpP17qymseHn9NWMkZycsuC5rLpbkrvT,tron,USDT,issuer_freeze,,,2026-01-31
TVcKPmYaDFJAJiLDuLCaYtiuJqUuz2dKjR,tron,USDT,issuer_freeze,,,2022-12-08
TVcNC5bKREVeHQmLPggrxBtoeLMujS4LPn,tron,USDT,issuer_freeze,,,2026-05-22
TVccQAKLyRQVQuKYcF5Sz81XDXpSjzbthy,tron,USDT,issuer_freeze,,,2025-07-12
TVd9GhBawj4F9eA1dhiM4JFPKYVW9mef5z,tron,USDT,issuer_freeze,,,2024-05-10
TVdABneRQcL7ptMSu5txRZgoEmCJoCribz,tron,USDT,issuer_freeze,,,2025-07-12
TVdBWz1Y4MMcRT4vyYWqFHxFDV8kLmFMKN,tron,USDT,issuer_freeze,,,2025-08-08
TVdMkC8FNPTSdjuvopygA3JhfoLYKdG8A3,tron,USDT,issuer_freeze,,,2025-02-19
TVdZNAnrZdbJD3RxWhqcbp3JrWDVkkbHiy,tron,USDT,issuer_freeze,,,2025-07-12
TVdfVka6UVZa3eahCVSFD7YcNY9RPoxtQ8,tron,USDT,issuer_freeze,,,2025-01-16
TVeNeyWXL8nyxLPMTCqSQcDRYikUXZXqbF,tron,USDT,issuer_freeze,,,2026-05-23
TVeYepX13tcsox1ACiowbSEe4FWAV16w4T,tron,USDT,issuer_freeze,,,2025-07-14
TVeaQv5LvMjzpDwoGDgaxGgaThACiJxJuC,tron,USDT,issuer_freeze,,,2026-08-04
TVee5pYVn3tM6WjUfRPieyKJgfAZYVSWJu,tron,USDT,issuer_freeze,,,2024-06-07
TVf4JcMgrAg5Zq7FZFgy85rWKium2N57Ei,tron,USDT,issuer_freeze,,,2025-06-20
TVf55uhHKkheP2JLVKTNP9PydLMjx16AzY,tron,USDT,issuer_freeze,,,2025-04-24
TVf7djmbgeEDtS6dzzaBoLdVFs3MJpiic2,tron,USDT,issuer_freeze,,,2026-04-07
TVfA8wz2quUvRvhqs8VtnCeMyV2VzFAW9R,tron,USDT,issuer_freeze,,,2026-03-17
TVfJHu5UXQzFzarfDAwZsoobw4nS3nU16X,tron,USDT,issuer_freeze,,,2026-03-25
TVffjKn7grjvcjsoF8tdZ5cePHVms86Vfm,tron,USDT,issuer_freeze,,,2024-06-21
TVfipAVhtofwo1qN7xor3tb8yJyCUcM26x,tron,USDT,issuer_freeze,,,2026-03-14
TVfkbrcf3FQ7hxgZMMnwJtwxaZc5P9a3pP,tron,USDT,issuer_freeze,,,2023-10-02
TVgPRsZKcQixDazqJUxmJW7vMJkQ5Ha3uL,tron,USDT,issuer_freeze,,,2026-07-31
TVgURoc2bgg7Zbdi7otYPkxLHetKeQ5fXR,tron,USDT,issuer_freeze,,,2024-03-24
TVgYtvMt8BSxwowfPFDmTjYt95rC4bbWQU,tron,USDT,issuer_freeze,,,2026-03-20
TVgmLnekExPiQgkJK6JGAQ8YxUSDPR5MJj,tron,USDT,issuer_freeze,,,2022-11-13
TVgqBr6LMxKh44KnAfCvqLaRSRQgX8NYiy,tron,USDT,issuer_freeze,,,2025-12-01
TVguJPJ59HBNMLk5zmJ3TR7yHPqLLdQrzt,tron,USDT,issuer_freeze,,,2025-07-12
TVhL5iNoMfSQhaFdhi4y25kFvsCqf6HDwG,tron,USDT,issuer_freeze,,,2025-12-17
TVhXRw3Ss5cKChY5Rb3tNy46pEXy4eLE6y,tron,USDT,issuer_freeze,,,2025-02-10
TVhXkGn2QdMGQajzwYNpaWqk7V4fmQYdwU,tron,USDT,issuer_freeze,,,2025-06-24
TVhbXJaADiovk3uWpTpdVKBRhdxmnKLdj2,tron,USDT,issuer_freeze,,,2024-12-12
TVheQWuK4eBchjhVZk6PFk6L7kWQZgeVd2,tron,USDT,issuer_freeze,,,2026-05-03
TVhwY9oHEhg2SLGqghda8xhm6qG3iAVmEf,tron,USDT,issuer_freeze,,,2025-01-24
TVi4quD2eGpiG6b2GuYbBrwETSsX19gFx4,tron,USDT,issuer_freeze,,,2026-05-11
TVjFPD3AyY24JYwTknatL7LxsT7WEGfWmq,tron,USDT,issuer_freeze,,,2025-05-26
TVjMYMJxXf3aiDAyytkhJH3qcGovVQhTkc,tron,USDT,issuer_freeze,,,2025-09-09
TVjf6U4FexBj8m17Bze1sp6DWWYcE4csET,tron,USDT,issuer_freeze,,,2026-03-24
TVjwYsFb7mLiXZiwEeSoxawFoBX4LcXv9Z,tron,USDT,issuer_freeze,,,2025-09-09
TVk3Sp9w4zSmUWrNtroNt1Z5WerxMnXq5m,tron,USDT,issuer_freeze,,,2024-02-25
TVkLru7Yf6vajsU8aZLmHJQC7sGrjqNEss,tron,USDT,issuer_freeze,,,2026-04-19
TVkSGYP6MtGb8vLuatkMkbJn2eXY2K7Vx2,tron,USDT,issuer_freeze,,,2025-12-11
TVm5jThcE2oXjV4aiUaPzumZf3XGqy5nnN,tron,USDT,issuer_freeze,,,2026-03-03
TVmBFcdTAfTR47xcsmRqKi1QSyQRiLcKjQ,tron,USDT,issuer_freeze,,,2024-09-24
TVmYFoST9AGCoxryWJCfMSa6wB2fzkqm2d,tron,USDT,issuer_freeze,,,2025-06-15
TVmcR8EsEfw61cNdcizPNq3ioft3xMa91K,tron,USDT,issuer_freeze,,,2025-04-30
TVmoWJo4ehKJ8NmxUZVyfoFz31TNcTtqmT,tron,USDT,issuer_freeze,,,2024-12-09
TVn5AtBbskwDJ6rRXYQN6NS2z8GkKxPTDA,tron,USDT,issuer_freeze,,,2023-10-02
TVn8VtbduDSGoKxh86t6L3gMk9kdFn2sSJ,tron,USDT,issuer_freeze,,,2024-11-21
TVnLbTBVBfNNoPHFyb281m6ybYQtfdGVDn,tron,USDT,issuer_freeze,,,2026-03-09
TVnd3r7YQPAHXoDB7bDaQV1yViaAiwRyzC,tron,USDT,issuer_freeze,,,2025-05-26
TVnfHGQbwp1tHywEuFcF9ktAdbbRUt6y48,tron,USDT,issuer_freeze,,,2025-09-15
TVnv3fLCD2MTfiFpYZaHGAh2GnqGTbrsY8,tron,USDT,issuer_freeze,,,2026-03-19
TVnyAt5FNSQBQ4qwXswSbfHBtc6p3UBdRN,tron,USDT,issuer_freeze,,,2026-03-17
TVoBLBYMGQKXyzbUVtpdfByXNzEW4P3F2N,tron,USDT,issuer_freeze,,,2024-04-01
TVp7a1r4FGNgWE2ViskhcfVYxbyZRvpvmv,tron,USDT,issuer_freeze,,,2025-03-11
TVpidjv1BP56sSTedYeC7oEQWosdGRT4qv,tron,USDT,issuer_freeze,,,2026-09-02
TVpogNCjPwSeBFtZaoK1oiFG1gPtQtfQ6q,tron,USDT,issuer_freeze,,,2026-03-25
TVq6zPHV5d9rVAu3mAFQvPW8X7Y3uLiVWH,tron,USDT,issuer_freeze,,,2026-07-01
TVqMh3CUz7WcNycAn6pWk368vPZEYkBmKj,tron,USDT,issuer_freeze,,,2026-03-10
TVqUD5KuxJaqBeSUBBgkuhTcsNSoutGrzu,tron,USDT,issuer_freeze,,,2025-12-05
TVqwQ5rYybxq7aBUdAaWD1HzajwtCKwdiy,tron,USDT,issuer_freeze,,,2026-07-03
TVqyd6pcpZe6U1uGZVcX9g3SAKxE1eAMhk,tron,USDT,issuer_freeze,,,2026-03-02
TVr45KjfhnEkQNa2wX9nBk8YDuoNFxu3bu,tron,USDT,issuer_freeze,,,2026-06-30
TVr4NetFoKjs4GHtLj1HUcHMGfawommuFq,tron,USDT,issuer_freeze,,,2025-07-25
TVr5ZXJ2KSRPHzFfXL6teqhXP5YcDN5rVQ,tron,USDT,issuer_freeze,,,2026-08-19
TVrGjqRJ9VZFEkDLzyw9q5Lr6L71fNswTA,tron,USDT,issuer_freeze,,,2026-07-01
TVrLcDDxoXx4rLXtTJf7KeEUMETYp28HCZ,tron,USDT,issuer_freeze,,,2024-11-13
TVrcgdxsBkoPphgZm6SqRKPPw1X59BA554,tron,USDT,issuer_freeze,,,2025-05-23
TVrh5iPR2x7arPDySwcXBHFrT5bwkuRFht,tron,USDT,issuer_freeze,,,2022-10-06
TVrrFFa22GLrfR5q1mKFF3X1XkWi85M8ZS,tron,USDT,issuer_freeze,,,2025-09-11
TVruvyqnZYQHAqkctXZCq9StYw8uUkruKR,tron,USDT,issuer_freeze,,,2023-06-26
TVrxXvMehX5rkFYYZ2gj3E1RLVMNst8TQH,tron,USDT,issuer_freeze,,,2025-06-15
TVs4c3ZB6U24Z5TJ22wjLSsEhKwoY9WYUF,tron,USDT,issuer_freeze,,,2025-05-26
TVsC1SSk4AiTawhTMjLZLjHWMvMVkctG3o,tron,USDT,issuer_freeze,,,2024-12-20
TVscguaQsVtzfFWN4uTETUHeBhidu2BN9f,tron,USDT,issuer_freeze,,,2025-07-12
TVt7yQrPbjtZH5bsY2moiwpuNPhtDK5Kb6,tron,USDT,issuer_freeze,,,2026-01-15
TVtAw5qF1BFfJYmNu5cG5A2rYcdxKuL5Ga,tron,USDT,issuer_freeze,,,2024-06-18
TVtB1DKjoaW2VuC949XeQqmxgg9jVtznfy,tron,USDT,issuer_freeze,,,2025-04-25
TVtFDLArJMDMuq3THfk4faMEdkdYSA7zsx,tron,USDT,issuer_freeze,,,2025-07-12
TVtGGnTMK3rGQUgRG6XRVebuK9HWiAbmoN,tron,USDT,issuer_freeze,,,2025-11-14
TVtV77rVB15jGGVe585q2d2hYssfpwN2KD,tron,USDT,issuer_freeze,,,2026-02-26
TVtdh7UMhZQMsZ3ZAArPh2PNJP2BWsV9oQ,tron,USDT,issuer_freeze,,,2025-07-12
TVtjadWzAgBiDHr3RTVF4tjKJeKoHD4Wnd,tron,USDT,issuer_freeze,,,2025-07-12
TVu25wmbrFaWpfYmsqxx5gpzQLFgequoaq,tron,USDT,issuer_freeze,,,2025-03-05
TVuBNDM5xZsnht8VJt3mNyTfWZcWxQARz9,tron,USDT,issuer_freeze,,,2025-02-22
TVuLHmEm6MPRL31Cp2FbBfkV8FU4SdfPmf,tron,USDT,issuer_freeze,,,2025-07-07
TVumv6FZJqxsvsykjyJs1BWhLWbqwDXRDh,tron,USDT,issuer_freeze,,,2026-05-04
TVv6UJngp4Dexz1CPD3pkADS96S4NY4NiS,tron,USDT,issuer_freeze,,,2025-08-11
TVvFmyMPVcGajoC8uYbSe1QHT5qRBPVH5F,tron,USDT,issuer_freeze,,,2025-07-12
TVvJExLwhXCYg24Am6dji11ezbjfr3u3kE,tron,USDT,issuer_freeze,,,2026-05-11
TVvMH1eH3qksBDTjzz1DpEfQvHDGNA4bE2,tron,USDT,issuer_freeze,,,2022-10-06
TVvyweNcPxqfNPkPYCeSwgyzdeocPBdDyP,tron,USDT,issuer_freeze,,,2026-04-06
TVw9potQzEcvHViPjJe6Tg8uHzgYWRumnm,tron,USDT,issuer_freeze,,,2026-01-17
TVwGWWtUjGWQTN4Drb4qS9ydcEv9FS59Zo,tron,USDT,issuer_freeze,,,2022-10-06
TVwJuPSUiwqGwtMxQnnmhbLqUJGhZvHeRr,tron,USDT,issuer_freeze,,,2024-12-23
TVwMvw8nZ8TABeFDeCFY4UQ3sujDG4iMfw,tron,USDT,issuer_freeze,,,2025-07-07
TVwaGw4fVbJQqj1usH8o2Znx8jcD9mqo7Q,tron,USDT,issuer_freeze,,,2025-11-05
TVwdt3srnsJPqy5NsA1AHz9eHVStWYPtq1,tron,USDT,issuer_freeze,,,2023-03-16
TVwxtr5EXJ3MuyTHJZpMy4Bg8QErL2SQfM,tron,USDT,issuer_freeze,,,2024-10-12
TVxhmVB2BLti28j3PqhdSbcThz6DAoy1om,tron,USDT,issuer_freeze,,,2024-02-25
TVxoL32Jt1327neFDMSDo6mEeUo6zNJ21R,tron,USDT,issuer_freeze,,,2025-05-26
TVy8M91CptNkAQQJC87Vxbskc2W9w1gd2E,tron,USDT,issuer_freeze,,,2026-09-11
TVyENJr9iRdV4sqrbquoXX5StjYvXYhK9t,tron,USDT,issuer_freeze,,,2025-06-13
TVyFcu1REwjgXYjKK8miP9mqcaFzDWVhUG,tron,USDT,issuer_freeze,,,2025-07-12
TVyWjNpa4pGcpBP9QoaT1yNwBmDT9kxuqt,tron,USDT,issuer_freeze,,,2024-12-05
TVyWu1HnjzymHZp8i13eb5DEn57VQWF13z,tron,USDT,issuer_freeze,,,2025-07-12
TVyiEVdjy2cheWLzztHtHtb3E11b34K6tA,tron,USDT,issuer_freeze,,,2025-04-02
TVymoBKEN3QbvuC6biPPrL12xRpg73LtkM,tron,USDT,issuer_freeze,,,2024-08-22
TVzJ5zzFKs9DrPxW51HVY8cWRYudeTQjBi,tron,USDT,issuer_freeze,,,2026-07-01
TVzJGVGXCvvz9JEXtMudttJAKE4ZPefk5h,tron,USDT,issuer_freeze,,,2025-04-25
TVzKkrjXZZGV5TDD8WUwLkk2wE8oV37YqN,tron,USDT,issuer_freeze,,,2025-04-17
TVzVoVGfdxPAmKXnKEgoXLV4tFPgyd9V7Y,tron,USDT,issuer_freeze,,,2025-07-12
TW18LWQPoAddph7xW7hmbJMhE1S23rLLhv,tron,USDT,issuer_freeze,,,2024-09-16
TW1Yh4T1rbDgWHebT6CkzL8hBjf777Fbec,tron,USDT,issuer_freeze,,,2024-08-15
TW1sqqq7UphAqGNHDXSLXsEainYHJuQeyC,tron,USDT,issuer_freeze,,,2020-11-06
TW1z1YaxAqqJvGpZcs8EJKWcdv8dF7qbsb,tron,USDT,issuer_freeze,,,2025-08-29
TW26CEoTynew6aRmSGXuUvNkJ47oowsb7w,tron,USDT,issuer_freeze,,,2026-07-27
TW29FF7rZ7fFTWVLmUKACwPo22mz4ySk4o,tron,USDT,issuer_freeze,,,2025-02-21
TW2Wpkuw167yiuLuhtBg2JV3nmtteh4Sx1,tron,USDT,issuer_freeze,,,2026-05-12
TW2vddK2sUq6SZPuK1kJsTSRNXHWvGg4Kc,tron,USDT,issuer_freeze,,,2025-03-17
TW33VGJQ5oBzM8naM5dLgePHALnDtMZHf9,tron,USDT,issuer_freeze,,,2026-07-10
TW3E43Px7MuLgsg7UteqHbmPWQ4aQrcv5r,tron,USDT,issuer_freeze,,,2026-03-20
TW3Hvs7oGkxLkhanUP26UoiwSCZjwi24zr,tron,USDT,issuer_freeze,,,2025-03-24
TW3PLuvVDcGu4XyHdi52KYnF8wwVPt8Yh2,tron,USDT,issuer_freeze,,,2026-03-10
TW3SfiSfotK3AD1ERv5HPBJbvoLLp2xTS3,tron,USDT,issuer_freeze,,,2026-07-20
TW3cS9REP3ZQSu9k59xQTEU7nGS5x8ZE1u,tron,USDT,issuer_freeze,,,2025-04-23
TW3oZDfMJZwaZ67PPxFzxE4mF9oedYVPDz,tron,USDT,issuer_freeze,,,2026-01-28
TW3qHXxs8HBBmmVqB6bTHBnLb3WFHWGtGZ,tron,USDT,issuer_freeze,,,2026-06-27
TW3w74L6v9JgYCGsQEEqRJVW3G9h9MmFNV,tron,USDT,issuer_freeze,,,2024-11-19
TW44Y1TUa4nzQrkmbM7BtGVkr1vJ1ofj53,tron,USDT,issuer_freeze,,,2025-11-18
TW45mzDRyprw4k87uPvi55BbGkcevcrhHi,tron,USDT,issuer_freeze,,,2024-06-24
TW4B5wNQF6Bnmn94J9Lqzhkt6bp7pZco5v,tron,USDT,issuer_freeze,,,2026-06-18
TW4SbqcsRFjZsxK7dcjHh9MbDj9TMps1tX,tron,USDT,issuer_freeze,,,2025-07-12
TW51AaNXMP8LZpGXAwAV6qW9oykNJycT6U,tron,USDT,issuer_freeze,,,2024-12-05
TW5Ndn5kRMgMXypZ2SooHrq6gH7Nm3cbYL,tron,USDT,issuer_freeze,,,2024-09-23
TW5hBbqAsyvvLEgXeUiC77UP3pWzrRMQ1H,tron,USDT,issuer_freeze,,,2026-07-01
TW5jCfLFxCFtxefWeghQgtnp4XBqfD8ANi,tron,USDT,issuer_freeze,,,2025-07-12
TW6GxetALyEYCNR6hXbg9G9UYytPkCN7sS,tron,USDT,issuer_freeze,,,2022-10-06
TW6VYLMCAxfkArWF5PQpKYqhVKYztwCf4X,tron,USDT,issuer_freeze,,,2026-06-04
TW6c23THVNUhTxHRw3WM3RnTnnhdWfujD4,tron,USDT,issuer_freeze,,,2026-05-06
TW6swH66FMUMgjxHHSUUy1qDKrXZxprAKV,tron,USDT,issuer_freeze,,,2024-04-09
TW6uGfXnmnX1wiYwMJTNvsqfK2133rGaH7,tron,USDT,issuer_freeze,,,2024-08-09
TW71zAxPBGCQkNnbwBF3Xs7QK8Rs3Tp4od,tron,USDT,issuer_freeze,,,2026-02-24
TW7duNgi4j3zGJViEPgqUjJMHX7n3VMqLo,tron,USDT,issuer_freeze,,,2024-02-25
TW7dwRhvXJv5HSpoyXhrT4ppiLWgcxTEir,tron,USDT,issuer_freeze,,,2025-10-10
TW7hVpNihm9Cyrfqyx3HoruuAb5LyXfJx1,tron,USDT,issuer_freeze,,,2026-01-27
TW7qWg7ENk9oRTw8fXCZpbkAei1w7FSaLb,tron,USDT,issuer_freeze,,,2025-03-05
TW843RtQY2FXP8H6ZTSb38Qqbo8Hqhq7X3,tron,USDT,issuer_freeze,,,2025-04-28
TW8LM64ANs8r67wim9JffGAS9UBcPgxnft,tron,USDT,issuer_freeze,,,2026-01-26
TW8fUNPCaT8jway5D7hcsW51J8ZEPJvmzt,tron,USDT,issuer_freeze,,,2026-06-04
TW9E1xU3A9aRnKrRHU5zgxH3YDmmC6SBce,tron,USDT,issuer_freeze,,,2025-07-12
TW9MFs2faU8uu6qQcrCJUEajnmLyRyMSgE,tron,USDT,issuer_freeze,,,2026-01-10
TW9ZtN9ZJPTbS9wY9yDeuPHBpDfn3WAJVQ,tron,USDT,issuer_freeze,,,2025-12-05
TW9gMxKpboTMobVFXwQzNyBahNVJ9xc78z,tron,USDT,issuer_freeze,,,2025-04-04
TWAEme7hoPT1apFYUM265dWbXuehD3W6di,tron,USDT,issuer_freeze,,,2025-03-27
TWAk252zbgFjTw3pxzeS1ksVyeonDJgHi2,tron,USDT,issuer_freeze,,,2025-07-12
TWAxjerFqh2HLHNR1C6i7xho492CDBbkcW,tron,USDT,issuer_freeze,,,2026-07-31
TWB5pVteZ5ce2pNG6iX2yaBs3rinXYa437,tron,USDT,issuer_freeze,,,2025-06-25
TWBVTvMzAYZLGFpqwfiAVSwkwWqY5msVeX,tron,USDT,issuer_freeze,,,2026-02-17
TWBh58ZaopBAAizcTm7oGE6vQsKGGknoj6,tron,USDT,issuer_freeze,,,2024-08-15
TWBrhdHaFUqkS46xa3xgH6HF1GvFN8DWUK,tron,USDT,issuer_freeze,,,2025-05-16
TWBsudRJP6KhgRCZ8c1xD4Qps3zPZ5ZJ5p,tron,USDT,issuer_freeze,,,2026-08-07
TWBtAxWscqhpRgjXDVfDVLaqWSGJE2Fq34,tron,USDT,issuer_freeze,,,2026-04-05
TWBvzFf586marsZA37ASZZNBsuhJTbj1xd,tron,USDT,issuer_freeze,,,2025-05-26
TWByMRhM3wHmTWhivCQJyP8URfcxEmmeY5,tron,USDT,issuer_freeze,,,2026-02-26
TWC7YLcFECK6ie3jzePWEDeHh5NTFpoZRc,tron,USDT,issuer_freeze,,,2025-07-12
TWCNK5jUaj5PyxDkTYAqGjApod9cLkhKLk,tron,USDT,issuer_freeze,,,2026-05-05
TWCrrTfh3pbt99JWkiTyJqs7GUX7BdZHUt,tron,USDT,issuer_freeze,,,2022-10-06
TWCw4AEu1zHyJyGRkiLVfwx1wiQe2HpqZM,tron,USDT,issuer_freeze,,,2025-07-12
TWCzVGEWCr5H1oAXxMfwsurBKH1jPWDcW2,tron,USDT,issuer_freeze,,,2026-03-05
TWDE5QRjnjyjjVhc4MmRa8e8iWeZasuKrU,tron,USDT,issuer_freeze,,,2025-09-09
TWDdjB8RSpyds7mBpx3qzdk2QsWG9rNpHP,tron,USDT,issuer_freeze,,,2026-03-02
TWDwwWitHBjcc9gy8eSTQZiDU9WmjajuY1,tron,USDT,issuer_freeze,,,2025-09-30
TWE3K4dctpkdQgXG5VRHU4ND1ssh3HCCFg,tron,USDT,issuer_freeze,,,2025-04-17
TWECgPbrZ4Dtr9gH1TVgQ3HGLhiqGiW29J,tron,USDT,issuer_freeze,,,2024-11-20
TWEDqJKjUphyaFfdfwXMuuchBmyBHBynVJ,tron,USDT,issuer_freeze,,,2026-07-22
TWEJ4cmULeLZnqpoVHtCXUE7tXAE8MDbTs,tron,USDT,issuer_freeze,,,2023-01-20
TWEjUss3wxryBu1E6pbhDhHwdZPzBJkeNB,tron,USDT,issuer_freeze,,,2025-04-18
TWEjjATeWRCAoagHDEkBf2jD8q8NZjgzqD,tron,USDT,issuer_freeze,,,2025-11-14
TWEkvYfLeMRP48ipeWhNhhohKGA8etatBc,tron,USDT,issuer_freeze,,,2026-05-11
TWEsBJkQhmDcFmuHKJkamphB5fsnGgN56e,tron,USDT,issuer_freeze,,,2026-02-10
TWFEnHt4xxp1cBtWGUdjHKMewtaLi9tdc1,tron,USDT,issuer_freeze,,,2025-04-04
TWFPmXmF4j4TVxkq75zcY8bHFt3aLvuSXm,tron,USDT,issuer_freeze,,,2025-12-04
TWFzvJtMK47rbJSfXFDf2QEGRs99BE1gWy,tron,USDT,issuer_freeze,,,2026-04-24
TWGCbtDPV3gUHfEe88NyJACsxDbLzdNQw8,tron,USDT,issuer_freeze,,,2026-01-31
TWGCtirDx8LJYpUnBM13hPcUPAoQqyTdTm,tron,USDT,issuer_freeze,,,2026-05-05
TWGMqvapDfoNnZW2vFcpw3KgbtQkYyNnkw,tron,USDT,issuer_freeze,,,2025-07-12
TWGcGiuk3ehdu1V6UfY7AkA6RezTEDNbab,tron,USDT,issuer_freeze,,,2025-08-08
TWGpSCmX73hs81wnEYVvUbbwTWytEihnVQ,tron,USDT,issuer_freeze,,,2025-07-19
TWGwJmYhNUbmoATQJU3QDLAR7EbYoxLbg1,tron,USDT,issuer_freeze,,,2025-05-30
TWH5Qes9X1A6X95hS8dRXDdRarHx36SYiT,tron,USDT,issuer_freeze,,,2024-12-05
TWHf6FtQMW672s33fFRbUDjqJtNriQXJ1m,tron,USDT,issuer_freeze,,,2026-05-14
TWHn23z2TubzpJ1SEwMacirnibkq8mpy7U,tron,USDT,issuer_freeze,,,2026-05-19
TWHrY1DTPe4psDS34jj4B18kCjR7E8RKiL,tron,USDT,issuer_freeze,,,2026-05-28
TWJS5dPRPFLjZj19MD7NtBPp3SUV2AfEGg,tron,USDT,issuer_freeze,,,2026-03-09
TWKEQmoFcwYJA5HKgGW5ACBH5r6KcvJ7pn,tron,USDT,issuer_freeze,,,2026-08-25
TWKe2kUdWjdFE3dz8EfdQCcvzQEFWkwA9H,tron,USDT,issuer_freeze,,,2024-12-09
TWKf4rWCuZzZiCxeGT2aQdq1CS2YH4sGC4,tron,USDT,issuer_freeze,,,2025-10-30
TWKg6trFaovLmwMa2Ze1ei1nqAgwo9J6ND,tron,USDT,issuer_freeze,,,2024-10-07
TWKrPpGcaoEsEZ94hGsStihHBScbKhoTnE,tron,USDT,issuer_freeze,,,2025-12-17
TWLDGZeS8vk9m9XN7GDYxwA85nMWD5RPaB,tron,USDT,issuer_freeze,,,2025-08-05
TWLFfArqs7CeMPvN3HyKKVPZYZvWV53Tik,tron,USDT,issuer_freeze,,,2025-11-23
TWLjbrknVTzgE8hkGSVcr4BCKxf7qMSDtp,tron,USDT,issuer_freeze,,,2025-11-13
TWLreYU4L2YU3Eb7yATi58u6g1stvUSb2S,tron,USDT,issuer_freeze,,,2026-05-25
TWLrkFJZgeT4tGH8kSBoKjEgZzS5VMCSCF,tron,USDT,issuer_freeze,,,2026-01-28
TWMJjVMgFfM1qNDqwgHHT8g4pjvEy6RRTC,tron,USDT,issuer_freeze,,,2025-07-12
TWMj7u96iekuohUrvsJyZ65uQtZuon3hky,tron,USDT,issuer_freeze,,,2025-07-12
TWMtzmziTmonxDdpqecr3eDMzKiy4HjmAC,tron,USDT,issuer_freeze,,,2025-05-26
TWMv2fzK9ebHM4rHvtwPRnYPrQy4Uxx7MT,tron,USDT,issuer_freeze,,,2025-07-12
TWNRdM92QwtoPB6qCCmEZoexn9XbvFehYu,tron,USDT,issuer_freeze,,,2025-04-17
TWNc64Q8CGyZJRGFLvfWf2Y8VkxnkXraXc,tron,USDT,issuer_freeze,,,2026-09-13
TWP5K1asYhYPRPDH1VWXTmoWxLpHEwQbWJ,tron,USDT,issuer_freeze,,,2022-10-06
TWPJGsdjmCrKb4cVZWcZm2jJVS4ZPv4fKc,tron,USDT,issuer_freeze,,,2025-01-08
TWPSFybmuKHNvA9GtzTrBauTjFWLD257TW,tron,USDT,issuer_freeze,,,2026-04-15
TWPSqpqHewAbwpWY6sMSA1T6pctevdksWt,tron,USDT,issuer_freeze,,,2024-08-04
TWPZJdExF6bWoSp4gS2VS6PCebnApxkxQa,tron,USDT,issuer_freeze,,,2026-09-01
TWQJNYaZevXWyS3rVcf37mK3atvCQiNont,tron,USDT,issuer_freeze,,,2025-07-12
TWQYSY47NuLmCopGL1nPLw8MdAVMNMZE8E,tron,USDT,issuer_freeze,,,2026-08-25
TWQsuKMdyLd8vcMqWg3L2nbnuZeHuSkQbq,tron,USDT,issuer_freeze,,,2026-03-16
TWRW5cosrZKYSowpSqRUvwTwneRV3t5qkY,tron,USDT,issuer_freeze,,,2026-01-31
TWRdXHhdPix9xF8rrQ1fBcQojTVWtLWaKr,tron,USDT,issuer_freeze,,,2024-12-03
TWS3DoEAjQhRgm237mzkfwxDeyyMcFjaEM,tron,USDT,issuer_freeze,,,2025-07-12
TWSE5xwih1bizZxJWvx1UvAgoYraSVhsBn,tron,USDT,issuer_freeze,,,2025-04-14
TWSWbeUQXGb9dPSAXsinKNxvX8fr7qPGoH,tron,USDT,issuer_freeze,,,2023-06-26
TWSuK6c6h9NrnXZEHLrnu8DHaDv1kNFgf6,tron,USDT,issuer_freeze,,,2020-09-21
TWSwcBYWKU7qzACHLNm1XjXW1prWrLajBV,tron,USDT,issuer_freeze,,,2025-10-02
TWTDaYnLCh2DYwPopMEq7Mr1S57MkhV239,tron,USDT,issuer_freeze,,,2025-12-24
TWTEzNb5kUhQzDVFwzZ3MyfEPYgBDBkzVm,tron,USDT,issuer_freeze,,,2025-11-14
TWTLxn8GTc1zrx74pLMKS7dMgvbDKwFhmV,tron,USDT,issuer_freeze,,,2025-07-12
TWTPkvnVSaYXWydSuK74m4kmAK5JK53YwF,tron,USDT,issuer_freeze,,,2024-12-04
TWTd6LFcsRF3ChaiavgDbyaQU4soRjYu3G,tron,USDT,issuer_freeze,,,2026-06-22
TWTk1iXCrqfSRi3YJMT5fh5jnNkQ87uBVq,tron,USDT,issuer_freeze,,,2026-04-21
TWUBWxxmBvA6ayTA3kErJTMbmc7XYYAaAS,tron,USDT,issuer_freeze,,,2026-05-12
TWUByS6iU2e9i8vXdw3Vny6gU7H8iATPmo,tron,USDT,issuer_freeze,,,2026-06-18
TWUc1kuwK9LDDFRt48oLm7cqR31HdRYWxE,tron,USDT,issuer_freeze,,,2023-02-14
TWUrgar2oHhNZPmcboo3Fk5CndAbp62yyw,tron,USDT,issuer_freeze,,,2025-04-28
TWUsSHYkXvgwoEwsVbwXPeF2XDcAqXMrjk,tron,USDT,issuer_freeze,,,2025-05-08
TWUvZRnPniJ7wcBduncQADDH4dxRotZBH4,tron,USDT,issuer_freeze,,,2025-02-10
TWUwyogFUNrcKtvGtcqTjS1kHapfQycAkA,tron,USDT,issuer_freeze,,,2025-07-12
TWV7BDzyy5DxKyK4QNjL1Now3wo5B6chMF,tron,USDT,issuer_freeze,,,2025-05-26
TWVeXyxTHGzEJwvrMPAxscbZDQg7kU24xY,tron,USDT,issuer_freeze,,,2025-08-08
TWVezXGcybbatGwerTk4GAhCmSyRcNwMjo,tron,USDT,issuer_freeze,,,2026-02-26
TWWdAbpHgXS7NJntuwY446GPd2MS8PMKgF,tron,USDT,issuer_freeze,,,2025-05-28
TWWn7Vy5ZYEyco676grir3h61qLsW9H6Xx,tron,USDT,issuer_freeze,,,2025-03-04
TWWsE1PHkDj4rf3kkN4uSvTaKKwKcEiQDk,tron,USDT,issuer_freeze,,,2025-10-01
TWX1MNNbEfkKUUV3e4U9cXXFxQir9baG7J,tron,USDT,issuer_freeze,,,2026-06-16
TWXECzMHRJY4C6UxPZCGYgbNoRrA3HwYuC,tron,USDT,issuer_freeze,,,2025-07-12
TWXYWuhDMohyugNXVEdRUG3WQUyS7ck4g8,tron,USDT,issuer_freeze,,,2024-07-06
TWY1sM1JadwjFx5vBY35S75EKRUgDCTWzk,tron,USDT,issuer_freeze,,,2025-03-20
TWYAnhJPB1GS2UBUH6J5sHxvKbbcSsRng6,tron,USDT,issuer_freeze,,,2025-11-22
TWYCvyCmhikaVpKx6Zf3nGWUjYbVhSGQK5,tron,USDT,issuer_freeze,,,2024-04-09
TWYXdwtTCZQsG5JSvz8xHiyozz5vF4uLMX,tron,USDT,issuer_freeze,,,2026-09-02
TWYetUxsp3oDh6Z6df5uJ27t6r99TwjuLF,tron,USDT,issuer_freeze,,,2025-07-12
TWYfw6a4iQuyGbA9P7cu79ESmkas4Ms7xx,tron,USDT,issuer_freeze,,,2026-03-02
TWYrbaasLizta3nSBV3t3MU5LFZ6dhQBBr,tron,USDT,issuer_freeze,,,2024-03-15
TWYxXmJXzKmYkCKTT6DsYUXuFsWvNcQdie,tron,USDT,issuer_freeze,,,2024-08-23
TWZ5fhmREyszAwyfFESHcBanMwY42LEiuP,tron,USDT,issuer_freeze,,,2025-02-19
TWZXbHk2w2m9scLDuJFp7Tap9dggeW6vf8,tron,USDT,issuer_freeze,,,2024-11-12
TWZZEGnzjjqjrAqZXMjHbzQJhVjgW1WyyG,tron,USDT,issuer_freeze,,,2025-07-12
TWZzSfisHn3KvJ5FPPbjXrLbsHoNSHiUZc,tron,USDT,issuer_freeze,,,2026-02-26
TWa98y3ErP7cVqPHaPU1R9GA66HAdAFdAD,tron,USDT,issuer_freeze,,,2025-03-22
TWaAR1HhgMQ8iEv2914aj3fpVdcj716tej,tron,USDT,issuer_freeze,,,2024-12-09
TWaUuki8B8aTfP4y6d2ziCWmHuDn7tMhsE,tron,USDT,issuer_freeze,,,2024-12-10
TWauiowViykvpFfAwYdvtL1AG4t4Qcybbg,tron,USDT,issuer_freeze,,,2025-07-12
TWazV6mGjdTjHe5UxTRx5HPq9UbBiixMEi,tron,USDT,issuer_freeze,,,2024-12-18
TWb2u2yn9mSTJZVZtwtZBsNNFmPCfip6Uf,tron,USDT,issuer_freeze,,,2025-07-12
TWb3Wh4a7dWUwk2VRd3AfdRcAHhXC2MyWa,tron,USDT,issuer_freeze,,,2025-09-24
TWbdnrx5RG6uCzFmr8ktL8gCKqTcXNb4ad,tron,USDT,issuer_freeze,,,2024-12-04
TWbqbXnpMdoa2papVE1yssyikgRN2yxuom,tron,USDT,issuer_freeze,,,2025-07-12
TWbuCvgtTYxHkmgnwNbYHQDsKSuE81G8xy,tron,USDT,issuer_freeze,,,2026-07-13
TWcDY5rfuci54gDA59udyJp6HxUSc9aXPP,tron,USDT,issuer_freeze,,,2025-07-12
TWcKTJYYhcDetiDjAgkvU8Zh9PgoCPziWX,tron,USDT,issuer_freeze,,,2024-10-14
TWcPctFz4dpXoZVAR67xs7gHLkLhoqapKw,tron,USDT,issuer_freeze,,,2025-07-07
TWcX7MmYyQZ7Lns4kqZuxb93pXW2hh86y3,tron,USDT,issuer_freeze,,,2025-06-15
TWcfimQJFtMDUP8mEVqD98Cd4Ck7PieCYr,tron,USDT,issuer_freeze,,,2025-09-09
TWciGJtv8ZcPJvZp7xvrMeC7NFH3gCjyrv,tron,USDT,issuer_freeze,,,2024-08-07
TWcjxw1r9Rj4N4eaJD7z4vbaSTsTxpuEmv,tron,USDT,issuer_freeze,,,2025-02-11
TWdGDJMN9GpHTBfd9LqP42m12XZwh5UXx1,tron,USDT,issuer_freeze,,,2024-05-01
TWddxSQfx8h9ptPf4qYqBfseLmetsvcDm1,tron,USDT,issuer_freeze,,,2025-01-27
TWdgoB93rpHxggLYWZSZmABQEDwV5mghzs,tron,USDT,issuer_freeze,,,2025-07-12
TWdiepQCmKxPw7cMkSo1ZoB1nKcEjNJ9pR,tron,USDT,issuer_freeze,,,2026-05-15
TWe5vyuhhs5A6x1nLn8qQQ5hFt8mBunZtQ,tron,USDT,issuer_freeze,,,2026-02-10
TWeDSfWWmKtiym6S5yG6tYGhiaDZaJJbkv,tron,USDT,issuer_freeze,,,2025-02-10
TWeGyfk55C5KDejCWcRJxasXbQ3RRDZoqy,tron,USDT,issuer_freeze,,,2025-06-25
TWePsoZmrH6S9C6BEMjaKbFb1ihtbpNQ6h,tron,USDT,issuer_freeze,,,2026-04-30
TWeYsEBwUeQFyuMxsVN7SJwUpNseHaT1Tv,tron,USDT,issuer_freeze,,,2026-08-20
TWegEUTbxQo8kzNEVjKYKZdeiSGiXRMpuo,tron,USDT,issuer_freeze,,,2025-06-21
TWfLdvL3396NS7scE6N4isQvCdJJQWioio,tron,USDT,issuer_freeze,,,2026-07-14
TWfMnUzMb9Xd7PmptLm3rBgFWhd8nfm3rY,tron,USDT,issuer_freeze,,,2026-02-19
TWfTTKLzPntVfmRinN8w2aSyW6VxJ49k6y,tron,USDT,issuer_freeze,,,2026-06-01
TWfZJ9U97mL5tT6dJN4nCoVarNFNXQVY3L,tron,USDT,issuer_freeze,,,2026-05-07
TWfdLqYFVqJZnXWaW6Dg8yiqdsFEFc3FcL,tron,USDT,issuer_freeze,,,2024-10-07
TWfxJJG8NpsDNSfP5AXmCNtRaqNF5JpHMb,tron,USDT,issuer_freeze,,,2025-10-28
TWgE5QAQzGDVP3dsd9riiAbQk3hTGAjHkg,tron,USDT,issuer_freeze,,,2024-04-12
TWgiRWuVbeXuqyxPKXPJc456MyCBBdyPB5,tron,USDT,issuer_freeze,,,2025-06-06
TWgycW3qh1eMfjZ4tYNgrDdAVu9pwMSXwP,tron,USDT,issuer_freeze,,,2026-09-13
TWgzbUbt8g4ZnFHh7mjnuR4d8f5HzSdDUF,tron,USDT,issuer_freeze,,,2025-11-04
TWhXVizev9gLGNb6ak8yUfB8LWZwWNA246,tron,USDT,issuer_freeze,,,2025-05-28
TWheqCRa8frQdumy4ZDL4Mj9FQPQso2hSy,tron,USDT,issuer_freeze,,,2024-10-02
TWhqbd689F9obEv7oB7nayyskitRRnJ95p,tron,USDT,issuer_freeze,,,2025-05-12
TWhtHAY1tabpMfHFChFG5cHgBXLZ1P4r8J,tron,USDT,issuer_freeze,,,2025-07-12
TWhvCEX2pTSxxj8C9frMDu2qnUduUS2Vhd,tron,USDT,issuer_freeze,,,2025-11-20
TWhzU3mWzyWugzTLvV5XkesiPfk61ekEZh,tron,USDT,issuer_freeze,,,2025-07-12
TWi3J6bfHYsJg2cq7n49UeKofuZcsKnfVE,tron,USDT,issuer_freeze,,,2025-07-12
TWiA4r5PCQ4waCv6bmnrN5LM1QXScagwHX,tron,USDT,issuer_freeze,,,2026-09-13
TWiJr7kcmyQA8HJcBmK9weFcf5q9JVWZW1,tron,USDT,issuer_freeze,,,2022-10-06
TWiKc262hnr5yVf8UpWhBkb7JNwns6rZxU,tron,USDT,issuer_freeze,,,2025-07-12
TWiRft6bBPzUVftsXNAmc2HB4tF3gTThZr,tron,USDT,issuer_freeze,,,2026-06-04
TWiTvKJDJRTjpsXvtLkcHUtjcnaKXHSQxF,tron,USDT,issuer_freeze,,,2025-01-23
TWipdttJ65KP3Tx3TUV996QFdb7v1ndLTL,tron,USDT,issuer_freeze,,,2026-07-01
TWjCPqnKeMzGg9EKLtBNsvcTAJXzU2cjHZ,tron,USDT,issuer_freeze,,,2024-10-29
TWjFCHfFREe9sYbGGbShTp7cPyHjgsuYAF,tron,USDT,issuer_freeze,,,2023-10-02
TWjGTSP87xH7kgHaX6MMd5zdu2bU888888,tron,USDT,issuer_freeze,,,2025-09-15
TWjqW79SiDFtZDYHwLarubL96EvV8HGwHz,tron,USDT,issuer_freeze,,,2025-03-04
TWjwhCTVYj4NUSveVJ7TTR9hAyQvpPFrhU,tron,USDT,issuer_freeze,,,2025-06-20
TWjy6otPNookHKMQWrP8oBgVse1jXRqK9B,tron,USDT,issuer_freeze,,,2026-07-16
TWkn7v6fcsvFBem1bAkgHxXa7NHt4KizPn,tron,USDT,issuer_freeze,,,2026-09-01
TWksKLQK9CTPjRKzKDbLFLYyZyFmGJw8R6,tron,USDT,issuer_freeze,,,2025-12-19
TWmFzAzpMCdK4Jo4yWoyeteWYZwpmXoVWL,tron,USDT,issuer_freeze,,,2024-09-22
TWmPW7yTL8E17oViereYPtBTo3XXnxaFbg,tron,USDT,issuer_freeze,,,2026-09-13
TWmtquoM7BcXgQfNLYWZfsJaKL6YGmRzxj,tron,USDT,issuer_freeze,,,2025-10-28
TWmuMWUsn6GDdb4cyzA74JaNHFUZEHTsqq,tron,USDT,issuer_freeze,,,2025-05-16
TWnapq9xVKGmgbi3KqehGG33BMdZc8FovN,tron,USDT,issuer_freeze,,,2024-11-08
TWo3YRpyoxS6bszfrizwxTZgzeR2YWJ4z3,tron,USDT,issuer_freeze,,,2026-09-02
TWoYMVhY7pmUbTJGL5t9bikAL72o6UeAhU,tron,USDT,issuer_freeze,,,2024-04-15
TWox3ZM3Hi8p4EL4Luce7hreCxeaaTV8Q5,tron,USDT,issuer_freeze,,,2025-07-12
TWp599hyzg9dCw6hQETm13iUQvk5KxpX9H,tron,USDT,issuer_freeze,,,2022-10-06
TWp8eTJu2LQZtLEbjHTw5YEZtDY4VW1qBC,tron,USDT,issuer_freeze,,,2022-10-06
TWp9eb6czW1RcDTdEw3AMNe3Hk2xHPU2Vt,tron,USDT,issuer_freeze,,,2024-07-23
TWpFUk3LdnR9skxsV2AyFspCfdyX5zM2yx,tron,USDT,issuer_freeze,,,2025-05-12
TWpNeMSLgCXD437jJbPXD33P2B2RwhxevK,tron,USDT,issuer_freeze,,,2026-04-24
TWpYpfNa3FBhRXptsX1oqxXc17wewBENHP,tron,USDT,issuer_freeze,,,2022-10-06
TWpjnAi6Pst14ohLSAnZqSTfuKWooFvYkt,tron,USDT,issuer_freeze,,,2026-02-26
TWpwLw6aKD8bUnsbc1wDcseKCE6RN4uGuf,tron,USDT,issuer_freeze,,,2025-07-12
TWpzdLYoLCwuQXjNFLaqGJNWd25TPmn9iE,tron,USDT,issuer_freeze,,,2026-03-10
TWq1RYFw9fbdaQmYjvVMka23iAaXTH3KH1,tron,USDT,issuer_freeze,,,2025-10-23
TWqGv7VgfxUjj7hZzmzFsziNbdyaTLJ25J,tron,USDT,issuer_freeze,,,2025-07-12
TWr1G47DtfvPZ1QAH3RgV9c6SkSSe8a9hS,tron,USDT,issuer_freeze,,,2024-04-09
TWr7N7V1KTnqfGppBCAAcpjpfhSCQEvkim,tron,USDT,issuer_freeze,,,2026-03-22
TWr8NzoKtnuRgUHRGdgxBxcWYcGbA1HwEV,tron,USDT,issuer_freeze,,,2025-04-10
TWrEy2TpGa8RC9bTGYno3FKufjhMyPxyX6,tron,USDT,issuer_freeze,,,2026-04-14
TWs3D8jzQf5xPynAXiafVXqddS8rzPwqgr,tron,USDT,issuer_freeze,,,2025-07-28
TWsH7rPH39YszLq4rHw4Prn89igcoUwaqK,tron,USDT,issuer_freeze,,,2025-06-18
TWsLc12HR51ZGP1vNP1TpuauEmfTjB1K6k,tron,USDT,issuer_freeze,,,2025-11-26
TWsM99VKUzEo9UpUQS2vs4zSNZ4255qk1S,tron,USDT,issuer_freeze,,,2026-04-25
TWsomy6GFJqhswDjJcufPgTpMKGhwcVhdw,tron,USDT,issuer_freeze,,,2025-03-21
TWt13vHVkYFE4C34E9QcGi3gyW2xx3SC5G,tron,USDT,issuer_freeze,,,2025-10-10
TWtE1VZfPQpvq3ASjvKvYDFbCGoH6hjunK,tron,USDT,issuer_freeze,,,2025-04-10
TWtNGEkMmgCFHTi5EgpYrWRu5c8KMaqgWB,tron,USDT,issuer_freeze,,,2024-10-29
TWtNwiePMF4FMLSYHhNaBq4sURsoibZLSV,tron,USDT,issuer_freeze,,,2026-09-11
TWtQB3oqHt6DHFmSisTVBYffpJqFD44kgU,tron,USDT,issuer_freeze,,,2026-04-01
TWtXozRYZWf9LhbkNX9G9q9wES1gv5q6NA,tron,USDT,issuer_freeze,,,2026-04-23
TWtZma5jjrVjpjsq2J4KKUYcqvi5QdjagR,tron,USDT,issuer_freeze,,,2025-07-12
TWtx6nbGxb8MofjbADXX4i5heaH5eHAUJM,tron,USDT,issuer_freeze,,,2025-03-04
TWuKqirvZceYxiQKxYS6xjZirFZ13WWVMt,tron,USDT,issuer_freeze,,,2026-09-08
TWuNcSq7hyb84Vg37eQanCsoT6nz788Tpv,tron,USDT,issuer_freeze,,,2025-07-12
TWukNa1nCaW5tfKLLsbFGPeWwQP45XKbdL,tron,USDT,issuer_freeze,,,2026-07-15
TWvTXynS5KrA1tz7V8deh9mjCD8cpsVhmV,tron,USDT,issuer_freeze,,,2025-07-12
TWvgdhck7vw6NFxaUKXdPbowTAs6jbkxn2,tron,USDT,issuer_freeze,,,2026-07-03
TWviKUuydm6BY8ZiYWXhcox36BZ34XLDwG,tron,USDT,issuer_freeze,,,2026-07-17
TWvuRviuPF1EXAjF9DwyUNA91wHSx5vCS2,tron,USDT,issuer_freeze,,,2025-08-18
TWvuuXuHCgRPrswH44nTa1djvtnUA5vWr8,tron,USDT,issuer_freeze,,,2025-04-18
TWw5RvMKsx7NMhuK1khgDqdJqs5x2c3e1x,tron,USDT,issuer_freeze,,,2025-08-18
TWwNGLe7tj3rkjyNMJTz8oxruL4RbySM6x,tron,USDT,issuer_freeze,,,2024-06-03
TWwPnnkY1gaS8jDzyTTkAsjfQD7z5mbwUm,tron,USDT,issuer_freeze,,,2026-05-04
TWwTsiDU2rLp5aivz1DSvBpEqBe1xRyhM8,tron,USDT,issuer_freeze,,,2025-11-13
TWwaVZ9f9eFjifydNpqSHCMJYtocwz5ZRm,tron,USDT,issuer_freeze,,,2026-04-22
TWwxSCxP7A3sCZa6Ftbk4Cw4P46ZxMbZBc,tron,USDT,issuer_freeze,,,2025-02-10
TWwz8RW5nG6uowTLGh715FtN5yPYXN8ToK,tron,USDT,issuer_freeze,,,2025-05-26
TWxAfvLHgM5xBG7Kat1BqpVBaaXy7bixan,tron,USDT,issuer_freeze,,,2025-07-12
TWxGud5ZyzPrHph8HDS8ZiLkJ9AYjU6cR6,tron,USDT,issuer_freeze,,,2026-07-21
TWxJH8h9HycN5HY1YYD54j8BZkxjvDTWGJ,tron,USDT,issuer_freeze,,,2026-05-14
TWxq44n4WJVD729rwzHnDP5D8E8Ay6aQLn,tron,USDT,issuer_freeze,,,2022-10-06
TWyKq9HKVHYnRyEZRQYiFe3ZhiR4qnheEa,tron,USDT,issuer_freeze,,,2024-10-17
TWyZ76GxKpomey1FPzvpxr5SqpfUrrrdvQ,tron,USDT,issuer_freeze,,,2026-07-27
TWyeAYSVLHXLpicj3MrhRj5UiV9vaXQ2jy,tron,USDT,issuer_freeze,,,2024-03-19
TWzQLyeDqi9utT4nTMjonaAWMzCixri8As,tron,USDT,issuer_freeze,,,2025-10-17
TWzSiPtNaievW4n7ibFNkVK2ZSPkKBqchq,tron,USDT,issuer_freeze,,,2025-07-26
TWzZfuUZ7W7sRssAY5eN1w75RcRPyz1zHZ,tron,USDT,issuer_freeze,,,2022-10-17
TWzfbMTP1NfRidxRhQLsggYW9pGjPrLCuB,tron,USDT,issuer_freeze,,,2024-06-18
TWzygbJVS7p5DPpPy4B7hnRnKU6TkP7Lh5,tron,USDT,issuer_freeze,,,2025-07-07
TX1EetmaUkkF4BF49ky2bifZdXU3dMJU1N,tron,USDT,issuer_freeze,,,2023-07-11
TX1nhYx2vw9Hn9qNDvJAR6hCZptBbYwjpL,tron,USDT,issuer_freeze,,,2025-04-29
TX1rEMHHKy25GpJNfKoiqKMXYK4pTzN9Mt,tron,USDT,issuer_freeze,,,2025-07-01
TX1rVJc1LSwbCnyrGW4AhPoBX9SMkKxeMs,tron,USDT,issuer_freeze,,,2025-07-12
TX2ALAVDCqokqFPFp5NQt493z3zd8F9TF8,tron,USDT,issuer_freeze,,,2024-08-09
TX2JfarUYCrWZuw8KSAsTKPDLVvqkXFyUZ,tron,USDT,issuer_freeze,,,2024-04-27
TX2fcQwXfzVRoz69hdhRr5YiALYAbuFnVy,tron,USDT,issuer_freeze,,,2025-01-29
TX2imcKEoPXPV1XUF2t8cYZ8kzixy8K1AX,tron,USDT,issuer_freeze,,,2024-12-13
TX2mDaij91D7F8ESF22moK8au5h2t3Sjkf,tron,USDT,issuer_freeze,,,2025-07-12
TX38mq3uJ11GNpAXsZDB1VxbgAzrvQZPTd,tron,USDT,issuer_freeze,,,2025-07-12
TX3FcGjMQ2eiLzVb8uySq3QyWEWcojcqkp,tron,USDT,issuer_freeze,,,2026-07-17
TX3HANU6BB6bd5DfCBfvieR1EhmiVf3VSj,tron,USDT,issuer_freeze,,,2025-05-26
TX3RJ7w4nNEUFovBy4E79snbbJiaPNijj7,tron,USDT,issuer_freeze,,,2026-07-01
TX3m4bG2LgkUgiNMjemt9FzTrcGp1Z3bS3,tron,USDT,issuer_freeze,,,2022-10-06
TX3v2kRdYfnTBAsYBVzuSqUaoVu3F3ijxj,tron,USDT,issuer_freeze,,,2026-06-08
TX3v5zeb43ECGf7sQcbWSUQeZTqGz3UPvf,tron,USDT,issuer_freeze,,,2024-09-21
TX47ZBMhiuMfwLVXRXjajgDFuocyTFL86Z,tron,USDT,issuer_freeze,,,2025-09-24
TX4ghPcEWA8Yj94jnPRdo5iYN3FKVustXE,tron,USDT,issuer_freeze,,,2025-01-23
TX4iSraxzvRuQCvXGw8C9Caghvw8zZv2Gc,tron,USDT,issuer_freeze,,,2024-11-20
TX57xZcxdQ8VLzeB3d4zdB4mfQ1fMrxw33,tron,USDT,issuer_freeze,,,2025-07-12
TX5NdZfjEZWRp67H7GxkRq8PGCaZff5YRE,tron,USDT,issuer_freeze,,,2026-06-25
TX5kimSZTyFpSZhQov7KBpqQXyDRbr44vC,tron,USDT,issuer_freeze,,,2026-03-05
TX6FjHcpVeieS4PCBEWgKcR1DedcT2rPi5,tron,USDT,issuer_freeze,,,2025-07-07
TX6S1GGdtjDjGUv51vFrHDqPvAnfF4Bbak,tron,USDT,issuer_freeze,,,2025-05-16
TX6g9Tq3MC3JtMsK18wnMcCUruJU2zjPhJ,tron,USDT,issuer_freeze,,,2026-05-02
TX6hx2sib3H2m3hdoDABUihhez4jp7P9Ta,tron,USDT,issuer_freeze,,,2026-07-06
TX6jzbmyK1khkqJStfNmahPsGzGpdeWRKB,tron,USDT,issuer_freeze,,,2026-01-27
TX6zuQYPtRhcWs3ZMZa9bTiQM3Toy4VhRJ,tron,USDT,issuer_freeze,,,2022-10-06
TX7WpcUCgauq1vQr9yaRsRgm25Gm3BAGnv,tron,USDT,issuer_freeze,,,2025-01-10
TX7dqCnoqWfBPQWoV39covE9Qf5ffn83u6,tron,USDT,issuer_freeze,,,2026-06-16
TX7m582rg6zoboYPuJqg1Pr7qNhREXU2C8,tron,USDT,issuer_freeze,,,2025-04-25
TX82DbNxH5suw7u4jUw34uDiSH4gsnmbmP,tron,USDT,issuer_freeze,,,2023-04-21
TX87gnGg3un2GeTSsXXEE62KdTyF4WWFJd,tron,USDT,issuer_freeze,,,2025-03-11
TX8VZHoXwwGDvL75m7cZee1gyipac3p5PQ,tron,USDT,issuer_freeze,,,2025-03-28
TX8WB6fYbjHDv8turk399KNstKfvHBKYJA,tron,USDT,issuer_freeze,,,2026-04-02
TX8kZFMGHDPNgoMVsQdiDmR88P5PcK7v3z,tron,USDT,issuer_freeze,,,2024-11-12
TX98haQcRABUkFbYBDm5tK2feGi4fpcN5H,tron,USDT,issuer_freeze,,,2025-03-10
TX9Cp9zd33fpCgmTQbbSSuYueKBZnBnDHD,tron,USDT,issuer_freeze,,,2025-07-12
TX9FpqQEMypD2ErVFSiMUhbjs9BVKtWTmY,tron,USDT,issuer_freeze,,,2026-04-07
TX9NFemdGtJF6gVCcjwT5qjW2orjNyyCv6,tron,USDT,issuer_freeze,,,2025-07-12
TX9d1aiDrDvmJDPRpiRYWoJogkUoGq9tXk,tron,USDT,issuer_freeze,,,2026-08-05
TX9eFfCEVT9LGAZcpFwP3b2fPt6U2uKrDe,tron,USDT,issuer_freeze,,,2026-09-03
TX9pisJML8XnVZbELzdr3FcT8eHiqrWAGP,tron,USDT,issuer_freeze,,,2025-05-22
TXA6Pgyu78GKdGe6rmvbxsEDopVX2ntTUk,tron,USDT,issuer_freeze,,,2026-01-10
TXA6mWjNYHcYyifwLva5ZvCpD95WhwEUTA,tron,USDT,issuer_freeze,,,2024-08-30
TXA8X6cYJJ8VfgGbhZfjJFWj2bYj2jgz7y,tron,USDT,issuer_freeze,,,2026-01-14
TXAETvfL7yyAp7Z8ssFoyEbLxdYow3CuxN,tron,USDT,issuer_freeze,,,2025-06-20
TXAy4VNPyJjWUxfTGcEBLN9UVJg3jM8QGF,tron,USDT,issuer_freeze,,,2024-11-12
TXBB3MT8xBndX9fYgsVJVLCLkzmueULM2C,tron,USDT,issuer_freeze,,,2025-04-25
TXBHknYMpgziFUrq8KVVi1ApRvYtaxRtjy,tron,USDT,issuer_freeze,,,2025-09-10
TXBTePs1PXqfmRseGkjDymboeE7ZWBBmSi,tron,USDT,issuer_freeze,,,2025-07-12
TXBqgL18xTmF9j7tJsSYT4gnNTDVEfchqk,tron,USDT,issuer_freeze,,,2025-07-12
TXBv9Yjr3MLKyDWhaVSr1C2zjUvna4SJPe,tron,USDT,issuer_freeze,,,2026-04-06
TXC3C5Ts3ss3q8pLizgHmhLzYyYCNNLtFs,tron,USDT,issuer_freeze,,,2026-03-06
TXCSubELVtabK2KjJUmzEwcgtboqnPHp8U,tron,USDT,issuer_freeze,,,2024-12-26
TXCgnuu43F28iG4RvoMqenghj1eB172w3d,tron,USDT,issuer_freeze,,,2025-02-22
TXDFHLtENbxDru539NwUmeLwWzxpRFtbte,tron,USDT,issuer_freeze,,,2024-12-13
TXDM1gtZcisAHYuatZmfQb6f2zsx3CJ1qT,tron,USDT,issuer_freeze,,,2024-12-16
TXDPnvjvwPRbubyhTnYaafWrSeeYZcvrzv,tron,USDT,issuer_freeze,,,2026-01-31
TXDTiJYoK1vkER54UqoVfzHs8VdcuFAivg,tron,USDT,issuer_freeze,,,2026-05-01
TXDWq71nfKPnvTouMw9WtcQcBYCk7EzHg2,tron,USDT,issuer_freeze,,,2026-03-05
TXDewXsjZTbBrFfNmwAHXT9AwLmnAHiVq9,tron,USDT,issuer_freeze,,,2025-10-28
TXDkW6XzAKtn1G3mDMtHd5aAwuiSXnvYWE,tron,USDT,issuer_freeze,,,2022-10-06
TXDmtZzYKhyp3xavtTXcXeCJgZ4odPR4Pa,tron,USDT,issuer_freeze,,,2025-08-07
TXDvEMpGWea431VLG4Kii4L7uH6XxZ85Yr,tron,USDT,issuer_freeze,,,2026-04-25
TXDynFuLe4TZSiBFAL2NWDTBgjGbAMtio2,tron,USDT,issuer_freeze,,,2026-05-28
TXEYUqTZKtTcWvZu9sHRxd4WzuKkEQgqxZ,tron,USDT,issuer_freeze,,,2025-08-27
TXEibyKL8KfhnDxy1Rxyc5uuCQFLCoUvmM,tron,USDT,issuer_freeze,,,2025-04-24
TXEzJxQLjkqTeYXHEstbB5XnrC41iB36do,tron,USDT,issuer_freeze,,,2026-04-21
TXFNyUXGF95ivxdgxH9zEsgQvoUysxLJqd,tron,USDT,issuer_freeze,,,2026-01-30
TXFQzzbUVMdbMLzPaCW3cd8mswrtgss8CV,tron,USDT,issuer_freeze,,,2020-10-03
TXFUR34bNusjEUmgoVjuVaMyNbJWupMpqW,tron,USDT,issuer_freeze,,,2025-11-23
TXFUjfRdBj5A5MPSCteo7uzJPwHM6FbVdH,tron,USDT,issuer_freeze,,,2025-03-03
TXFoPHEvFoYs2W4nx39nLobCZv7YUJ4dhy,tron,USDT,issuer_freeze,,,2026-05-14
TXG2nZ5qXRU2W7CQQfifnSCHbGRv7sue4p,tron,USDT,issuer_freeze,,,2025-06-25
TXG6UAwB24oWgPD9V2AHBhsXkeP8HgyEVb,tron,USDT,issuer_freeze,,,2024-08-10
TXGvi937JRPoB65RWvjnDdxxiZVBhoJRRf,tron,USDT,issuer_freeze,,,2025-09-09
TXGyNznL6f13VBaVvmPMbpmu41S9EFo3kS,tron,USDT,issuer_freeze,,,2023-12-08
TXH1hDWLEQ6umb8jGEQGhjNKN83WouMrXK,tron,USDT,issuer_freeze,,,2025-07-12
TXH8UR3igDdQpNVgzqykJc8SDWzADZYaJE,tron,USDT,issuer_freeze,,,2024-09-05
TXHaevjTyyvfGx4pvbtamof6v1zXMpGeeC,tron,USDT,issuer_freeze,,,2025-06-20
TXHgpGCMweNhsSJeMtBG8dpNuHw1JmNBpH,tron,USDT,issuer_freeze,,,2026-08-26
TXHrHHBMjrhDxRzSrjqNjDycPXeFCetCaS,tron,USDT,issuer_freeze,,,2023-11-10
TXHtLcTjkoLa953oZAk8ftZ9JtsMfxpr3k,tron,USDT,issuer_freeze,,,2026-05-14
TXJFRnU6NZedQwQ64gPUrofyRD1GJNkLnm,tron,USDT,issuer_freeze,,,2026-07-14
TXJTGnPDR6rtSC77Wiv2P93XFoc92LHet7,tron,USDT,issuer_freeze,,,2026-09-11
TXJWz6zMYGnjnYXBH4BhusGFvqmnbnJVZb,tron,USDT,issuer_freeze,,,2025-07-07
TXJeZYLn2Vr7DUwvrqceo5VRQ8b9EucxLn,tron,USDT,issuer_freeze,,,2024-04-09
TXJf71P1X4N481W4QbXofrrdRqLr4CELWi,tron,USDT,issuer_freeze,,,2025-04-07
TXJx9NEq5DtVvGCoGCybFdH4zNSt4WrPnm,tron,USDT,issuer_freeze,,,2025-05-16
TXKBiGtwA21PiXJEAsFeenKbz278nRhvqv,tron,USDT,issuer_freeze,,,2026-07-30
TXKPga6EH25mexfQ7BMFGbVfGwz1rvqXVK,tron,USDT,issuer_freeze,,,2024-04-09
TXKRJiuo7rVkpTN56ZMsbAnq12wR88nTJQ,tron,USDT,issuer_freeze,,,2025-05-26
TXKSaDSQy3MF6DrUTQd4gkKzVchtKdzmAt,tron,USDT,issuer_freeze,,,2025-12-23
TXKVsJCAAifPDBowXYsRUUyGGehtApiThy,tron,USDT,issuer_freeze,,,2025-02-10
TXKb1Tyc9k12DVE3MY9kqbmSix2ccFi7tD,tron,USDT,issuer_freeze,,,2025-08-08
TXKqWZmP9p9Uh93FP1zu16eEXfCgTcaoia,tron,USDT,issuer_freeze,,,2025-07-09
TXKqzkH2HnCDePcGji5ZtPUeKyHodXncmh,tron,USDT,issuer_freeze,,,2026-07-27
TXLAQ63Xg1NAzckPwKHvzw7CSEmLMEqcdj,tron,USDT,issuer_freeze,,,2026-03-16
TXLKRoJhXsU5i8capqEqEeWaPBWPLoJVrB,tron,USDT,issuer_freeze,,,2025-12-10
TXLaa8eoYHLpouybx6qHXUwRTaFWmd34H6,tron,USDT,issuer_freeze,,,2025-07-16
TXLfg7jHuVcucwiypBBnMD1xHRTPbdyeSb,tron,USDT,issuer_freeze,,,2025-09-05
TXLuEUEV1bNoQ1k59i9uun3XUmRjTZNXwh,tron,USDT,issuer_freeze,,,2025-04-24
TXLw9T5VFVcRsAGNsxXmexYnFkcerFtC34,tron,USDT,issuer_freeze,,,2026-05-23
TXLybymW9vaG3L15BrRdssHWnBCagsAukY,tron,USDT,issuer_freeze,,,2023-04-12
TXLyw7rLb4EEzBFXL5uz753bdmQgg2Qgxb,tron,USDT,issuer_freeze,,,2026-03-06
TXM8gCaGGRJ7zv2v6t1kZ6CFug8BzZfVjJ,tron,USDT,issuer_freeze,,,2025-11-10
TXMC5kizBvPjG5ozj16k4FAsJ3GNtnGmVv,tron,USDT,issuer_freeze,,,2026-06-22
TXMjLyZn4DET3NcZWM3xc1GpA3H8am5i9y,tron,USDT,issuer_freeze,,,2026-03-27
TXMmeXPTf7dDBWZvTtETLcrAq63dRKmmft,tron,USDT,issuer_freeze,,,2025-08-08
TXNLWRknggM7aq6W8z1YentbuqGV2tuDJg,tron,USDT,issuer_freeze,,,2024-08-27
TXNYeYdao7JL7wBtmzbk7mAie7UZsdgVjx,tron,USDT,issuer_freeze,,,2026-02-10
TXNfghoyrgcKU2LkJ7jZA5YDUukaLPenCm,tron,USDT,issuer_freeze,,,2024-12-03
TXP24ubG8LHVHYMK7a6ZXw3LAsLKDpP5oH,tron,USDT,issuer_freeze,,,2024-10-01
TXP91ESGJMsygg3ooTj43mKok2HDdXR3EG,tron,USDT,issuer_freeze,,,2025-08-06
TXPo3jn48Gp3vZ6G2Jbgr8CX9a8FSDj8Zd,tron,USDT,issuer_freeze,,,2025-07-12
TXPy8wuifdCQ8rc8VLVgiUqsVioJBELs8i,tron,USDT,issuer_freeze,,,2026-05-29
TXQ1gvmDQUZvXxFSCun6EcvPxF7a8mKxfv,tron,USDT,issuer_freeze,,,2025-09-16
TXQbM4gpe1nxiJ4FW8qEGUmuuVK24mgXjj,tron,USDT,issuer_freeze,,,2025-07-15
TXQcZNGRXYTjPDVi9FsFGLH25EaF95aos2,tron,USDT,issuer_freeze,,,2025-03-17
TXQsDaB8tTkTKoyEnFtjVmm93gvS6wYVjf,tron,USDT,issuer_freeze,,,2026-07-01
TXQt41BrF9aeEa5jr59VvrD2SzfDaP9eFf,tron,USDT,issuer_freeze,,,2026-06-01
TXQzxyTBimrWe2LCJhHgkbx7DuhZBri2AP,tron,USDT,issuer_freeze,,,2025-07-12
TXRC7eNDvr6ZzcoUeWmEGX3jpd9ZrkvqP4,tron,USDT,issuer_freeze,,,2022-06-30
TXRHe6oAXr8yPKBwyjb2by9bm3fDDseQCD,tron,USDT,issuer_freeze,,,2025-05-15
TXRLECekvqrQdJP7oKdEa7jASo3Xqt2vmU,tron,USDT,issuer_freeze,,,2024-03-19
TXRRwXU9JFhskUYsuSv8wJgvd9pJhQTcWY,tron,USDT,issuer_freeze,,,2025-05-21
TXRUYK4TZgYBH3L7nLM9asF9uLZnL5vejh,tron,USDT,issuer_freeze,,,2025-07-12
TXRZgUhQ5NaLW2caL9tN1phVJK5ozgmsH4,tron,USDT,issuer_freeze,,,2025-07-12
TXRcQLcedrNqiCxe2h3Jmp1yuui8Tq6gzH,tron,USDT,issuer_freeze,,,2022-10-06
TXRtauQjhXrS5XktvwaDPu1veT5WCZ7EWV,tron,USDT,issuer_freeze,,,2025-07-12
TXRxg7DRpNsMCFYZtRjZMmhhZ9SfGhwzoq,tron,USDT,issuer_freeze,,,2025-02-07
TXSkYo2JcVy2oZd8A644TLaHyetPt4yYeA,tron,USDT,issuer_freeze,,,2024-10-11
TXTe26SBwmv4sv1Pjr4iujtWESCpvRFUDd,tron,USDT,issuer_freeze,,,2026-08-21
TXTpBruBP6wQSWNbuRta7cmccYE9mAm7G8,tron,USDT,issuer_freeze,,,2025-07-12
TXTpw34YZwcHPR62Y5QMb63JYc5prRybfk,tron,USDT,issuer_freeze,,,2026-03-03
TXUJAhGexzwPvW7RCPr75Sn4qJQ14Hhg9Z,tron,USDT,issuer_freeze,,,2025-07-12
TXUdM7yZChSYb73AaC59na9h7z3WxHcabc,tron,USDT,issuer_freeze,,,2025-08-08
TXUdpqNax3ZDc63HkStvKVbPkVxNjaufhG,tron,USDT,issuer_freeze,,,2025-07-19
TXVDnREzahWKMbt32tD1PS5ZvtPEJhmy1C,tron,USDT,issuer_freeze,,,2026-06-15
TXVGdeLTxNYonzM2jVHDANhor4bSBVcGBr,tron,USDT,issuer_freeze,,,2025-12-18
TXVdjdBWPzogreycTkT4pZYA6tJdUrsYjC,tron,USDT,issuer_freeze,,,2026-09-13
TXViyV1t5HjxMLQCmTTmEjubcAZgA8rtLX,tron,USDT,issuer_freeze,,,2026-06-19
TXVuT7hU2AN1nCNjGdNepqJ2Syo8VFK2Gc,tron,USDT,issuer_freeze,,,2025-07-07
TXVwEiqwEqMQVMa6yFc5k3kgePsC3MW1Cu,tron,USDT,issuer_freeze,,,2024-12-03
TXVx3EC1gsPrEZ1cmqQ23NS1iP7x2kSgqS,tron,USDT,issuer_freeze,,,2026-06-11
TXVxRVeCk2ssszG7hh9J1aYDY9T4DR6X8u,tron,USDT,issuer_freeze,,,2024-12-05
TXW5CpvTjxiqCLNULXGesa6GJGNqfgbQX7,tron,USDT,issuer_freeze,,,2026-02-25
TXW9gwHiB5fr6gCsQjkRErGxWGa9pyCCrz,tron,USDT,issuer_freeze,,,2025-06-15
TXWBFHaFTQsiMEeLkCagfAwZUZTZB6S5Cm,tron,USDT,issuer_freeze,,,2025-06-20
TXWEHUAffze5BRMwm4eZeC5qhdic12WnZ5,tron,USDT,issuer_freeze,,,2024-11-08
TXWHmt6mjEPyNnt1V1gsMjDiJ4RXBn3PfC,tron,USDT,issuer_freeze,,,2026-07-16
TXWNMuFXLSxiBG8TNcwCZpP4dptT2gzA4s,tron,USDT,issuer_freeze,,,2025-07-12
TXWrxCV448Pw2qCd5a1FTnWpa3jQbtYfEv,tron,USDT,issuer_freeze,,,2024-10-27
TXXGcxaDHsboGgGcHN2prqQvUTwpFqMTcD,tron,USDT,issuer_freeze,,,2026-03-19
TXXPksSJXpo6i8A1v5e2GZV4ns7Dy544So,tron,USDT,issuer_freeze,,,2026-07-09
TXY6zYYZYgmyDmjT5haTzxWnP8HJBLkk7W,tron,USDT,issuer_freeze,,,2024-12-24
TXY9zwYPKUMf8G5vHwxHywtj85W1PG4ahr,tron,USDT,issuer_freeze,,,2024-06-18
TXYCVFhbMaaa9j8JBtWF9PXxfeVjfYmtep,tron,USDT,issuer_freeze,,,2026-05-26
TXYTy8PTYaNsjtUhrDKVgcfLCHE9kSf3U2,tron,USDT,issuer_freeze,,,2025-07-12
TXYteZ8Zsrx89YTG3wMzDkwrQ38yTh86M4,tron,USDT,issuer_freeze,,,2026-05-04
TXZ1zP5cR3sJzv4Bfh1G87wCAC8H7FMD6n,tron,USDT,issuer_freeze,,,2026-05-25
TXZEwUNNDizzbLYLEaSvHBy8rsUCkgKT9h,tron,USDT,issuer_freeze,,,2025-04-14
TXZNtYqKknp71j8aJtP6ZL1zTj3zXyEpWN,tron,USDT,issuer_freeze,,,2025-05-31
TXZkX4Pfod3pJqs9eqTjRyXUMeRLPdQ5Vz,tron,USDT,issuer_freeze,,,2025-08-18
TXZoq7W6KwPrwgLgMZSxzS2H5cM8SJ3ayb,tron,USDT,issuer_freeze,,,2024-05-18
TXZtZbH9KYhcPB42vMTdPDnzv8TBA7Psqc,tron,USDT,issuer_freeze,,,2022-10-06
TXa29NXtBEwYs4ACqC86NFdFeBY4Zpyh7F,tron,USDT,issuer_freeze,,,2025-05-16
TXaanhkXmMwi3yV2tGRpTZyAqHGpCGDMhq,tron,USDT,issuer_freeze,,,2024-10-02
TXaktYDjPz5Dj6ArZTBE3y6hZxzqNZYezc,tron,USDT,issuer_freeze,,,2026-08-24
TXawfvBvZDKNyG9Rw3uG4AmySa6CDzQ8Cy,tron,USDT,issuer_freeze,,,2025-07-12
TXb8SULXwZK2LqQZE6ugsLe78pNJnBkun2,tron,USDT,issuer_freeze,,,2024-10-07
TXbCN5sCFAKGMCbDLxjJNR3SLoxjbxvKkr,tron,USDT,issuer_freeze,,,2024-06-19
TXbDeHcoVMoca39Joa1MhceiQATq4Z4qke,tron,USDT,issuer_freeze,,,2026-07-16
TXbJxwoJSQ96nWhjC59MRh8GEtW7Zncbth,tron,USDT,issuer_freeze,,,2025-03-10
TXbyAJtqHx7JpfKrbc2RJaRwPDWmA5zC5g,tron,USDT,issuer_freeze,,,2022-10-06
TXbz2xPMt3N7RYH9xdYEfT2r2VfK33QrZp,tron,USDT,issuer_freeze,,,2025-07-12
TXcCutpm39yxceFdFD3n6hmrkVqLUZnKLy,tron,USDT,issuer_freeze,,,2022-10-06
TXcDka5jftsXTVyhD3eyaCy4UtJ9CKqMDh,tron,USDT,issuer_freeze,,,2025-07-12
TXcJCwFhv8tJTh2J5MezEn667duo8VwL8j,tron,USDT,issuer_freeze,,,2026-03-06
TXcMGo8dfNDmE3cvv7cUqdkbdVDcwkvNvM,tron,USDT,issuer_freeze,,,2025-12-31
TXd1PLXApK7MJ91cATozQxtXiVoqBG9pyb,tron,USDT,issuer_freeze,,,2024-06-11
TXd9i6nWqgePg6ActUWr1M8eSjzKnZFPKa,tron,USDT,issuer_freeze,,,2025-11-07
TXdBJFRZmrdvhCwrXBKCYroktdQ3R4QfLV,tron,USDT,issuer_freeze,,,2025-07-01
TXdD3QkyUhEKarWvRwFhjw7eEKSPWgnBuW,tron,USDT,issuer_freeze,,,2025-02-25
TXdKgacbUePTDyHQTg24m3RGfzNvd52YM5,tron,USDT,issuer_freeze,,,2025-08-19
TXdWxECkrVSSWt7Pgy37iUdhDJzLSLN6VW,tron,USDT,issuer_freeze,,,2025-02-26
TXdfJTHCVmeDBpyFcpZJnjGXPm6zJ6m5q9,tron,USDT,issuer_freeze,,,2026-04-01
TXdnd3DJv4N3xuSyKuF7i3hnHi51HnM1eD,tron,USDT,issuer_freeze,,,2025-02-19
TXe3DBNMxhwtiyT6ZULgbwR8PQMUoPg5qo,tron,USDT,issuer_freeze,,,2024-07-15
TXeFMqDjNsKLwC2sZVQcnXTyZm16oFSvCD,tron,USDT,issuer_freeze,,,2024-10-28
TXeMjTJ3xf8HarQt8y9qDM4eLTFtFZjd13,tron,USDT,issuer_freeze,,,2024-09-14
TXeStyQPRa22wfALBofB9Lk74bp5fyRgem,tron,USDT,issuer_freeze,,,2026-07-03
TXeTu469fwSqK3eiVoWZpKJWNG7cXH4A4q,tron,USDT,issuer_freeze,,,2022-10-06
TXeUN3PUiKx33ZhfUhrYRF61SVxrpEKGBS,tron,USDT,issuer_freeze,,,2026-05-13
TXekXy1aUdJJsBrkxxPNMf59XvetA7QkCw,tron,USDT,issuer_freeze,,,2025-07-12
TXermUkr1fNdknCr7F9WBSNZDo6WxYFLjv,tron,USDT,issuer_freeze,,,2020-11-06
TXevqat5fobwZyvKYJQwsdkPhfRi4xzRW2,tron,USDT,issuer_freeze,,,2026-05-21
TXf8ee7PJUQm5LRfS8JYeBSRpbMAWVvh8U,tron,USDT,issuer_freeze,,,2026-03-06
TXfCnNw6QSJC3Zjt7G5deiFyetLRJhghJ3,tron,USDT,issuer_freeze,,,2025-04-10
TXfNkdAcu2qFETRkM59ERGQ9aYQGDR7CTH,tron,USDT,issuer_freeze,,,2025-07-12
TXfUVGZm7ndyopab9WRoDjAhyEdfxGpdf2,tron,USDT,issuer_freeze,,,2022-12-12
TXfb9AVr1tpeo82s1HgEHquFVN6CK7i3uT,tron,USDT,issuer_freeze,,,2024-12-13
TXfcBgRLR3KSXU3EKx7cqTd1hiQmApZJds,tron,USDT,issuer_freeze,,,2026-04-17
TXfpYiGyZS8CEnxJYJRCvSfAY6z7Wkb776,tron,USDT,issuer_freeze,,,2026-09-03
TXgB6k6vRHVHXrW5bg2ZYKjfKhcDaRsTdo,tron,USDT,issuer_freeze,,,2024-04-18
TXgW1RLBTqyxQarjngjUovyzmGtbGoEGZB,tron,USDT,issuer_freeze,,,2025-06-02
TXgW7NivWf47QmJfVZVJNtpKmnAaKyPmGK,tron,USDT,issuer_freeze,,,2025-07-12
TXgnujWQ5yJfFpvwL6xyAEL4gsyo25sBig,tron,USDT,issuer_freeze,,,2025-07-12
TXh3K8CK8JA3tAY71VtKvzgKebY9D1N5wG,tron,USDT,issuer_freeze,,,2024-12-05
TXhG4P1xWYMaDzZAGDYVgj6p5rDeBtKZB3,tron,USDT,issuer_freeze,,,2024-10-21
TXhMQ9JShCYDP2HpNauXAJgFrW67rSUDdi,tron,USDT,issuer_freeze,,,2025-08-18
TXhT337L7an3JQBcyuXXdn8Vuj9Zr7mS7B,tron,USDT,issuer_freeze,,,2026-02-26
TXhoYFxQyNKm4wynD3aeBb6w7etNTkZcdN,tron,USDT,issuer_freeze,,,2025-03-27
TXiA3ouHKGDQMYrXgUQpN492a7g9CVgxSL,tron,USDT,issuer_freeze,,,2026-05-27
TXiWtVjEyFSt2adNU1yWi2Fn2184hRJ7Ef,tron,USDT,issuer_freeze,,,2025-02-10
TXiadJPomTdFhF5jgXpQ5qPpHh4iY1qV3f,tron,USDT,issuer_freeze,,,2024-08-07
TXjBSsZLnXgNJ7DP9U6HGpgeiTLY99ZoaB,tron,USDT,issuer_freeze,,,2026-02-19
TXjgmgqaeiBSYkvGgwqbaoPdSemo9D2HWP,tron,USDT,issuer_freeze,,,2026-05-01
TXjmb1gnkjMorvFS4ytDT79MN9HMDfHVsY,tron,USDT,issuer_freeze,,,2025-03-19
TXjqdzbaXP5W2LsRJAQhZFNuVvLVwMo4c3,tron,USDT,issuer_freeze,,,2024-11-03
TXkD5Xuh8hAKw5RsTpZfzo3c3oVSWKPK5L,tron,USDT,issuer_freeze,,,2026-07-24
TXkJtngVw4vBdKbyaBYVyrMc1adcnEfiNS,tron,USDT,issuer_freeze,,,2026-04-10
TXm341SmAvnZxL1YAGvhRSxJMnCoE2tJTU,tron,USDT,issuer_freeze,,,2025-08-21
TXm8XcvNEDNg44BGkhQzsqA1p8ka64vgXZ,tron,USDT,issuer_freeze,,,2025-05-26
TXmAX5WZCeC7GHP4QFUfEBPuW1Wix4ix2U,tron,USDT,issuer_freeze,,,2026-03-01
TXmKU9yryrZyugutmLpWUXQ5SAD1kAS2GM,tron,USDT,issuer_freeze,,,2026-06-04
TXmKbeLae8wTav4uiF5GaQpJgJVkstE3vA,tron,USDT,issuer_freeze,,,2026-04-22
TXmNDWu7zNYvJtn9pWvEkXNFknRTzPnhib,tron,USDT,issuer_freeze,,,2026-09-11
TXmmVA6PSA7h6TdqR2D6WNDdvm3oSQWrAd,tron,USDT,issuer_freeze,,,2026-06-02
TXn35or95pc2gkikVfp4YUzcVqSJNBwsv3,tron,USDT,issuer_freeze,,,2022-12-06
TXn95FQJbhTiNbp4cLdEbE3FnSKGSkECCT,tron,USDT,issuer_freeze,,,2025-10-02
TXnHaTsfgupXYm57FP9orHikysnu8ktFML,tron,USDT,issuer_freeze,,,2025-07-12
TXndyxYgPA9MzZXcmFaXNCeckqUZZdaHDG,tron,USDT,issuer_freeze,,,2026-03-04
TXnq4SmvkJYh6SY5FYmWj4rQSSiRmvi4T4,tron,USDT,issuer_freeze,,,2025-04-10
TXns4UNzrZBorqGxYmvaCwsXJPyAsgNSmk,tron,USDT,issuer_freeze,,,2026-09-06
TXnyx2jJppWeK79w85264js3RzcrJ1edXz,tron,USDT,issuer_freeze,,,2025-04-28
TXoB1nxHoHKeNrr5CVykAPxc3cS2HhamZz,tron,USDT,issuer_freeze,,,2025-07-12
TXoJPtjqMPjdMiwLvZtKtM7u7cepyuxgnY,tron,USDT,issuer_freeze,,,2025-12-05
TXoUdnhPM4ofb8FcgnvUrsWuZn93CPg3BU,tron,USDT,issuer_freeze,,,2025-07-16
TXocrJuWEKed8pFYrWYcPxiekSQnnzK2f4,tron,USDT,issuer_freeze,,,2026-05-15
TXogG8Yqog8wRfcE94wSofUFcBax3hSGuG,tron,USDT,issuer_freeze,,,2024-06-17
TXonJfAMB9NhaYR23zMgy2fcNVpfJ8pjam,tron,USDT,issuer_freeze,,,2022-10-06
TXoovYusq7F47ZRjxDNKJqbpVFM3MwQMrX,tron,USDT,issuer_freeze,,,2026-06-25
TXoqa1KYu5PNbz3UXBc4D3RfgDAxCre9pK,tron,USDT,issuer_freeze,,,2025-02-10
TXou55UNePFepvCRQ22R195WDsj9f5axKk,tron,USDT,issuer_freeze,,,2026-03-13
TXpMjVX5EgVcunWnZQcS3gqvGEVNc9Rf7o,tron,USDT,issuer_freeze,,,2026-07-22
TXpUHQHjgCyb2r5TQNbBtX6VYRW94yKdmD,tron,USDT,issuer_freeze,,,2025-09-16
TXpWYCixU1YyhdTjGFnU94EbQHPw5UR9Xz,tron,USDT,issuer_freeze,,,2025-03-06
TXpe6yN1Aro3Z1a1kp1kKSeE9yYvwpkJtR,tron,USDT,issuer_freeze,,,2026-06-12
TXppzpWwsVjoEgg6xQ7SNjwjZDqM2UtwqJ,tron,USDT,issuer_freeze,,,2025-07-12
TXps6pzq3ef1pvC2weLznSMfhMQwx99T1t,tron,USDT,issuer_freeze,,,2025-07-12
TXpuS8GGg4u1is3ynGxzW3pJkbJzz3UD6x,tron,USDT,issuer_freeze,,,2026-03-24
TXqFMNubsqiV25mukWSmFZDC2Rx7MmEHsT,tron,USDT,issuer_freeze,,,2025-03-20
TXrKDVgdZkvUjjw7zJio6mRVtXebhG5nJQ,tron,USDT,issuer_freeze,,,2026-07-20
TXrRu8iDMEf595veRwshqJfrr6zwJdGoRF,tron,USDT,issuer_freeze,,,2026-07-01
TXrWsJWBNFnhoKVGrjLxDHpyNza6btk8y2,tron,USDT,issuer_freeze,,,2025-07-13
TXrZnBJZ7RxoYgWxftacbGEd2bBGg8MxXK,tron,USDT,issuer_freeze,,,2026-06-22
TXrjDg1SZNG6jZLN2h6Cykfjn7t3VHYXUg,tron,USDT,issuer_freeze,,,2024-12-04
TXructERCbC8BZEnJqF4epGwRs5vtgNm2G,tron,USDT,issuer_freeze,,,2026-08-11
TXry6qBXvrAhPhqsVBrcVWDbGYFxVUz9zu,tron,USDT,issuer_freeze,,,2026-05-05
TXrzVjwvibEY36MWWcxxxbYkGbsPLuEVPm,tron,USDT,issuer_freeze,,,2024-09-23
TXsDgRDXCfsAasPmsnTLYpwMJgcETCMkj3,tron,USDT,issuer_freeze,,,2026-02-10
TXsDpnA9stkyXPGsYov9UjBK9ofNSUvVMp,tron,USDT,issuer_freeze,,,2025-12-29
TXsWR1TKY65KtqJJeRQCxaLwcy9QFyXFnB,tron,USDT,issuer_freeze,,,2026-03-05
TXsYc8eyNRJeGPsi7xHCp5Z9jKetjT3Y7q,tron,USDT,issuer_freeze,,,2024-11-06
TXtLRA55MzRCxyZWCKExdSa6vJvEkHjRmB,tron,USDT,issuer_freeze,,,2026-04-22
TXtUP3zCt87Y3ayq6zycmPWQnoSoiaLYML,tron,USDT,issuer_freeze,,,2025-03-11
TXtUkws27fZfwkbiy7XyT9hwiQNTHszLPt,tron,USDT,issuer_freeze,,,2025-04-07
TXtatNStYaxCu2EiodH9oiPtW9npMt1mmB,tron,USDT,issuer_freeze,,,2025-06-12
TXuCx24QSw8ecjH3ZqVfindgdQiHxEbsHc,tron,USDT,issuer_freeze,,,2025-05-26
TXuG2eHGfEr55wQ7go9hgnwBJWPqEwUfXm,tron,USDT,issuer_freeze,,,2024-03-09
TXufJnjkkGpQ3o7KvQndf2D2nUCFeWtaJr,tron,USDT,issuer_freeze,,,2024-12-17
TXuhd31DVhFNLE3e9ZGLGv3AzJ4Cfrt1NQ,tron,USDT,issuer_freeze,,,2025-06-25
TXv37bwTrLZyY4g5HWtA7ZjPkD29oq7V3P,tron,USDT,issuer_freeze,,,2026-03-17
TXv8N2iJrfj5Bp8aH7WgCDy8FU6x17heAW,tron,USDT,issuer_freeze,,,2025-05-31
TXvK7Bikg9To8G78DtM6JK8jWwNTAxJkGT,tron,USDT,issuer_freeze,,,2025-05-22
TXvMm36YwWSakcegQZWyWpjqX7pB79Dg2x,tron,USDT,issuer_freeze,,,2026-03-05
TXvR6BCL7ooNYHCJAJQQQr2z6bLpgVW1qR,tron,USDT,issuer_freeze,,,2026-07-21
TXvh8mTgcFBAEmzRCMqGRuUsVNQiy1TAZK,tron,USDT,issuer_freeze,,,2022-10-06
TXvoGgEEQRREvCBaMqV7JnJ7RFcND8BF4i,tron,USDT,issuer_freeze,,,2026-03-14
TXw1nArWesnh2V6q32pstv51bDaeGJ9DTZ,tron,USDT,issuer_freeze,,,2025-04-25
TXwaQMRbLD4tt1eYk4pvmvFQnNWw482MUF,tron,USDT,issuer_freeze,,,2024-12-13
TXwdGQKW3Xsf3y9eMsNySFViJKy1rTBsjG,tron,USDT,issuer_freeze,,,2025-03-03
TXwggJm8GMcbew9J6A5myt8Gi5dxM9j8ia,tron,USDT,issuer_freeze,,,2024-04-09
TXwitm5SvqKjyEcV7yve2BvBEoz3fVbJPL,tron,USDT,issuer_freeze,,,2025-07-12
TXwnSuvjus5JYJXCKUNJ77bkpmo2NKDLhv,tron,USDT,issuer_freeze,,,2026-06-18
TXws37jWZ8PhtWhcCrKv9HmZZmSy6ihUv2,tron,USDT,issuer_freeze,,,2025-07-12
TXxCay7MF5apyCxGHvVC7ZSnMPNs39f3Aj,tron,USDT,issuer_freeze,,,2025-05-08
TXxMB7NDeR9UmVZVoH9N688EeUMAMpBUQ8,tron,USDT,issuer_freeze,,,2024-09-25
TXxTL36d261xc6xsphpDMYGQUFpcR458ir,tron,USDT,issuer_freeze,,,2021-04-23
TXxW3KnuZBkv1GoX2RfVT7ZyiRz3EWgrs8,tron,USDT,issuer_freeze,,,2026-04-25
TXxzz4m8UyXy83Dt4mPfVAwuniRfu17PjY,tron,USDT,issuer_freeze,,,2026-04-21
TXyRGpSBgedk57TEkEXfHXdgDvaoEQJaDz,tron,USDT,issuer_freeze,,,2022-07-31
TXyWRfj97HVAzL1boJGbniWQbuGjwFYMh6,tron,USDT,issuer_freeze,,,2024-12-26
TXyigpBJmdh92MVMLWVwNDpSFX7zoFSsYi,tron,USDT,issuer_freeze,,,2025-09-29
TXyrDDpPMAWeVtrjhYNwK5T1YFtztVELvU,tron,USDT,issuer_freeze,,,2026-08-25
TXyrq6xE49dJhBGBYRH4pZzq9QdXNKWUQa,tron,USDT,issuer_freeze,,,2020-09-11
TXyzdTG1tkoTjk6muVTNjDUKkA2PufiFM6,tron,USDT,issuer_freeze,,,2026-05-01
TXz2hjY5N8W8EaQaeXvoPbFzCs6MuVaBqA,tron,USDT,issuer_freeze,,,2026-04-05
TXzDSSaaq5GAkEYkHWUWD4RFbLEm4jA4rb,tron,USDT,issuer_freeze,,,2026-06-12
TXzE1t5FkbF2Ao4r2V3iR4HiYf6vnhiaKj,tron,USDT,issuer_freeze,,,2025-07-12
TXzHyw3mAGC46K2vAVrMezXDRZq2gXyCge,tron,USDT,issuer_freeze,,,2026-06-02
TXzKT7U5DBfEoMXwkmeLBWHkpw68Z3kbDi,tron,USDT,issuer_freeze,,,2026-07-06
TXzNwHthGdWuA54WQwzDdXVFJhFuaw6bQw,tron,USDT,issuer_freeze,,,2025-08-08
TXzgg4TYqMRcDsT2bt7UnXoQ2s4jjQSXLQ,tron,USDT,issuer_freeze,,,2026-03-19
TY11DYAAnPmdLqUkj3vyN5JCqTRHCoL3UR,tron,USDT,issuer_freeze,,,2025-07-12
TY12X97szmYzYAmYLsh86cbYfh9psufgeV,tron,USDT,issuer_freeze,,,2024-07-30
TY164AMNZQnsopMDtbBc21qD8fMh273Leh,tron,USDT,issuer_freeze,,,2024-10-03
TY1CN4SzPBGnPS1f7oz7DZdFaDtNvR26pX,tron,USDT,issuer_freeze,,,2024-10-17
TY1FvbnjTxdZsWMQuXBV31TsUhTBCutJiL,tron,USDT,issuer_freeze,,,2023-06-26
TY1MefhPJnXJGu8S7m68eAvjLMp8RoHJ3J,tron,USDT,issuer_freeze,,,2024-12-04
TY1c8N6Q5U1jyjHYSbCfGukwQmDE9RRrLx,tron,USDT,issuer_freeze,,,2026-01-17
TY1iK2S9fwi9ttLf1eXhZ875ZXQe9ohfGs,tron,USDT,issuer_freeze,,,2026-02-26
TY23eNgFwr9RgGcmXHqH2uyFAsCYpCYN1v,tron,USDT,issuer_freeze,,,2025-08-30
TY2AWC4aSXTkhYXxAgvEUZNe4XKwdthKNe,tron,USDT,issuer_freeze,,,2025-02-10
TY31nxGJ6uehwkUBYbBN6WLTNX4mfM3Yy7,tron,USDT,issuer_freeze,,,2025-07-12
TY32VY5Mg67Kur4bGywxwwN5qGbkvs1AYB,tron,USDT,issuer_freeze,,,2025-07-12
TY3NS4jhY7Z9i5nRbzrucvK4j2xoEZnEhw,tron,USDT,issuer_freeze,,,2024-12-26
TY3fzbdHKncHLe9YSgaum6YNCfuGaWye1T,tron,USDT,issuer_freeze,,,2026-04-14
TY4D33GnRACD8gnXyDhLnDpbeYaT8SY55D,tron,USDT,issuer_freeze,,,2026-06-01
TY4Eq1rMk9HG3B9dfuQjxeJ6U887d77AMF,tron,USDT,issuer_freeze,,,2025-07-12
TY4P6L12pJPihaLwG6vjcgpSU5bL1pn1MQ,tron,USDT,issuer_freeze,,,2025-12-24
TY4warHgNUoGjvYr9R5xnEfHZ3i4scsPMn,tron,USDT,issuer_freeze,,,2026-02-25
TY4yoWcUL5mHkMs4sB3t788pKMZT1fMPgk,tron,USDT,issuer_freeze,,,2025-07-12
TY5JKmy3Jnz7yNZh7g5N3waDfqunYA5j2o,tron,USDT,issuer_freeze,,,2025-07-12
TY5JURhj1XuKD2p1oPUBm2FgHJx9a16fRV,tron,USDT,issuer_freeze,,,2025-05-16
TY5TSzseGEGVD26jQcX8tezJLJq3knXeJ8,tron,USDT,issuer_freeze,,,2022-10-06
TY5XvMVRk85TweoNvwACoJqAptfM3w2AmJ,tron,USDT,issuer_freeze,,,2025-05-21
TY5cE9EePWTa2T8KXjbtXEw4iDDryr5FDk,tron,USDT,issuer_freeze,,,2026-05-13
TY5u9ib9jDTc5GRuS5KJPfF3TJrudgJ7H1,tron,USDT,issuer_freeze,,,2024-07-31
TY5xHWfXEZ7uxGj3rTmZXk6kzNKqNu6Pjj,tron,USDT,issuer_freeze,,,2025-08-08
TY69r8mQgnCxW8QRErCgoBCFHXLtMwYZhh,tron,USDT,issuer_freeze,,,2026-06-16
TY6RB7KdkaN7iMtyYp2eL9c1NhLtEXKHJo,tron,USDT,issuer_freeze,,,2026-04-22
TY6bykKwwZ6XszMjQZfvy8JZkALTT59fjX,tron,USDT,issuer_freeze,,,2026-05-30
TY6qU8GhnFyCNGHvteksP7wHPEtq8kVXKD,tron,USDT,issuer_freeze,,,2024-12-16
TY7FrVe1EgmPJUrfMwfLLZEG3mjoaTraLU,tron,USDT,issuer_freeze,,,2025-03-10
TY7Hp6pR9dxoZaVEWvtWoANaNkbD9WpW7g,tron,USDT,issuer_freeze,,,2024-12-03
TY7Y74bLNQrFkEwpaXRcCab8qwppKZgdw1,tron,USDT,issuer_freeze,,,2025-07-12
TY82R7ps9R5dVqDWGeoPYqyVv83Nrb3zDN,tron,USDT,issuer_freeze,,,2025-05-26
TY85TMpKPzLz7uGH45U6i2caMhdtdLtG1a,tron,USDT,issuer_freeze,,,2026-04-27
TY8RgjtNsjmdYG2H1uFK32UigwJHg7S8AJ,tron,USDT,issuer_freeze,,,2026-04-15
TY8RsJWFPrvz9xLgMYP8o2Mo3E8qFthGSA,tron,USDT,issuer_freeze,,,2026-08-25
TY8VUeWZGKj77JL92ajoDBmEN2qKyr4cL5,tron,USDT,issuer_freeze,,,2026-02-10
TY8nvVKhn2ExTbphJ49RW17ULMKu9hm17n,tron,USDT,issuer_freeze,,,2025-03-03
TY8xM2mR3vCvgLvhY8gWBYzJTNViNvmVAh,tron,USDT,issuer_freeze,,,2025-03-10
TY8yNUuUVqBJ9vZMvHvyHzs8yZxiUriaW5,tron,USDT,issuer_freeze,,,2025-08-08
TY9KR2qoJiRFDKtPxPsy6UR6bb4bmnoR66,tron,USDT,issuer_freeze,,,2025-07-15
TY9oiHLimQxHfxwL5b34wBFc15WEVJdWfQ,tron,USDT,issuer_freeze,,,2026-04-14
TYAy9bXUZ9Hf3VcBkdghfbuRScCcxRHkh1,tron,USDT,issuer_freeze,,,2022-01-10
TYBDNJWJq7kLfDjEYCtytj6JWKjC4YgGfe,tron,USDT,issuer_freeze,,,2026-04-29
TYBUha8wkrW6aEE1rTFUEt9pKvYyaWPjJE,tron,USDT,issuer_freeze,,,2026-08-25
TYBfLeycU8FyhC1DWUryBu9xTyZcNnaoVz,tron,USDT,issuer_freeze,,,2025-05-05
TYBsANdwmg2vfpXV7G7agKqeQ77hj5EUi8,tron,USDT,issuer_freeze,,,2025-11-08
TYBzYTTpv3RSBxFsLCz27uAcppqCuWwFsf,tron,USDT,issuer_freeze,,,2024-10-14
TYC1rzx9RN2GFywCt49c61NwrksP759QTY,tron,USDT,issuer_freeze,,,2025-07-12
TYC3DmjHgYaixvH4D9w21EDieoSk7e17CX,tron,USDT,issuer_freeze,,,2025-07-12
TYChvwSKsGa7u1McUE4hPBGpVvfNZU3w7N,tron,USDT,issuer_freeze,,,2026-05-12
TYCvC7cqiMEJ5fL3gc6M8bvND12jRyiT9T,tron,USDT,issuer_freeze,,,2025-07-12
TYCvbALrWwPq4idbwMiGo5ps2QgWLTESik,tron,USDT,issuer_freeze,,,2026-09-02
TYD2fZdxoSMXcLCJi6Qc47zJiyPu24a79q,tron,USDT,issuer_freeze,,,2026-09-12
TYDjW9xPm25JkkmjLg4RvppfyXgUBX3z8U,tron,USDT,issuer_freeze,,,2024-12-03
TYE46MBbo7CKSZx7WBMGhqpoXUavHRFgX8,tron,USDT,issuer_freeze,,,2026-06-25
TYEahjq3u5tUHQ4WP4Fi88FKqcjYh8dhrz,tron,USDT,issuer_freeze,,,2025-01-10
TYF37wRERxaeBAeTLH6XhPLyyphytxBtqZ,tron,USDT,issuer_freeze,,,2025-03-28
TYF4TbdMQ8bbtGgGjUxkMcc2U6witLQjo2,tron,USDT,issuer_freeze,,,2024-05-10
TYFpyVT6dzQCn8h2UfD5H622CQN8N68Cnt,tron,USDT,issuer_freeze,,,2025-07-07
TYFsUsjw3YM9Bq5UbXHZ73h53KG72s5SzM,tron,USDT,issuer_freeze,,,2023-12-27
TYG7CB3pEfQpgvF6yhYAVsgtTtJaDuGSHx,tron,USDT,issuer_freeze,,,2026-09-12
TYGVAgJcQ7dw9kMUGCkGGXRd1jrtnC6Fwt,tron,USDT,issuer_freeze,,,2025-05-08
TYGYAw15oDbZfioob2FnAito8bUFLHKQUk,tron,USDT,issuer_freeze,,,2026-04-20
TYGZzGjfbnRN5S6CLX5f1nzPNFaorGZ838,tron,USDT,issuer_freeze,,,2026-03-29
TYH2njBGCGqDbJgkdn4v24US5KUP4zfQ3t,tron,USDT,issuer_freeze,,,2024-07-24
TYH3nA4nbBL9NKb9sXnCsY44eFDpBQdRXR,tron,USDT,issuer_freeze,,,2025-12-17
TYHUvFrJaF25PzxMg2VgjbGRJDTumCW5yx,tron,USDT,issuer_freeze,,,2025-07-12
TYHbMJpJEeXuHuJAujYDzYht1EJf6gaf5R,tron,USDT,issuer_freeze,,,2025-07-12
TYHcEYsEKDNcDqpeFRejqtLuB7gxTu7kCk,tron,USDT,issuer_freeze,,,2026-06-01
TYHqCicp2sqDHBbnBaPHTZKSwWAXJ2z9Q2,tron,USDT,issuer_freeze,,,2026-09-03
TYJ6cUCbETyjufreo9hMPtXWZzAAWx3DYn,tron,USDT,issuer_freeze,,,2024-05-10
TYJDskDE3y4Syf8MgNNAaqWBmx1cZNRSJs,tron,USDT,issuer_freeze,,,2022-10-06
TYJGDAPFPKcSFUxBWmRVFzSG67nQCCdNFj,tron,USDT,issuer_freeze,,,2026-09-11
TYJe3ztk3wfULK5L2r2gqxEgQyXYziKGJD,tron,USDT,issuer_freeze,,,2025-07-03
TYJvq1reYd8iiU9Hy7phTQEVY1dzDMvx8D,tron,USDT,issuer_freeze,,,2025-06-21
TYKSUdgk4km7ibVmAA9v584iTK8Qn2N9fm,tron,USDT,issuer_freeze,,,2025-12-31
TYKrr8VKFGpgttPQmUj1NGkcCRGRwyVcAN,tron,USDT,issuer_freeze,,,2025-06-05
TYKtwN88Y7pSfnoU3rBPwtjMoBLapJ3o7a,tron,USDT,issuer_freeze,,,2026-08-24
TYKwFpPrgxrYb5xR7eLXucC4youXvkK17M,tron,USDT,issuer_freeze,,,2025-09-25
TYL1bGkw4vgj6WUynZ2JKccuQogSBo9tZU,tron,USDT,issuer_freeze,,,2024-09-21
TYLDwZsvs2Ae8c8dGZhjPU1yzXsfVK4fKg,tron,USDT,issuer_freeze,,,2024-08-16
TYLJJyUu7MY2FRAEx56XNZeLH82M1eLgvd,tron,USDT,issuer_freeze,,,2024-08-30
TYLjxss71brf47hSPSXRxvkUT4aGHYEdoM,tron,USDT,issuer_freeze,,,2025-08-15
TYLnADdq5hZMjqbfMC7gEukapF4kNRpFPM,tron,USDT,issuer_freeze,,,2025-04-04
TYLqgmnRQLQomzwJQY3EoB6nigCKRAUpAV,tron,USDT,issuer_freeze,,,2026-03-20
TYM1pAKu4zodEoWeRRvSjF6KGGrUSJ8QDp,tron,USDT,issuer_freeze,,,2022-10-06
TYM61sqCgM4m5Sm14kWKsJtnZ6MpoEndBr,tron,USDT,issuer_freeze,,,2023-12-20
TYMMGMp9ansxsQxdh4YQjadFbYR24Kns5H,tron,USDT,issuer_freeze,,,2025-07-12
TYMRqTi9UcasxHkJptf97uLgFaXmab1E5b,tron,USDT,issuer_freeze,,,2025-07-12
TYMrDyNwYZbnvh63JppQUdvH6FuofgKt7G,tron,USDT,issuer_freeze,,,2024-03-19
TYMtkQ1rdvu5XnHFsg5SWizsdr4zk8AgqS,tron,USDT,issuer_freeze,,,2024-09-10
TYNb1vGPL5ie5sZGJ5UMkBroE9PEQvng3U,tron,USDT,issuer_freeze,,,2026-05-01
TYNgcT3E47SsBYao3HwNWCMuxeDHH21qe2,tron,USDT,issuer_freeze,,,2025-03-20
TYNnR4uiqM7nYBko52k5iyus4QnwUqLTu1,tron,USDT,issuer_freeze,,,2025-03-10
TYP88NTcxco8iM24x5kBTR5LXGUjR7HLJw,tron,USDT,issuer_freeze,,,2026-02-10
TYPeLaM5aaZgepzV1iAGFGUzLj5e43thUJ,tron,USDT,issuer_freeze,,,2026-09-11
TYPfU4ryZyew5pog9pcETLSJrFHyqBxPH9,tron,USDT,issuer_freeze,,,2025-08-08
TYPzj9cmkFTrFqpfYHpBmJjkkP8bZo8w7v,tron,USDT,issuer_freeze,,,2024-08-21
TYQ18aukgZBjj7oW9FzLmGi7AR24c4pj3K,tron,USDT,issuer_freeze,,,2026-06-04
TYQJLzLW1c3echTZ2bg7Qi9HgavQqJZ2xA,tron,USDT,issuer_freeze,,,2026-04-19
TYQdsEeAVmonMjqXJpBWuzJE3oybgX4ihE,tron,USDT,issuer_freeze,,,2026-09-12
TYR4wmJx7rqZuKUvTUJBUdR7weDtPbKW1t,tron,USDT,issuer_freeze,,,2025-01-24
TYR8nubUX3cfyue93qgSdEQY7LrUN7gG8k,tron,USDT,issuer_freeze,,,2025-05-13
TYRLJf2XZLi9m3E6VA46n3PbGaXZXeHVdy,tron,USDT,issuer_freeze,,,2025-10-28
TYReRCEj45313fJkwuL3Sz8hDDvZtckFnU,tron,USDT,issuer_freeze,,,2025-03-10
TYSLqzrKB5dXDqMqiCEM9pchd5Fx3TwjVw,tron,USDT,issuer_freeze,,,2025-11-27
TYSNdgyajKDpBqLQtC98ihRNgd9m7bqEAF,tron,USDT,issuer_freeze,,,2022-10-06
TYSRxoYiUdj5VKYND9M5LYZpb72Nrdfyyu,tron,USDT,issuer_freeze,,,2025-04-10
TYSXZi3qhdHS7Y559TZHpPBtb8HVLB4rbH,tron,USDT,issuer_freeze,,,2026-08-08
TYSb1griKxxcL43j1f63owQtPxUQWNkbX4,tron,USDT,issuer_freeze,,,2025-04-04
TYSojqfieTXnww6W9onGnbpuQH693rWEGD,tron,USDT,issuer_freeze,,,2022-10-06
TYTA4LvCq7c24enJ9a1T8Qac8Ux8HXmTGi,tron,USDT,issuer_freeze,,,2025-05-19
TYTGCPXXdM4koK643vQFMpsRyrrjsXQmYC,tron,USDT,issuer_freeze,,,2025-06-05
TYTSZYKpEv2nG7mPrBUdCJmgqnoQdYXmaX,tron,USDT,issuer_freeze,,,2026-08-11
TYTUmksdz5bggzsMvB3Tc3K1eE6QCDxF1a,tron,USDT,issuer_freeze,,,2025-10-29
TYTXQ7wpJXEx1u9fDfFMKMvoUpLVZiX2pR,tron,USDT,issuer_freeze,,,2025-07-16
TYTdM4ArE4ykEAm7qHMEFD2xMbojoGUyjE,tron,USDT,issuer_freeze,,,2024-10-11
TYTjg6VdmnbQbZfaX2pb3qaXW1mUYc7J6L,tron,USDT,issuer_freeze,,,2025-03-04
TYTudWSe5BYbbu4pyaXrGGWHWCXVrNvu4p,tron,USDT,issuer_freeze,,,2024-11-08
TYU6VzBjCLYywyf6Nw2TbDuUwEP4JaNRGP,tron,USDT,issuer_freeze,,,2025-10-28
TYUGukuX22guJE5zYNRNsoAw9nNhD4tX95,tron,USDT,issuer_freeze,,,2025-02-15
TYUXQ3Puqi1p1QFZ6AcysHeZTVfTeGJeiU,tron,USDT,issuer_freeze,,,2026-08-26
TYUbKkGtUQEcCFkhHLBytP6gS7Jvtzaf4u,tron,USDT,issuer_freeze,,,2024-11-18
TYUv92BZfF3ecwBNvyPyzZ2JFBBhthSj5U,tron,USDT,issuer_freeze,,,2024-12-04
TYVYZnyu5KrZRpSUmq4jtQQf5zXw4MFBWL,tron,USDT,issuer_freeze,,,2025-07-12
TYVcC5Qykcx4f8YdNfxF4zeARyg34QzbiC,tron,USDT,issuer_freeze,,,2026-03-03
TYVnDPz2YePaFiMdnYfQP4mdCwZgTV15vv,tron,USDT,issuer_freeze,,,2026-02-23
TYVr64i2YfcUU1s61Fp1KytAy8wf3i12Pb,tron,USDT,issuer_freeze,,,2026-03-22
TYVtoaooSgjFjEc7ZD6ZLvisX13mzCYAH8,tron,USDT,issuer_freeze,,,2025-03-19
TYWUo5M1m6v6BbWztPQcFwh27FPa1cEabP,tron,USDT,issuer_freeze,,,2025-07-12
TYWXTS71CUvxuKZJqzwEDnPy81czymhTic,tron,USDT,issuer_freeze,,,2025-11-13
TYWz8ijtvwRkzAAYKu3j6JgiSxYiGdmvda,tron,USDT,issuer_freeze,,,2025-07-12
TYWzZS6QFx95h1HQMNz4JjVMTwa2wcF2Re,tron,USDT,issuer_freeze,,,2026-05-04
TYX81uWygiaLDPzftX3txDPGZq8MzGy6Ja,tron,USDT,issuer_freeze,,,2026-06-01
TYXBrLJXCNpp1ce8nzXLH1rPfyM68qgMVx,tron,USDT,issuer_freeze,,,2026-04-29
TYXTyRS53PHdPWuTqhwEMTKAAE189styL9,tron,USDT,issuer_freeze,,,2025-05-12
TYXV1QiTyodH3jVeyaUVSKMKnBZKTvM89U,tron,USDT,issuer_freeze,,,2025-02-10
TYXqL8SnbzfTVuFZLtZcbjurwkbbXj6ZCH,tron,USDT,issuer_freeze,,,2025-03-19
TYXzJDAG2Ea6nci7Zf97A5zpWfuPLnSajs,tron,USDT,issuer_freeze,,,2025-07-07
TYY7yLWpcnLTHUjH4PBo1izwKx7GovWHnC,tron,USDT,issuer_freeze,,,2026-04-27
TYYLmq73Xxpn4zYirkLmeokw1aBbNv4LG3,tron,USDT,issuer_freeze,,,2025-09-25
TYYZ2yJEthdGFtNgL4K3XSaX6NBTV8pETt,tron,USDT,issuer_freeze,,,2025-06-20
TYZF9Rfhcb9wD1vtKuJGfsNBSTrewyBDZu,tron,USDT,issuer_freeze,,,2023-10-10
TYZnmWaDEkLfAxaMXudZ2sJJsSSDa7bVVd,tron,USDT,issuer_freeze,,,2026-04-25
TYZqjWMPjucUsGeRNSQs2iFHdMfjAYueoj,tron,USDT,issuer_freeze,,,2026-07-23
TYZsjxGeXwBCqnPB1mXF8Dw74wF4L3rZzN,tron,USDT,issuer_freeze,,,2026-09-04
TYa7nV9H2o9XwQ7HnHJPhJ5CKw8gYd4LdU,tron,USDT,issuer_freeze,,,2026-02-10
TYaAPApVaXgwGKy6LoioRZzz4thcS3CVzM,tron,USDT,issuer_freeze,,,2025-06-25
TYaK1LptMb4xJLMRCi8mEQbvs4Yr468Ghd,tron,USDT,issuer_freeze,,,2025-07-08
TYaU7c8VyVhM5CejsysHVVHuueFbB574mr,tron,USDT,issuer_freeze,,,2025-07-24
TYaVpsMgqcSUFnQYxo1Yiki4dAgy9BaDTa,tron,USDT,issuer_freeze,,,2022-10-04
TYaW8PAboL17FihscjcrFR66zyxxi6CFas,tron,USDT,issuer_freeze,,,2024-10-03
TYazZW8pnoQHM68j2nKcc4MBrH35kALXP7,tron,USDT,issuer_freeze,,,2024-08-19
TYbVL2rZ7HwHoH7nqv54728F62M9XGgXhv,tron,USDT,issuer_freeze,,,2024-08-19
TYbcAzwVvZdisSeA4qTK73gjKtMhGw7oLc,tron,USDT,issuer_freeze,,,2026-03-03
TYbqetZyuuKPTHgYYqRHESVyS5SydNveoM,tron,USDT,issuer_freeze,,,2024-08-04
TYc2KaUBjQjMEbtVxyfijhksuPsBQ76JsT,tron,USDT,issuer_freeze,,,2026-06-16
TYcAh6Aqw77CGQpScnj8uHGn3NSie3wf4Q,tron,USDT,issuer_freeze,,,2026-05-05
TYcFH2TSdDP5y95UB9vMtcrTiVn78q4FKw,tron,USDT,issuer_freeze,,,2026-03-02
TYd9mPVa6tEJXwVzYCZEvd5CyAQeB1MpGR,tron,USDT,issuer_freeze,,,2026-05-14
TYdEVRkY4vjxJ7J33FtiW3PZCzMGJ9ce9u,tron,USDT,issuer_freeze,,,2026-06-08
TYdL3nsRBszGnNDxmhUH3aUrLzvRZAmwhf,tron,USDT,issuer_freeze,,,2025-07-12
TYdehEp58hRPwKxQWgAXMY4gq375uBEoqe,tron,USDT,issuer_freeze,,,2025-05-16
TYe1dSzLMWVT6pyt1fQ98YZ2HLnMsfL2aR,tron,USDT,issuer_freeze,,,2026-05-06
TYeEHnyG1BHRJsLPZC5BaRcP6A2fmXNCdy,tron,USDT,issuer_freeze,,,2026-05-16
TYeVczZB2MRWqxE6TpydFyF22fK4eLBGfs,tron,USDT,issuer_freeze,,,2026-03-11
TYeWBx8nkdCJRTsrtH57JYFddt5TXBZiVD,tron,USDT,issuer_freeze,,,2022-06-30
TYeZJyHaaDYaGUgHrnRRYxSvhpwdHoTD7o,tron,USDT,issuer_freeze,,,2025-02-22
TYeh3zke7iyEo5RqAMEFps63iDLV6SV848,tron,USDT,issuer_freeze,,,2024-08-04
TYemuBw6T9S5q5S8smLXXop5yQxn3TyRdj,tron,USDT,issuer_freeze,,,2025-07-12
TYf5FCyLYdpAmNPUMzezsmD25e8iewapZ1,tron,USDT,issuer_freeze,,,2025-07-12
TYf7vFyhU9jTt5pJ6f7114bE1BdJx2oZex,tron,USDT,issuer_freeze,,,2025-12-03
TYfnfzigwbofmYGXjcWtpMD1y4EyMzQAUF,tron,USDT,issuer_freeze,,,2025-08-08
TYfoz7pYDV6Eynp6fLoEmrKHioUpqBjCUY,tron,USDT,issuer_freeze,,,2026-05-12
TYft2BYY5DPMhtBLaVgQBRkKBRBx2fmt74,tron,USDT,issuer_freeze,,,2025-05-12
TYg8z8ayTzRFFzn3pgq9uoVBbkL3rSFb1B,tron,USDT,issuer_freeze,,,2026-08-11
TYgBjoQLSjz3P8ZhkAkQqgs5fAmkv75Zyi,tron,USDT,issuer_freeze,,,2024-06-20
TYgFGWGbfgsf4mqBWfGqPMdqiHGai5FBwQ,tron,USDT,issuer_freeze,,,2026-08-21
TYgPPCvxiZURofCn1J3X6w2CTStMkg1CZh,tron,USDT,issuer_freeze,,,2026-03-03
TYgd99MNpcActzzjxdQKe9nTm4PF5twpRs,tron,USDT,issuer_freeze,,,2025-07-12
TYgobBqypTfEhahjVr1v9F8CmvTaFkMwzA,tron,USDT,issuer_freeze,,,2026-03-14
TYgzp7NXxfY7n1JUzPSxauFJuLf6ezdePs,tron,USDT,issuer_freeze,,,2025-05-26
TYgzvERrsGXeyKVXEjzrTEwaSiw3SV8DyT,tron,USDT,issuer_freeze,,,2025-07-29
TYh45ifNFWXoyGmhash2XfEpwA4vQQMeRU,tron,USDT,issuer_freeze,,,2025-07-12
TYhDt3YdUvv5rrFe4KidhkKjGmin7jxTjs,tron,USDT,issuer_freeze,,,2025-04-04
TYhHTFexwSnqSsNUAMQSURFBhWtyCL51LE,tron,USDT,issuer_freeze,,,2026-06-18
TYhTE7KCGxcnq7cypMucAWMNi8Ey4mpcXb,tron,USDT,issuer_freeze,,,2025-07-23
TYiCs5gXEvVQWXn2TrBqRMaLxEEEoaTaYm,tron,USDT,issuer_freeze,,,2025-07-12
TYih1vbtk4pxNStTVGEc1YuPDpWLM5Uvf7,tron,USDT,issuer_freeze,,,2025-06-20
TYj2tK6gWiWyRK4dcPFg4UsJuqJPo7jJpQ,tron,USDT,issuer_freeze,,,2026-06-01
TYj5BTFURbtmz7bvcXZt2qpPKZRq2QyPXp,tron,USDT,issuer_freeze,,,2025-08-08
TYjCLPXju4hGsmjdNDzLcrmQc1tWnt8tfc,tron,USDT,issuer_freeze,,,2024-12-16
TYjGMPsDWtiQJBeftiCGP2WvLmLbR4JDpX,tron,USDT,issuer_freeze,,,2026-06-16
TYjSicKxUz61aBdmSHAEvG6xrcXbCbA22F,tron,USDT,issuer_freeze,,,2026-02-24
TYjWo3X1eFm8ufpb1jPQf8xv5bfriszGgq,tron,USDT,issuer_freeze,,,2025-03-22
TYk1vcvw2fsZA1BzLPD7NJ13ShEbRzVSSh,tron,USDT,issuer_freeze,,,2025-05-21
TYk5GXFNpoTLXgpxFSmxuPhJcs51MFVGUa,tron,USDT,issuer_freeze,,,2025-06-26
TYkFLdXv8wzBSP1WaLk3upKcnoBFyMy692,tron,USDT,issuer_freeze,,,2022-05-31
TYkXqxowzrzh8c9wubh64NRLJjcrUyDjGV,tron,USDT,issuer_freeze,,,2026-07-29
TYkeAdqHvprcKjpEyH3fZqoVQnVbQwNGdM,tron,USDT,issuer_freeze,,,2026-05-01
TYkeBA7uUXEb1sM5PujEep9m62Vtsbdvv3,tron,USDT,issuer_freeze,,,2021-12-10
TYkiofJmAZypBq9aPp5e9kXq5LKzYRHKnA,tron,USDT,issuer_freeze,,,2025-12-10
TYkj8Dfde7Uqyd7CfWsWASwwoirsmf7fWj,tron,USDT,issuer_freeze,,,2025-07-12
TYmMrykWzgPWL2opDT4zkGJ4D1vfNBFWCw,tron,USDT,issuer_freeze,,,2024-11-20
TYmf3cqN5TNFawrH6iyYo3ba1wLntEgB3y,tron,USDT,issuer_freeze,,,2026-03-19
TYmmJ3PWNbQt8yqRWYXJL7BqmSHhshWZVU,tron,USDT,issuer_freeze,,,2025-02-07
TYnXAFDDvD2WdcBDvbG5pmRLsiMjBZNEuk,tron,USDT,issuer_freeze,,,2026-09-03
TYnyBVvwTQ7rJE4jzc2Jjb15pgykCP8Tgp,tron,USDT,issuer_freeze,,,2024-05-16
TYoFwmgTZWVvBffebhcm2jva6vfgXpzwGw,tron,USDT,issuer_freeze,,,2022-10-06
TYoMZvTE5JeMtwv5j4hzfEBE8PpbHqx452,tron,USDT,issuer_freeze,,,2024-12-04
TYoR2qrMAZYEcJaAYEuVsMcWpuFuN4jArh,tron,USDT,issuer_freeze,,,2022-07-31
TYojt66uee96YPP1VWApmoAgaPaNJCefTu,tron,USDT,issuer_freeze,,,2024-10-07
TYosnbyyRYiok5aJp5AtdD5XzHh23FshBj,tron,USDT,issuer_freeze,,,2025-05-26
TYov7YzzSrdKp6SLqbkt3zXKUMsLjWBa5S,tron,USDT,issuer_freeze,,,2025-03-20
TYoy7CRtynf6QE6MiWD4iRf7zCjJNJkVDp,tron,USDT,issuer_freeze,,,2026-09-08
TYp2FSb2D1UJsLKJ5SgDHmEgugNADLsyFk,tron,USDT,issuer_freeze,,,2025-07-12
TYp5fuKYEokehVzz2mGxdGbrUR3XbD8weY,tron,USDT,issuer_freeze,,,2024-12-20
TYp7ZW4LLXhx3kdP2BAezbuTJmCKTo5x3F,tron,USDT,issuer_freeze,,,2025-07-12
TYp85KxYupy2aVxH7Mf7vopqRUtdnxf3k4,tron,USDT,issuer_freeze,,,2025-12-08
TYpBRqezJUoBSy3kHARudjc47GfvqpT9GQ,tron,USDT,issuer_freeze,,,2025-06-03
TYpByDdEu134b8wg4toDty2MQ2HvBJWWES,tron,USDT,issuer_freeze,,,2025-11-05
TYpapoCM2W3BYVPxnU5cqc8YpAFJNxQueN,tron,USDT,issuer_freeze,,,2025-07-18
TYpizJCKWHk3SxZtD1UsHwR41ZovcomLwn,tron,USDT,issuer_freeze,,,2026-02-21
TYpvaLPZPUNqJi6xt7LQa7cGdB8btmHmc6,tron,USDT,issuer_freeze,,,2026-02-10
TYqPi62Girofq2iGRAEKQwpmXDG6epd4A1,tron,USDT,issuer_freeze,,,2025-11-03
TYqrkY1va1YDwFj85fSQMo1WHwZf1GBXxc,tron,USDT,issuer_freeze,,,2024-12-09
TYrEQCVbmN75XQ95jJwM5AT24SECNGGTTb,tron,USDT,issuer_freeze,,,2026-08-07
TYrLkyw3JKgD56BuM1dEFKcy1ZRAvTxRyY,tron,USDT,issuer_freeze,,,2025-04-22
TYrW1SguYLfdyve2JnBiZcNg8kdhrYViRq,tron,USDT,issuer_freeze,,,2025-04-10
TYrcXD9ED7EyXBW9VvREHM5krzm7qynRtM,tron,USDT,issuer_freeze,,,2023-10-12
TYrtn5WRK7dfC6HLLqJrKQys3wqVBq4vj5,tron,USDT,issuer_freeze,,,2025-05-14
TYs4m8AmAKMxeUYYCbxuqUHBECLHPHFboo,tron,USDT,issuer_freeze,,,2025-11-18
TYs8GhdWhV1hMyx5VNSRuXMnbStjE2rYmr,tron,USDT,issuer_freeze,,,2026-02-27
TYsWPEGJwLZHqbRaPxXCvvNDxXynvkG7QX,tron,USDT,issuer_freeze,,,2025-05-30
TYsprF599Z3HQ3iVd2URP2n1cRCmMnuEWc,tron,USDT,issuer_freeze,,,2022-10-06
TYtJc85WjSN2rDz2F3b4SbPQBNWh9cd3NR,tron,USDT,issuer_freeze,,,2026-07-17
TYte639taWLuQJLbL86YzGuYzFj4TfsfLV,tron,USDT,issuer_freeze,,,2026-05-04
TYu1PTj2eVC4U2vryUqrqNhGoKSbbfJECJ,tron,USDT,issuer_freeze,,,2025-07-12
TYu9nMAjDcY1AHXadrJDvUVUfJ9mok42B3,tron,USDT,issuer_freeze,,,2025-10-30
TYuHA4pWz3tpDdf7SrbmCagBequ9YVGhch,tron,USDT,issuer_freeze,,,2025-05-26
TYuXYK4WYZAacmaQ1G6n7LoAsysMsw1zhT,tron,USDT,issuer_freeze,,,2025-05-26
TYuqg1zc1aMXxc3mE1YJquacdPxLWsK4ba,tron,USDT,issuer_freeze,,,2026-03-05
TYuxLxhmU78quXu2N884kSy7q83QMjBGrW,tron,USDT,issuer_freeze,,,2025-07-15
TYv7ALAYRU2LTv5uwx3BuUUNn6C4uiDA6C,tron,USDT,issuer_freeze,,,2026-02-16
TYvBowKp8sYjimorqHPTKcB3ajp4NYKnrn,tron,USDT,issuer_freeze,,,2025-04-04
TYvKjmbd1APzUeSPbsAm3Tsy7X1L7V25XH,tron,USDT,issuer_freeze,,,2026-06-27
TYvVdscwrKK3F3oRhNXAdujre1ocuKzh5t,tron,USDT,issuer_freeze,,,2024-05-17
TYxTr9kFoA1prUPAcEzehiu7VAYPEdgMZA,tron,USDT,issuer_freeze,,,2026-02-20
TYyDRMxbobufi67WkK4x7TygtohkvsnQDj,tron,USDT,issuer_freeze,,,2023-02-20
TYyJF6S7Q9znNUrzb8Bpp5CvjdGALyYSZo,tron,USDT,issuer_freeze,,,2024-07-23
TYyLs3UhPEV2AtCM5UW5uFzZASv3zmjn6R,tron,USDT,issuer_freeze,,,2025-10-23
TYydSMH6RNZnHLzoQE9B1mZyZTDuL8kPhP,tron,USDT,issuer_freeze,,,2025-07-12
TYzDebkjMofvfWR6v7Ay1rcH7r9JjYMxQV,tron,USDT,issuer_freeze,,,2025-10-16
TYzFQebkVFpL5qpDpV5acmzsh177QHSweQ,tron,USDT,issuer_freeze,,,2025-02-24
TYzdbbZhWWmge1xqPDDpHoiNcPAQcuAQN2,tron,USDT,issuer_freeze,,,2026-03-14
TYzkdUGj5tR9VNoz9UJPYef2EgNMnLMnhy,tron,USDT,issuer_freeze,,,2022-12-06
TYzsUrhRt5w8oP35WRWESMajKwxdBhfhAC,tron,USDT,issuer_freeze,,,2026-06-07
TYzyzDn97fZxeYjMV7J1a2wNAMeUjDZF3v,tron,USDT,issuer_freeze,,,2025-09-05
TZ18KNPsJ1euhzeMydUvmvjVj4s871Jdhx,tron,USDT,issuer_freeze,,,2025-05-26
TZ1StvGtha3h2ADnBmbBrVP7WvB72gafs5,tron,USDT,issuer_freeze,,,2026-06-16
TZ1fDXQP5rVzgr3Dg9RP1ijVMzDryWgccK,tron,USDT,issuer_freeze,,,2024-09-06
TZ29CSAtU4fHA5YHR9PSPxfCzEdZg8N1Zv,tron,USDT,issuer_freeze,,,2025-07-12
TZ2FXzp4Cwv8nZ4Fazw1DVRTHqhzQXnYND,tron,USDT,issuer_freeze,,,2026-06-01
TZ2NUXD4aRaiUn2LJ4KTiSdQa4Mq1QRw8h,tron,USDT,issuer_freeze,,,2026-05-16
TZ2gXJGbynR9bN1Dt8WMueSa53PGSewMEW,tron,USDT,issuer_freeze,,,2025-09-13
TZ2jRG8uYcpLn1Yy4Tn5bWSDB2m2bh1GD8,tron,USDT,issuer_freeze,,,2026-08-14
TZ2nVaNg5piakZSBPjDyGvUscj7fGzGsRJ,tron,USDT,issuer_freeze,,,2025-07-12
TZ37qvRuQAhZ3gkMoTDdmMRx6FYyTfDfHv,tron,USDT,issuer_freeze,,,2026-03-10
TZ3dEZg1C24e5bGPzfPvuGxtLBsNGc7ur9,tron,USDT,issuer_freeze,,,2025-08-08
TZ3kNsYaj8zGkB7jV189MbK8dgYQKF2bXj,tron,USDT,issuer_freeze,,,2025-07-12
TZ3kuNBSeSZ7eXmyfw3SHxYYMbSKNc4xwS,tron,USDT,issuer_freeze,,,2025-03-15
TZ452hjtXrcKCmyVqYd4K5qLPU5CvbjMTH,tron,USDT,issuer_freeze,,,2025-03-25
TZ4qSeMyJWdhb4VEgY8HYKUcQ2LR63kosd,tron,USDT,issuer_freeze,,,2025-07-12
TZ582xaZ8zrJZqeQuChyvGt8jXVM4aW8yv,tron,USDT,issuer_freeze,,,2025-08-18
TZ58FAaDftZP3Auzo84KVAjQBYzSg2TWYC,tron,USDT,issuer_freeze,,,2026-04-13
TZ5AwxrieGGBivxj2t2p5ttcgYAcSg9GXe,tron,USDT,issuer_freeze,,,2026-08-27
TZ5Twsx86TrixBY9WCE4hxFPBwPpV56DjP,tron,USDT,issuer_freeze,,,2025-03-21
TZ5qVv6rCnDKMqmHihyxSwL2bjCfGp2sSb,tron,USDT,issuer_freeze,,,2024-10-26
TZ5vGSUq39kzWxonrteLreyRhBqTYJk1dM,tron,USDT,issuer_freeze,,,2026-08-07
TZ66MwVWsHcUSqjURva5ZmSp1QkrDKteYg,tron,USDT,issuer_freeze,,,2025-10-01
TZ6893KeMN24zGfSPaiowwZsH9o5qpTas6,tron,USDT,issuer_freeze,,,2023-07-22
TZ6f7BABCxXxzFgbZt5QjESdXZRSBn4ynA,tron,USDT,issuer_freeze,,,2026-04-29
TZ6iLbu7og1rBna5qkPpkaqfizaGr9FDaR,tron,USDT,issuer_freeze,,,2026-07-30
TZ76N3QMMJoDC1KLVL3u7toNfohVaUf8k3,tron,USDT,issuer_freeze,,,2024-05-01
TZ79kAN8wUqeNXPUNX69SZbqC6iAh6m7N8,tron,USDT,issuer_freeze,,,2026-03-19
TZ7LmC6zBipRx6tDMavbzaF8piBpw89cNz,tron,USDT,issuer_freeze,,,2026-09-11
TZ7jV3FBVu7zcxsmrvDER6poMbwRunRi4p,tron,USDT,issuer_freeze,,,2025-12-10
TZ8DWAZhaHcAy8VTxFH5mVWiRt3NrrrZce,tron,USDT,issuer_freeze,,,2024-08-22
TZ8FumpBAe1CiwBGYHS24QQY21Yk5vtKSG,tron,USDT,issuer_freeze,,,2022-01-10
TZ8Rni5ixMx6SKVFY4Qz7QdZYnbtRuGCVR,tron,USDT,issuer_freeze,,,2024-04-09
TZ8ViDakjpBB8Sif5TV21V761M7sG3Ke4i,tron,USDT,issuer_freeze,,,2022-10-06
TZ99GP74PSoiy4dcUtc3x1wXT4LWWfc3co,tron,USDT,issuer_freeze,,,2025-12-04
TZ99ww7AyDuzg7aTFngWUpPdYQPkwdyZgC,tron,USDT,issuer_freeze,,,2026-04-29
TZ9MWHrexsGxa2VnkWg5fRAdXAtXepQNds,tron,USDT,issuer_freeze,,,2026-03-18
TZ9WuhkV5d5hFnCYkGaF7XbAuSExBVVCK4,tron,USDT,issuer_freeze,,,2025-07-12
TZ9ZSexQTiydf7T3fecmp7n498hBT9VPuZ,tron,USDT,issuer_freeze,,,2026-01-14
TZ9o7pRjuYtqmMTL4JpEhvWs3eYQgAAg6U,tron,USDT,issuer_freeze,,,2026-04-14
TZACYaKBQfwC5JdLh9xRBHisJ4teEQNywo,tron,USDT,issuer_freeze,,,2025-07-12
TZAGfRfXn5AXeaBoUzSt3fVaebvHTukv3g,tron,USDT,issuer_freeze,,,2025-08-18
TZAWiUgKqpg5Ga5BnF2G9jdonhz4jU87b9,tron,USDT,issuer_freeze,,,2025-07-12
TZAd2YnRmFQGtMg2Q5S4bJ4Rce6DdpDUs2,tron,USDT,issuer_freeze,,,2026-08-20
TZAiHSkq8FLpH28k7rAtwPMRPSm43SoCDV,tron,USDT,issuer_freeze,,,2026-05-02
TZAiHWJ7LncbjdprgJV1Y3oVqVARwX62Cw,tron,USDT,issuer_freeze,,,2024-08-30
TZAx8HPyJexs25XG15FK4VDnSFegCkSKLb,tron,USDT,issuer_freeze,,,2026-06-08
TZBSmyQZgotcobHsgRDiwkm94bmiRkFUuD,tron,USDT,issuer_freeze,,,2026-02-26
TZBSxqxgdcezRApVY3SWLR1sjRTYs2RJU9,tron,USDT,issuer_freeze,,,2022-10-06
TZBbhazJQKHZT43ke4eNNfVjYNfEvP96fu,tron,USDT,issuer_freeze,,,2024-11-20
TZBgUwt1MmSSHHKPSx9pnRVfAGi28RdohY,tron,USDT,issuer_freeze,,,2026-09-01
TZBp8kDea7PALG7zktzbfu8oQmwrHRhmPs,tron,USDT,issuer_freeze,,,2025-07-24
TZC2km3hB6LNU4LN3jNwf6hmgv3UP5F8tP,tron,USDT,issuer_freeze,,,2026-06-22
TZCNPjbPtuc2ipDDKV5tUjgSyX841e4bMY,tron,USDT,issuer_freeze,,,2025-11-23
TZCXpxt7YWavF8SkcmzNiQzafn9FdCuuS7,tron,USDT,issuer_freeze,,,2026-07-16
TZCjiZE6v7oqCoNgZVe7qnp4xBm5HybQw2,tron,USDT,issuer_freeze,,,2025-12-13
TZCkBBWfizM8KHxESeSgvFCHez26ViAGbG,tron,USDT,issuer_freeze,,,2025-07-12
TZDCXAR61c9nfs7W9jfZFruETwZFcFDg46,tron,USDT,issuer_freeze,,,2025-07-12
TZDgWhKUJRfemwbr8BcbMPimugXxTsrFgs,tron,USDT,issuer_freeze,,,2026-07-09
TZDsTpPo8oLo8eSesisicQbUHBjBRdQzRT,tron,USDT,issuer_freeze,,,2026-04-29
TZDu7V9jRhveRd1FLmu4yojD5qEUNZnHfN,tron,USDT,issuer_freeze,,,2025-05-16
TZEBfRJEstMj6sxrC3D5TcNLwdRHmKspMX,tron,USDT,issuer_freeze,,,2026-08-15
TZEG1CEDUqSfiL6e8wRJ6JAgGkPQfG95h7,tron,USDT,issuer_freeze,,,2025-07-12
TZEykKArqxMZkoHdvgPf2CpXYf5begBmDf,tron,USDT,issuer_freeze,,,2025-05-23
TZF97shmMJiAP5YfKkEyvPCKXwto7bWcGY,tron,USDT,issuer_freeze,,,2026-09-12
TZF9jMWJ9cXyhpysdZ7uLgHd4n3EnQrgi5,tron,USDT,issuer_freeze,,,2024-12-04
TZFCBhMjYWtRhtLBuKqrUcFvBrs3sCb6o6,tron,USDT,issuer_freeze,,,2026-04-30
TZFCd37mdd28pxkpbwk5sXExWqGPERBD2i,tron,USDT,issuer_freeze,,,2025-03-11
TZFMSbYPEdKtVnXLA95hdiR3faRKK4GF79,tron,USDT,issuer_freeze,,,2022-08-02
TZFaCNeX4tYmT1GfCpe3giFxH4KvM5Kz8m,tron,USDT,issuer_freeze,,,2026-09-11
TZFkTsc5mSeGetZXX9md5caLEQACyLrpVR,tron,USDT,issuer_freeze,,,2024-10-10
TZGAQFKttXw6bBPPFmzk7tjK1yC9p1bXHr,tron,USDT,issuer_freeze,,,2025-07-12
TZGVMEzvYfMvdy7GMEsbSdFYh4XGRj9Bdk,tron,USDT,issuer_freeze,,,2024-08-15
TZGX6iNoE8Zg34DfWfdzBRAuDzVvaVUE2N,tron,USDT,issuer_freeze,,,2025-08-14
TZGgQ1e4tFLQ1RnoyreXXUVkT7UKYtg7DC,tron,USDT,issuer_freeze,,,2025-01-23
TZGjNsUPZEpRynihyETkHENUXHGGnxyUh3,tron,USDT,issuer_freeze,,,2025-10-28
TZGrrrJ8SZrMNvAf53wDTy54uaVz8f1Zm5,tron,USDT,issuer_freeze,,,2025-06-03
TZGzZWJCsemVrmYkX5viSrYhZQhpXK7TE7,tron,USDT,issuer_freeze,,,2025-08-08
TZHWNTkbyh7rhpSsM7EL73TAKiy2fT2tDg,tron,USDT,issuer_freeze,,,2025-07-12
TZJFYweVqLYzAWGQfUVRRsVgrBXirxNdEa,tron,USDT,issuer_freeze,,,2025-07-12
TZJGKftQYVXv5sTz2N7L3zxch5S3zAnN3i,tron,USDT,issuer_freeze,,,2026-08-31
TZJK6dxfUhvjnPPBsorRAoimM9x3d1Wwmh,tron,USDT,issuer_freeze,,,2024-12-05
TZJLnCSngucdDo94ZJSN7Sk6ek2fPBbMDM,tron,USDT,issuer_freeze,,,2026-05-11
TZJhUMW5C6nByKCU1S949YZM6dRHx5UHpf,tron,USDT,issuer_freeze,,,2025-07-12
